{
"type": "FeatureCollection",
"name": "1E Block to Parking",
"crs": { "type": "name", "properties": { "name": "urn:ogc:def:crs:OGC:1.3:CRS84" } },
"features": [
{ "type": "Feature", "properties": { "ID": 0, "Time_Sec": 0, "Dist_meter": 0, "Latitude": 8.371882, "Longitude": 76.997381, "Label": "1E Block to Parking", "New_ID": "R5_506", "Direction": "R to L" }, "geometry": { "type": "Point", "coordinates": [ 76.997380996832931, 8.371882281783636 ] } },
{ "type": "Feature", "properties": { "ID": 1, "Time_Sec": 1, "Dist_meter": 6, "Latitude": 8.371924, "Longitude": 76.997347, "Label": "1E Block to Parking", "New_ID": "R5_1", "Direction": "R to L" }, "geometry": { "type": "Point", "coordinates": [ 76.997346648257036, 8.371924375254677 ] } },
{ "type": "Feature", "properties": { "ID": 2, "Time_Sec": 2, "Dist_meter": 12, "Latitude": 8.371966, "Longitude": 76.997312, "Label": "1E Block to Parking", "New_ID": "R5_2", "Direction": "R to L" }, "geometry": { "type": "Point", "coordinates": [ 76.997312299674121, 8.371966468724377 ] } },
{ "type": "Feature", "properties": { "ID": 3, "Time_Sec": 3, "Dist_meter": 18, "Latitude": 8.372009, "Longitude": 76.997278, "Label": "1E Block to Parking", "New_ID": "R5_3", "Direction": "R to L" }, "geometry": { "type": "Point", "coordinates": [ 76.997277951084172, 8.372008562192738 ] } },
{ "type": "Feature", "properties": { "ID": 4, "Time_Sec": 4, "Dist_meter": 24, "Latitude": 8.372051, "Longitude": 76.997244, "Label": "1E Block to Parking", "New_ID": "R5_4", "Direction": "R to L" }, "geometry": { "type": "Point", "coordinates": [ 76.997243602487188, 8.372050655659759 ] } },
{ "type": "Feature", "properties": { "ID": 5, "Time_Sec": 5, "Dist_meter": 30, "Latitude": 8.372093, "Longitude": 76.997209, "Label": "1E Block to Parking", "New_ID": "R5_5", "Direction": "R to L" }, "geometry": { "type": "Point", "coordinates": [ 76.997209253883199, 8.372092749125439 ] } },
{ "type": "Feature", "properties": { "ID": 6, "Time_Sec": 6, "Dist_meter": 36, "Latitude": 8.372135, "Longitude": 76.997175, "Label": "1E Block to Parking", "New_ID": "R5_6", "Direction": "R to L" }, "geometry": { "type": "Point", "coordinates": [ 76.997174905272175, 8.372134842589784 ] } },
{ "type": "Feature", "properties": { "ID": 7, "Time_Sec": 7, "Dist_meter": 42, "Latitude": 8.372177, "Longitude": 76.997141, "Label": "1E Block to Parking", "New_ID": "R5_7", "Direction": "R to L" }, "geometry": { "type": "Point", "coordinates": [ 76.997140556654131, 8.372176936052785 ] } },
{ "type": "Feature", "properties": { "ID": 8, "Time_Sec": 8, "Dist_meter": 48, "Latitude": 8.372219, "Longitude": 76.997106, "Label": "1E Block to Parking", "New_ID": "R5_8", "Direction": "R to L" }, "geometry": { "type": "Point", "coordinates": [ 76.997106208029066, 8.372219029514449 ] } },
{ "type": "Feature", "properties": { "ID": 9, "Time_Sec": 9, "Dist_meter": 54, "Latitude": 8.372261, "Longitude": 76.997072, "Label": "1E Block to Parking", "New_ID": "R5_9", "Direction": "R to L" }, "geometry": { "type": "Point", "coordinates": [ 76.997071859396968, 8.372261122974775 ] } },
{ "type": "Feature", "properties": { "ID": 10, "Time_Sec": 10, "Dist_meter": 60, "Latitude": 8.372303, "Longitude": 76.997038, "Label": "1E Block to Parking", "New_ID": "R5_10", "Direction": "R to L" }, "geometry": { "type": "Point", "coordinates": [ 76.997037510757849, 8.372303216433757 ] } },
{ "type": "Feature", "properties": { "ID": 11, "Time_Sec": 11, "Dist_meter": 66, "Latitude": 8.372345, "Longitude": 76.997003, "Label": "1E Block to Parking", "New_ID": "R5_11", "Direction": "R to L" }, "geometry": { "type": "Point", "coordinates": [ 76.997003162111696, 8.372345309891406 ] } },
{ "type": "Feature", "properties": { "ID": 12, "Time_Sec": 12, "Dist_meter": 72, "Latitude": 8.372387, "Longitude": 76.996969, "Label": "1E Block to Parking", "New_ID": "R5_12", "Direction": "R to L" }, "geometry": { "type": "Point", "coordinates": [ 76.996968813458537, 8.372387403347707 ] } },
{ "type": "Feature", "properties": { "ID": 13, "Time_Sec": 13, "Dist_meter": 78, "Latitude": 8.372429, "Longitude": 76.996934, "Label": "1E Block to Parking", "New_ID": "R5_13", "Direction": "R to L" }, "geometry": { "type": "Point", "coordinates": [ 76.996934464798358, 8.372429496802674 ] } },
{ "type": "Feature", "properties": { "ID": 14, "Time_Sec": 14, "Dist_meter": 84, "Latitude": 8.372472, "Longitude": 76.9969, "Label": "1E Block to Parking", "New_ID": "R5_14", "Direction": "R to L" }, "geometry": { "type": "Point", "coordinates": [ 76.99690011613113, 8.3724715902563 ] } },
{ "type": "Feature", "properties": { "ID": 15, "Time_Sec": 15, "Dist_meter": 90, "Latitude": 8.372514, "Longitude": 76.996866, "Label": "1E Block to Parking", "New_ID": "R5_15", "Direction": "R to L" }, "geometry": { "type": "Point", "coordinates": [ 76.996865767456896, 8.372513683708585 ] } },
{ "type": "Feature", "properties": { "ID": 16, "Time_Sec": 16, "Dist_meter": 96, "Latitude": 8.372556, "Longitude": 76.996831, "Label": "1E Block to Parking", "New_ID": "R5_16", "Direction": "R to L" }, "geometry": { "type": "Point", "coordinates": [ 76.996831418775628, 8.372555777159532 ] } },
{ "type": "Feature", "properties": { "ID": 17, "Time_Sec": 17, "Dist_meter": 102, "Latitude": 8.372598, "Longitude": 76.996797, "Label": "1E Block to Parking", "New_ID": "R5_17", "Direction": "R to L" }, "geometry": { "type": "Point", "coordinates": [ 76.996797070087339, 8.372597870609138 ] } },
{ "type": "Feature", "properties": { "ID": 18, "Time_Sec": 18, "Dist_meter": 108, "Latitude": 8.37264, "Longitude": 76.996763, "Label": "1E Block to Parking", "New_ID": "R5_18", "Direction": "R to L" }, "geometry": { "type": "Point", "coordinates": [ 76.996762721392031, 8.372639964057402 ] } },
{ "type": "Feature", "properties": { "ID": 19, "Time_Sec": 19, "Dist_meter": 114, "Latitude": 8.372682, "Longitude": 76.996728, "Label": "1E Block to Parking", "New_ID": "R5_19", "Direction": "R to L" }, "geometry": { "type": "Point", "coordinates": [ 76.996728372689688, 8.372682057504329 ] } },
{ "type": "Feature", "properties": { "ID": 20, "Time_Sec": 20, "Dist_meter": 120, "Latitude": 8.372724, "Longitude": 76.996694, "Label": "1E Block to Parking", "New_ID": "R5_20", "Direction": "R to L" }, "geometry": { "type": "Point", "coordinates": [ 76.996694023980325, 8.372724150949916 ] } },
{ "type": "Feature", "properties": { "ID": 21, "Time_Sec": 21, "Dist_meter": 126, "Latitude": 8.372766, "Longitude": 76.99666, "Label": "1E Block to Parking", "New_ID": "R5_21", "Direction": "R to L" }, "geometry": { "type": "Point", "coordinates": [ 76.996659675263928, 8.37276624439416 ] } },
{ "type": "Feature", "properties": { "ID": 22, "Time_Sec": 22, "Dist_meter": 132, "Latitude": 8.372808, "Longitude": 76.996625, "Label": "1E Block to Parking", "New_ID": "R5_22", "Direction": "R to L" }, "geometry": { "type": "Point", "coordinates": [ 76.996625326540538, 8.372808337837066 ] } },
{ "type": "Feature", "properties": { "ID": 23, "Time_Sec": 23, "Dist_meter": 138, "Latitude": 8.37285, "Longitude": 76.996591, "Label": "1E Block to Parking", "New_ID": "R5_23", "Direction": "R to L" }, "geometry": { "type": "Point", "coordinates": [ 76.996590977810101, 8.37285043127863 ] } },
{ "type": "Feature", "properties": { "ID": 24, "Time_Sec": 24, "Dist_meter": 144, "Latitude": 8.372893, "Longitude": 76.996557, "Label": "1E Block to Parking", "New_ID": "R5_24", "Direction": "R to L" }, "geometry": { "type": "Point", "coordinates": [ 76.996556629072629, 8.372892524718857 ] } },
{ "type": "Feature", "properties": { "ID": 25, "Time_Sec": 25, "Dist_meter": 150, "Latitude": 8.372935, "Longitude": 76.996522, "Label": "1E Block to Parking", "New_ID": "R5_25", "Direction": "R to L" }, "geometry": { "type": "Point", "coordinates": [ 76.996522280328136, 8.372934618157741 ] } },
{ "type": "Feature", "properties": { "ID": 26, "Time_Sec": 26, "Dist_meter": 156, "Latitude": 8.372977, "Longitude": 76.996488, "Label": "1E Block to Parking", "New_ID": "R5_26", "Direction": "R to L" }, "geometry": { "type": "Point", "coordinates": [ 76.996487931576624, 8.372976711595285 ] } },
{ "type": "Feature", "properties": { "ID": 27, "Time_Sec": 27, "Dist_meter": 162, "Latitude": 8.373019, "Longitude": 76.996454, "Label": "1E Block to Parking", "New_ID": "R5_27", "Direction": "R to L" }, "geometry": { "type": "Point", "coordinates": [ 76.996453582818091, 8.373018805031489 ] } },
{ "type": "Feature", "properties": { "ID": 28, "Time_Sec": 28, "Dist_meter": 168, "Latitude": 8.373061, "Longitude": 76.996419, "Label": "1E Block to Parking", "New_ID": "R5_28", "Direction": "R to L" }, "geometry": { "type": "Point", "coordinates": [ 76.996419234052539, 8.373060898466354 ] } },
{ "type": "Feature", "properties": { "ID": 29, "Time_Sec": 29, "Dist_meter": 174, "Latitude": 8.373103, "Longitude": 76.996385, "Label": "1E Block to Parking", "New_ID": "R5_29", "Direction": "R to L" }, "geometry": { "type": "Point", "coordinates": [ 76.996384885279952, 8.373102991899877 ] } },
{ "type": "Feature", "properties": { "ID": 30, "Time_Sec": 30, "Dist_meter": 180, "Latitude": 8.373145, "Longitude": 76.996351, "Label": "1E Block to Parking", "New_ID": "R5_30", "Direction": "R to L" }, "geometry": { "type": "Point", "coordinates": [ 76.99635053650033, 8.373145085332059 ] } },
{ "type": "Feature", "properties": { "ID": 31, "Time_Sec": 31, "Dist_meter": 186, "Latitude": 8.373187, "Longitude": 76.996316, "Label": "1E Block to Parking", "New_ID": "R5_31", "Direction": "R to L" }, "geometry": { "type": "Point", "coordinates": [ 76.996316187713703, 8.373187178762901 ] } },
{ "type": "Feature", "properties": { "ID": 32, "Time_Sec": 32, "Dist_meter": 192, "Latitude": 8.373229, "Longitude": 76.996282, "Label": "1E Block to Parking", "New_ID": "R5_32", "Direction": "R to L" }, "geometry": { "type": "Point", "coordinates": [ 76.996281838920027, 8.373229272192402 ] } },
{ "type": "Feature", "properties": { "ID": 33, "Time_Sec": 33, "Dist_meter": 198, "Latitude": 8.373271, "Longitude": 76.996247, "Label": "1E Block to Parking", "New_ID": "R5_33", "Direction": "R to L" }, "geometry": { "type": "Point", "coordinates": [ 76.996247490119345, 8.373271365620562 ] } },
{ "type": "Feature", "properties": { "ID": 34, "Time_Sec": 34, "Dist_meter": 204, "Latitude": 8.373313, "Longitude": 76.996213, "Label": "1E Block to Parking", "New_ID": "R5_34", "Direction": "R to L" }, "geometry": { "type": "Point", "coordinates": [ 76.996213141311628, 8.373313459047383 ] } },
{ "type": "Feature", "properties": { "ID": 35, "Time_Sec": 35, "Dist_meter": 210, "Latitude": 8.373356, "Longitude": 76.996179, "Label": "1E Block to Parking", "New_ID": "R5_35", "Direction": "R to L" }, "geometry": { "type": "Point", "coordinates": [ 76.996178792496892, 8.373355552472862 ] } },
{ "type": "Feature", "properties": { "ID": 36, "Time_Sec": 36, "Dist_meter": 216, "Latitude": 8.373398, "Longitude": 76.996144, "Label": "1E Block to Parking", "New_ID": "R5_36", "Direction": "R to L" }, "geometry": { "type": "Point", "coordinates": [ 76.996144443675121, 8.373397645897002 ] } },
{ "type": "Feature", "properties": { "ID": 37, "Time_Sec": 37, "Dist_meter": 222, "Latitude": 8.37344, "Longitude": 76.99611, "Label": "1E Block to Parking", "New_ID": "R5_37", "Direction": "R to L" }, "geometry": { "type": "Point", "coordinates": [ 76.996110094846344, 8.373439739319799 ] } },
{ "type": "Feature", "properties": { "ID": 38, "Time_Sec": 38, "Dist_meter": 228, "Latitude": 8.373482, "Longitude": 76.996076, "Label": "1E Block to Parking", "New_ID": "R5_38", "Direction": "R to L" }, "geometry": { "type": "Point", "coordinates": [ 76.996075746010533, 8.373481832741254 ] } },
{ "type": "Feature", "properties": { "ID": 39, "Time_Sec": 39, "Dist_meter": 234, "Latitude": 8.373524, "Longitude": 76.996041, "Label": "1E Block to Parking", "New_ID": "R5_39", "Direction": "R to L" }, "geometry": { "type": "Point", "coordinates": [ 76.996041397167687, 8.373523926161372 ] } },
{ "type": "Feature", "properties": { "ID": 40, "Time_Sec": 40, "Dist_meter": 240, "Latitude": 8.373566, "Longitude": 76.996007, "Label": "1E Block to Parking", "New_ID": "R5_40", "Direction": "R to L" }, "geometry": { "type": "Point", "coordinates": [ 76.996007048317821, 8.373566019580144 ] } },
{ "type": "Feature", "properties": { "ID": 41, "Time_Sec": 41, "Dist_meter": 246, "Latitude": 8.373608, "Longitude": 76.995973, "Label": "1E Block to Parking", "New_ID": "R5_41", "Direction": "R to L" }, "geometry": { "type": "Point", "coordinates": [ 76.995972699460921, 8.37360811299758 ] } },
{ "type": "Feature", "properties": { "ID": 42, "Time_Sec": 42, "Dist_meter": 252, "Latitude": 8.37365, "Longitude": 76.995938, "Label": "1E Block to Parking", "New_ID": "R5_42", "Direction": "R to L" }, "geometry": { "type": "Point", "coordinates": [ 76.995938350597015, 8.373650206413672 ] } },
{ "type": "Feature", "properties": { "ID": 43, "Time_Sec": 43, "Dist_meter": 258, "Latitude": 8.373692, "Longitude": 76.995904, "Label": "1E Block to Parking", "New_ID": "R5_43", "Direction": "R to L" }, "geometry": { "type": "Point", "coordinates": [ 76.995904001726061, 8.373692299828425 ] } },
{ "type": "Feature", "properties": { "ID": 44, "Time_Sec": 44, "Dist_meter": 264, "Latitude": 8.373734, "Longitude": 76.99587, "Label": "1E Block to Parking", "New_ID": "R5_44", "Direction": "R to L" }, "geometry": { "type": "Point", "coordinates": [ 76.9958696528481, 8.373734393241834 ] } },
{ "type": "Feature", "properties": { "ID": 45, "Time_Sec": 45, "Dist_meter": 270, "Latitude": 8.373776, "Longitude": 76.995835, "Label": "1E Block to Parking", "New_ID": "R5_45", "Direction": "R to L" }, "geometry": { "type": "Point", "coordinates": [ 76.995835303963105, 8.373776486653902 ] } },
{ "type": "Feature", "properties": { "ID": 46, "Time_Sec": 46, "Dist_meter": 276, "Latitude": 8.373819, "Longitude": 76.995801, "Label": "1E Block to Parking", "New_ID": "R5_46", "Direction": "R to L" }, "geometry": { "type": "Point", "coordinates": [ 76.99580095507109, 8.373818580064629 ] } },
{ "type": "Feature", "properties": { "ID": 47, "Time_Sec": 47, "Dist_meter": 282, "Latitude": 8.373861, "Longitude": 76.995767, "Label": "1E Block to Parking", "New_ID": "R5_47", "Direction": "R to L" }, "geometry": { "type": "Point", "coordinates": [ 76.99576660617204, 8.373860673474017 ] } },
{ "type": "Feature", "properties": { "ID": 48, "Time_Sec": 48, "Dist_meter": 288, "Latitude": 8.373903, "Longitude": 76.995732, "Label": "1E Block to Parking", "New_ID": "R5_48", "Direction": "R to L" }, "geometry": { "type": "Point", "coordinates": [ 76.995732257265971, 8.373902766882063 ] } },
{ "type": "Feature", "properties": { "ID": 49, "Time_Sec": 49, "Dist_meter": 294, "Latitude": 8.373945, "Longitude": 76.995698, "Label": "1E Block to Parking", "New_ID": "R5_49", "Direction": "R to L" }, "geometry": { "type": "Point", "coordinates": [ 76.995697908352867, 8.373944860288766 ] } },
{ "type": "Feature", "properties": { "ID": 50, "Time_Sec": 50, "Dist_meter": 300, "Latitude": 8.373982, "Longitude": 76.995713, "Label": "1E Block to Parking", "New_ID": "R5_50", "Direction": "D to U" }, "geometry": { "type": "Point", "coordinates": [ 76.995713292917145, 8.373982173047732 ] } },
{ "type": "Feature", "properties": { "ID": 51, "Time_Sec": 51, "Dist_meter": 306, "Latitude": 8.374017, "Longitude": 76.995755, "Label": "1E Block to Parking", "New_ID": "R5_51", "Direction": "D to U" }, "geometry": { "type": "Point", "coordinates": [ 76.99575509220054, 8.374016946678822 ] } },
{ "type": "Feature", "properties": { "ID": 52, "Time_Sec": 52, "Dist_meter": 312, "Latitude": 8.374052, "Longitude": 76.995797, "Label": "1E Block to Parking", "New_ID": "R5_52", "Direction": "D to U" }, "geometry": { "type": "Point", "coordinates": [ 76.99579689149104, 8.374051720303683 ] } },
{ "type": "Feature", "properties": { "ID": 53, "Time_Sec": 53, "Dist_meter": 318, "Latitude": 8.374086, "Longitude": 76.995839, "Label": "1E Block to Parking", "New_ID": "R5_53", "Direction": "D to U" }, "geometry": { "type": "Point", "coordinates": [ 76.995838690788659, 8.374086493922317 ] } },
{ "type": "Feature", "properties": { "ID": 54, "Time_Sec": 54, "Dist_meter": 324, "Latitude": 8.374121, "Longitude": 76.99588, "Label": "1E Block to Parking", "New_ID": "R5_54", "Direction": "D to U" }, "geometry": { "type": "Point", "coordinates": [ 76.995880490093384, 8.374121267534724 ] } },
{ "type": "Feature", "properties": { "ID": 55, "Time_Sec": 55, "Dist_meter": 330, "Latitude": 8.374156, "Longitude": 76.995922, "Label": "1E Block to Parking", "New_ID": "R5_55", "Direction": "D to U" }, "geometry": { "type": "Point", "coordinates": [ 76.995922289405229, 8.374156041140902 ] } },
{ "type": "Feature", "properties": { "ID": 56, "Time_Sec": 56, "Dist_meter": 336, "Latitude": 8.374191, "Longitude": 76.995964, "Label": "1E Block to Parking", "New_ID": "R5_56", "Direction": "D to U" }, "geometry": { "type": "Point", "coordinates": [ 76.995964088724193, 8.374190814740853 ] } },
{ "type": "Feature", "properties": { "ID": 57, "Time_Sec": 57, "Dist_meter": 342, "Latitude": 8.374226, "Longitude": 76.996006, "Label": "1E Block to Parking", "New_ID": "R5_57", "Direction": "D to U" }, "geometry": { "type": "Point", "coordinates": [ 76.996005888050263, 8.374225588334577 ] } },
{ "type": "Feature", "properties": { "ID": 58, "Time_Sec": 58, "Dist_meter": 348, "Latitude": 8.37426, "Longitude": 76.996048, "Label": "1E Block to Parking", "New_ID": "R5_58", "Direction": "D to U" }, "geometry": { "type": "Point", "coordinates": [ 76.996047687383452, 8.374260361922074 ] } },
{ "type": "Feature", "properties": { "ID": 59, "Time_Sec": 59, "Dist_meter": 354, "Latitude": 8.374295, "Longitude": 76.996089, "Label": "1E Block to Parking", "New_ID": "R5_59", "Direction": "D to U" }, "geometry": { "type": "Point", "coordinates": [ 76.996089486723747, 8.374295135503344 ] } },
{ "type": "Feature", "properties": { "ID": 60, "Time_Sec": 60, "Dist_meter": 360, "Latitude": 8.37433, "Longitude": 76.996131, "Label": "1E Block to Parking", "New_ID": "R5_60", "Direction": "D to U" }, "geometry": { "type": "Point", "coordinates": [ 76.996131286071147, 8.374329909078385 ] } },
{ "type": "Feature", "properties": { "ID": 61, "Time_Sec": 61, "Dist_meter": 366, "Latitude": 8.374365, "Longitude": 76.996173, "Label": "1E Block to Parking", "New_ID": "R5_61", "Direction": "D to U" }, "geometry": { "type": "Point", "coordinates": [ 76.996173085425667, 8.374364682647199 ] } },
{ "type": "Feature", "properties": { "ID": 62, "Time_Sec": 62, "Dist_meter": 372, "Latitude": 8.374391, "Longitude": 76.996214, "Label": "1E Block to Parking", "New_ID": "R5_62", "Direction": "L to R" }, "geometry": { "type": "Point", "coordinates": [ 76.996214092031749, 8.37439129101773 ] } },
{ "type": "Feature", "properties": { "ID": 63, "Time_Sec": 63, "Dist_meter": 378, "Latitude": 8.374349, "Longitude": 76.996248, "Label": "1E Block to Parking", "New_ID": "R5_63", "Direction": "L to R" }, "geometry": { "type": "Point", "coordinates": [ 76.996248337679148, 8.374349114450089 ] } },
{ "type": "Feature", "properties": { "ID": 64, "Time_Sec": 64, "Dist_meter": 384, "Latitude": 8.374311, "Longitude": 76.996279, "Label": "1E Block to Parking", "New_ID": "R5_64", "Direction": "L to R" }, "geometry": { "type": "Point", "coordinates": [ 76.996279458893611, 8.374310561056223 ] } }
]
}
