{
"type": "FeatureCollection",
"name": "Parking to STS01 – Lane 1",
"crs": { "type": "name", "properties": { "name": "urn:ogc:def:crs:OGC:1.3:CRS84" } },
"features": [
{ "type": "Feature", "properties": { "ID": 65, "Time_Sec": 0, "Dist_meter": 0, "Latitude": 8.374311, "Longitude": 76.996279, "Label": "Parking to STS01 – Lane 1", "New_ID": "R1_65", "Direction": "R to L" }, "geometry": { "type": "Point", "coordinates": [ 76.996279458893611, 8.374310561056223 ] } },
{ "type": "Feature", "properties": { "ID": 66, "Time_Sec": 1, "Dist_meter": 6, "Latitude": 8.374353, "Longitude": 76.996245, "Label": "Parking to STS01 – Lane 1", "New_ID": "R1_66", "Direction": "R to L" }, "geometry": { "type": "Point", "coordinates": [ 76.996245334325565, 8.374352835045896 ] } },
{ "type": "Feature", "properties": { "ID": 67, "Time_Sec": 2, "Dist_meter": 12, "Latitude": 8.374344, "Longitude": 76.996206, "Label": "Parking to STS01 – Lane 1", "New_ID": "R1_67", "Direction": "U to D" }, "geometry": { "type": "Point", "coordinates": [ 76.996206124822336, 8.374344061175565 ] } },
{ "type": "Feature", "properties": { "ID": 68, "Time_Sec": 3, "Dist_meter": 18, "Latitude": 8.374309, "Longitude": 76.996164, "Label": "Parking to STS01 – Lane 1", "New_ID": "R1_68", "Direction": "U to D" }, "geometry": { "type": "Point", "coordinates": [ 76.99616432546874, 8.374309287609901 ] } },
{ "type": "Feature", "properties": { "ID": 69, "Time_Sec": 4, "Dist_meter": 24, "Latitude": 8.374275, "Longitude": 76.996123, "Label": "Parking to STS01 – Lane 1", "New_ID": "R1_69", "Direction": "U to D" }, "geometry": { "type": "Point", "coordinates": [ 76.996122526122278, 8.374274514038003 ] } },
{ "type": "Feature", "properties": { "ID": 70, "Time_Sec": 5, "Dist_meter": 30, "Latitude": 8.37424, "Longitude": 76.996081, "Label": "Parking to STS01 – Lane 1", "New_ID": "R1_70", "Direction": "U to D" }, "geometry": { "type": "Point", "coordinates": [ 76.996080726782935, 8.374239740459883 ] } },
{ "type": "Feature", "properties": { "ID": 71, "Time_Sec": 6, "Dist_meter": 36, "Latitude": 8.374205, "Longitude": 76.996039, "Label": "Parking to STS01 – Lane 1", "New_ID": "R1_71", "Direction": "U to D" }, "geometry": { "type": "Point", "coordinates": [ 76.996038927450684, 8.374204966875533 ] } },
{ "type": "Feature", "properties": { "ID": 72, "Time_Sec": 7, "Dist_meter": 42, "Latitude": 8.37417, "Longitude": 76.995997, "Label": "Parking to STS01 – Lane 1", "New_ID": "R1_72", "Direction": "U to D" }, "geometry": { "type": "Point", "coordinates": [ 76.995997128125552, 8.374170193284955 ] } },
{ "type": "Feature", "properties": { "ID": 73, "Time_Sec": 8, "Dist_meter": 48, "Latitude": 8.374135, "Longitude": 76.995955, "Label": "Parking to STS01 – Lane 1", "New_ID": "R1_73", "Direction": "U to D" }, "geometry": { "type": "Point", "coordinates": [ 76.99595532880754, 8.374135419688152 ] } },
{ "type": "Feature", "properties": { "ID": 74, "Time_Sec": 9, "Dist_meter": 54, "Latitude": 8.374101, "Longitude": 76.995914, "Label": "Parking to STS01 – Lane 1", "New_ID": "R1_74", "Direction": "U to D" }, "geometry": { "type": "Point", "coordinates": [ 76.995913529496633, 8.37410064608512 ] } },
{ "type": "Feature", "properties": { "ID": 75, "Time_Sec": 10, "Dist_meter": 60, "Latitude": 8.374066, "Longitude": 76.995872, "Label": "Parking to STS01 – Lane 1", "New_ID": "R1_75", "Direction": "U to D" }, "geometry": { "type": "Point", "coordinates": [ 76.995871730192846, 8.374065872475862 ] } },
{ "type": "Feature", "properties": { "ID": 76, "Time_Sec": 11, "Dist_meter": 66, "Latitude": 8.374031, "Longitude": 76.99583, "Label": "Parking to STS01 – Lane 1", "New_ID": "R1_76", "Direction": "U to D" }, "geometry": { "type": "Point", "coordinates": [ 76.995829930896164, 8.374031098860375 ] } },
{ "type": "Feature", "properties": { "ID": 77, "Time_Sec": 12, "Dist_meter": 72, "Latitude": 8.373996, "Longitude": 76.995788, "Label": "Parking to STS01 – Lane 1", "New_ID": "R1_77", "Direction": "U to D" }, "geometry": { "type": "Point", "coordinates": [ 76.995788131606602, 8.373996325238661 ] } },
{ "type": "Feature", "properties": { "ID": 78, "Time_Sec": 13, "Dist_meter": 78, "Latitude": 8.373962, "Longitude": 76.995746, "Label": "Parking to STS01 – Lane 1", "New_ID": "R1_78", "Direction": "U to D" }, "geometry": { "type": "Point", "coordinates": [ 76.995746332324146, 8.373961551610719 ] } },
{ "type": "Feature", "properties": { "ID": 79, "Time_Sec": 14, "Dist_meter": 84, "Latitude": 8.373927, "Longitude": 76.995705, "Label": "Parking to STS01 – Lane 1", "New_ID": "R1_79", "Direction": "U to D" }, "geometry": { "type": "Point", "coordinates": [ 76.995704533048809, 8.37392677797655 ] } },
{ "type": "Feature", "properties": { "ID": 80, "Time_Sec": 15, "Dist_meter": 90, "Latitude": 8.373892, "Longitude": 76.995663, "Label": "Parking to STS01 – Lane 1", "New_ID": "R1_80", "Direction": "U to D" }, "geometry": { "type": "Point", "coordinates": [ 76.995662733780563, 8.373892004336156 ] } },
{ "type": "Feature", "properties": { "ID": 81, "Time_Sec": 16, "Dist_meter": 96, "Latitude": 8.373857, "Longitude": 76.995621, "Label": "Parking to STS01 – Lane 1", "New_ID": "R1_81", "Direction": "U to D" }, "geometry": { "type": "Point", "coordinates": [ 76.995620934519465, 8.373857230689534 ] } },
{ "type": "Feature", "properties": { "ID": 82, "Time_Sec": 17, "Dist_meter": 102, "Latitude": 8.373822, "Longitude": 76.995579, "Label": "Parking to STS01 – Lane 1", "New_ID": "R1_82", "Direction": "U to D" }, "geometry": { "type": "Point", "coordinates": [ 76.995579135265444, 8.373822457036685 ] } },
{ "type": "Feature", "properties": { "ID": 83, "Time_Sec": 18, "Dist_meter": 108, "Latitude": 8.373788, "Longitude": 76.995537, "Label": "Parking to STS01 – Lane 1", "New_ID": "R1_83", "Direction": "U to D" }, "geometry": { "type": "Point", "coordinates": [ 76.995537336018558, 8.373787683377607 ] } },
{ "type": "Feature", "properties": { "ID": 84, "Time_Sec": 19, "Dist_meter": 114, "Latitude": 8.373753, "Longitude": 76.995496, "Label": "Parking to STS01 – Lane 1", "New_ID": "R1_84", "Direction": "U to D" }, "geometry": { "type": "Point", "coordinates": [ 76.995495536778776, 8.373752909712305 ] } },
{ "type": "Feature", "properties": { "ID": 85, "Time_Sec": 20, "Dist_meter": 120, "Latitude": 8.373718, "Longitude": 76.995454, "Label": "Parking to STS01 – Lane 1", "New_ID": "R1_85", "Direction": "U to D" }, "geometry": { "type": "Point", "coordinates": [ 76.9954537375461, 8.373718136040774 ] } },
{ "type": "Feature", "properties": { "ID": 86, "Time_Sec": 21, "Dist_meter": 126, "Latitude": 8.373683, "Longitude": 76.995412, "Label": "Parking to STS01 – Lane 1", "New_ID": "R1_86", "Direction": "U to D" }, "geometry": { "type": "Point", "coordinates": [ 76.995411938320558, 8.373683362363016 ] } },
{ "type": "Feature", "properties": { "ID": 87, "Time_Sec": 22, "Dist_meter": 132, "Latitude": 8.373649, "Longitude": 76.99537, "Label": "Parking to STS01 – Lane 1", "New_ID": "R1_87", "Direction": "U to D" }, "geometry": { "type": "Point", "coordinates": [ 76.995370139102093, 8.373648588679032 ] } },
{ "type": "Feature", "properties": { "ID": 88, "Time_Sec": 23, "Dist_meter": 138, "Latitude": 8.373614, "Longitude": 76.995328, "Label": "Parking to STS01 – Lane 1", "New_ID": "R1_88", "Direction": "U to D" }, "geometry": { "type": "Point", "coordinates": [ 76.995328339890776, 8.373613814988822 ] } },
{ "type": "Feature", "properties": { "ID": 89, "Time_Sec": 24, "Dist_meter": 144, "Latitude": 8.373579, "Longitude": 76.995287, "Label": "Parking to STS01 – Lane 1", "New_ID": "R1_89", "Direction": "U to D" }, "geometry": { "type": "Point", "coordinates": [ 76.99528654068655, 8.373579041292386 ] } },
{ "type": "Feature", "properties": { "ID": 90, "Time_Sec": 25, "Dist_meter": 150, "Latitude": 8.373544, "Longitude": 76.995245, "Label": "Parking to STS01 – Lane 1", "New_ID": "R1_90", "Direction": "U to D" }, "geometry": { "type": "Point", "coordinates": [ 76.995244741489444, 8.373544267589722 ] } },
{ "type": "Feature", "properties": { "ID": 91, "Time_Sec": 26, "Dist_meter": 156, "Latitude": 8.373509, "Longitude": 76.995203, "Label": "Parking to STS01 – Lane 1", "New_ID": "R1_91", "Direction": "U to D" }, "geometry": { "type": "Point", "coordinates": [ 76.995202942299457, 8.373509493880832 ] } },
{ "type": "Feature", "properties": { "ID": 92, "Time_Sec": 27, "Dist_meter": 162, "Latitude": 8.373475, "Longitude": 76.995161, "Label": "Parking to STS01 – Lane 1", "New_ID": "R1_92", "Direction": "U to D" }, "geometry": { "type": "Point", "coordinates": [ 76.995161143116576, 8.373474720165715 ] } },
{ "type": "Feature", "properties": { "ID": 93, "Time_Sec": 28, "Dist_meter": 168, "Latitude": 8.37344, "Longitude": 76.995119, "Label": "Parking to STS01 – Lane 1", "New_ID": "R1_93", "Direction": "U to D" }, "geometry": { "type": "Point", "coordinates": [ 76.9951193439408, 8.373439946444373 ] } },
{ "type": "Feature", "properties": { "ID": 94, "Time_Sec": 29, "Dist_meter": 174, "Latitude": 8.373405, "Longitude": 76.995078, "Label": "Parking to STS01 – Lane 1", "New_ID": "R1_94", "Direction": "U to D" }, "geometry": { "type": "Point", "coordinates": [ 76.995077544772144, 8.373405172716803 ] } },
{ "type": "Feature", "properties": { "ID": 95, "Time_Sec": 30, "Dist_meter": 180, "Latitude": 8.37337, "Longitude": 76.995036, "Label": "Parking to STS01 – Lane 1", "New_ID": "R1_95", "Direction": "U to D" }, "geometry": { "type": "Point", "coordinates": [ 76.995035745610579, 8.373370398983006 ] } },
{ "type": "Feature", "properties": { "ID": 96, "Time_Sec": 31, "Dist_meter": 186, "Latitude": 8.373336, "Longitude": 76.994994, "Label": "Parking to STS01 – Lane 1", "New_ID": "R1_96", "Direction": "U to D" }, "geometry": { "type": "Point", "coordinates": [ 76.994993946456148, 8.373335625242985 ] } },
{ "type": "Feature", "properties": { "ID": 97, "Time_Sec": 32, "Dist_meter": 192, "Latitude": 8.373301, "Longitude": 76.994952, "Label": "Parking to STS01 – Lane 1", "New_ID": "R1_97", "Direction": "U to D" }, "geometry": { "type": "Point", "coordinates": [ 76.994952147308823, 8.373300851496737 ] } },
{ "type": "Feature", "properties": { "ID": 98, "Time_Sec": 33, "Dist_meter": 198, "Latitude": 8.373266, "Longitude": 76.99491, "Label": "Parking to STS01 – Lane 1", "New_ID": "R1_98", "Direction": "U to D" }, "geometry": { "type": "Point", "coordinates": [ 76.994910348168617, 8.373266077744262 ] } },
{ "type": "Feature", "properties": { "ID": 99, "Time_Sec": 34, "Dist_meter": 204, "Latitude": 8.373231, "Longitude": 76.994869, "Label": "Parking to STS01 – Lane 1", "New_ID": "R1_99", "Direction": "U to D" }, "geometry": { "type": "Point", "coordinates": [ 76.994868549035516, 8.373231303985563 ] } },
{ "type": "Feature", "properties": { "ID": 100, "Time_Sec": 35, "Dist_meter": 210, "Latitude": 8.373197, "Longitude": 76.994827, "Label": "Parking to STS01 – Lane 1", "New_ID": "R1_100", "Direction": "U to D" }, "geometry": { "type": "Point", "coordinates": [ 76.994826749909535, 8.373196530220637 ] } },
{ "type": "Feature", "properties": { "ID": 101, "Time_Sec": 36, "Dist_meter": 216, "Latitude": 8.373162, "Longitude": 76.994785, "Label": "Parking to STS01 – Lane 1", "New_ID": "R1_101", "Direction": "U to D" }, "geometry": { "type": "Point", "coordinates": [ 76.99478495079066, 8.373161756449484 ] } },
{ "type": "Feature", "properties": { "ID": 102, "Time_Sec": 37, "Dist_meter": 222, "Latitude": 8.373127, "Longitude": 76.994743, "Label": "Parking to STS01 – Lane 1", "New_ID": "R1_102", "Direction": "U to D" }, "geometry": { "type": "Point", "coordinates": [ 76.99474315167889, 8.373126982672105 ] } },
{ "type": "Feature", "properties": { "ID": 103, "Time_Sec": 38, "Dist_meter": 228, "Latitude": 8.373092, "Longitude": 76.994701, "Label": "Parking to STS01 – Lane 1", "New_ID": "R1_103", "Direction": "U to D" }, "geometry": { "type": "Point", "coordinates": [ 76.994701352574239, 8.373092208888501 ] } },
{ "type": "Feature", "properties": { "ID": 104, "Time_Sec": 39, "Dist_meter": 234, "Latitude": 8.373057, "Longitude": 76.99466, "Label": "Parking to STS01 – Lane 1", "New_ID": "R1_104", "Direction": "U to D" }, "geometry": { "type": "Point", "coordinates": [ 76.994659553476694, 8.373057435098673 ] } },
{ "type": "Feature", "properties": { "ID": 105, "Time_Sec": 40, "Dist_meter": 240, "Latitude": 8.373023, "Longitude": 76.994618, "Label": "Parking to STS01 – Lane 1", "New_ID": "R1_105", "Direction": "U to D" }, "geometry": { "type": "Point", "coordinates": [ 76.994617754386269, 8.373022661302617 ] } },
{ "type": "Feature", "properties": { "ID": 106, "Time_Sec": 41, "Dist_meter": 246, "Latitude": 8.372988, "Longitude": 76.994576, "Label": "Parking to STS01 – Lane 1", "New_ID": "R1_106", "Direction": "U to D" }, "geometry": { "type": "Point", "coordinates": [ 76.994575955302949, 8.372987887500338 ] } },
{ "type": "Feature", "properties": { "ID": 107, "Time_Sec": 42, "Dist_meter": 252, "Latitude": 8.372953, "Longitude": 76.994534, "Label": "Parking to STS01 – Lane 1", "New_ID": "R1_107", "Direction": "U to D" }, "geometry": { "type": "Point", "coordinates": [ 76.994534156226749, 8.372953113691828 ] } },
{ "type": "Feature", "properties": { "ID": 108, "Time_Sec": 43, "Dist_meter": 258, "Latitude": 8.372918, "Longitude": 76.994492, "Label": "Parking to STS01 – Lane 1", "New_ID": "R1_108", "Direction": "U to D" }, "geometry": { "type": "Point", "coordinates": [ 76.994492357157654, 8.372918339877097 ] } },
{ "type": "Feature", "properties": { "ID": 109, "Time_Sec": 44, "Dist_meter": 264, "Latitude": 8.372884, "Longitude": 76.994451, "Label": "Parking to STS01 – Lane 1", "New_ID": "R1_109", "Direction": "U to D" }, "geometry": { "type": "Point", "coordinates": [ 76.994450558095664, 8.37288356605614 ] } },
{ "type": "Feature", "properties": { "ID": 110, "Time_Sec": 45, "Dist_meter": 270, "Latitude": 8.372849, "Longitude": 76.994409, "Label": "Parking to STS01 – Lane 1", "New_ID": "R1_110", "Direction": "U to D" }, "geometry": { "type": "Point", "coordinates": [ 76.994408759040795, 8.372848792228959 ] } },
{ "type": "Feature", "properties": { "ID": 111, "Time_Sec": 46, "Dist_meter": 276, "Latitude": 8.372814, "Longitude": 76.994367, "Label": "Parking to STS01 – Lane 1", "New_ID": "R1_111", "Direction": "U to D" }, "geometry": { "type": "Point", "coordinates": [ 76.99436695999303, 8.372814018395548 ] } },
{ "type": "Feature", "properties": { "ID": 112, "Time_Sec": 47, "Dist_meter": 282, "Latitude": 8.372779, "Longitude": 76.994325, "Label": "Parking to STS01 – Lane 1", "New_ID": "R1_112", "Direction": "U to D" }, "geometry": { "type": "Point", "coordinates": [ 76.994325160952386, 8.372779244555916 ] } },
{ "type": "Feature", "properties": { "ID": 113, "Time_Sec": 48, "Dist_meter": 288, "Latitude": 8.372744, "Longitude": 76.994283, "Label": "Parking to STS01 – Lane 1", "New_ID": "R1_113", "Direction": "U to D" }, "geometry": { "type": "Point", "coordinates": [ 76.994283361918846, 8.372744470710057 ] } },
{ "type": "Feature", "properties": { "ID": 114, "Time_Sec": 49, "Dist_meter": 294, "Latitude": 8.37271, "Longitude": 76.994242, "Label": "Parking to STS01 – Lane 1", "New_ID": "R1_114", "Direction": "U to D" }, "geometry": { "type": "Point", "coordinates": [ 76.994241562892427, 8.372709696857971 ] } },
{ "type": "Feature", "properties": { "ID": 115, "Time_Sec": 50, "Dist_meter": 300, "Latitude": 8.372675, "Longitude": 76.9942, "Label": "Parking to STS01 – Lane 1", "New_ID": "R1_115", "Direction": "U to D" }, "geometry": { "type": "Point", "coordinates": [ 76.994199763873112, 8.372674922999661 ] } },
{ "type": "Feature", "properties": { "ID": 116, "Time_Sec": 51, "Dist_meter": 306, "Latitude": 8.37264, "Longitude": 76.994158, "Label": "Parking to STS01 – Lane 1", "New_ID": "R1_116", "Direction": "U to D" }, "geometry": { "type": "Point", "coordinates": [ 76.994157964860918, 8.372640149135128 ] } },
{ "type": "Feature", "properties": { "ID": 117, "Time_Sec": 52, "Dist_meter": 312, "Latitude": 8.372598, "Longitude": 76.99419, "Label": "Parking to STS01 – Lane 1", "New_ID": "R1_117", "Direction": "L to R" }, "geometry": { "type": "Point", "coordinates": [ 76.994189705552188, 8.372598306666582 ] } },
{ "type": "Feature", "properties": { "ID": 118, "Time_Sec": 53, "Dist_meter": 318, "Latitude": 8.372556, "Longitude": 76.994224, "Label": "Parking to STS01 – Lane 1", "New_ID": "R1_118", "Direction": "L to R" }, "geometry": { "type": "Point", "coordinates": [ 76.994224054692054, 8.372556213473231 ] } },
{ "type": "Feature", "properties": { "ID": 119, "Time_Sec": 54, "Dist_meter": 324, "Latitude": 8.372514, "Longitude": 76.994258, "Label": "Parking to STS01 – Lane 1", "New_ID": "R1_119", "Direction": "L to R" }, "geometry": { "type": "Point", "coordinates": [ 76.994258403824915, 8.372514120278542 ] } },
{ "type": "Feature", "properties": { "ID": 120, "Time_Sec": 55, "Dist_meter": 330, "Latitude": 8.372472, "Longitude": 76.994293, "Label": "Parking to STS01 – Lane 1", "New_ID": "R1_120", "Direction": "L to R" }, "geometry": { "type": "Point", "coordinates": [ 76.994292752950741, 8.372472027082507 ] } },
{ "type": "Feature", "properties": { "ID": 121, "Time_Sec": 56, "Dist_meter": 336, "Latitude": 8.37243, "Longitude": 76.994327, "Label": "Parking to STS01 – Lane 1", "New_ID": "R1_121", "Direction": "L to R" }, "geometry": { "type": "Point", "coordinates": [ 76.994327102069548, 8.372429933885133 ] } },
{ "type": "Feature", "properties": { "ID": 122, "Time_Sec": 57, "Dist_meter": 342, "Latitude": 8.372388, "Longitude": 76.994361, "Label": "Parking to STS01 – Lane 1", "New_ID": "R1_122", "Direction": "L to R" }, "geometry": { "type": "Point", "coordinates": [ 76.994361451181334, 8.372387840686413 ] } },
{ "type": "Feature", "properties": { "ID": 123, "Time_Sec": 58, "Dist_meter": 348, "Latitude": 8.372346, "Longitude": 76.994396, "Label": "Parking to STS01 – Lane 1", "New_ID": "R1_123", "Direction": "L to R" }, "geometry": { "type": "Point", "coordinates": [ 76.9943958002861, 8.372345747486353 ] } },
{ "type": "Feature", "properties": { "ID": 124, "Time_Sec": 59, "Dist_meter": 354, "Latitude": 8.372304, "Longitude": 76.99443, "Label": "Parking to STS01 – Lane 1", "New_ID": "R1_124", "Direction": "L to R" }, "geometry": { "type": "Point", "coordinates": [ 76.994430149383831, 8.372303654284954 ] } },
{ "type": "Feature", "properties": { "ID": 125, "Time_Sec": 60, "Dist_meter": 360, "Latitude": 8.372262, "Longitude": 76.994464, "Label": "Parking to STS01 – Lane 1", "New_ID": "R1_125", "Direction": "L to R" }, "geometry": { "type": "Point", "coordinates": [ 76.994464498474528, 8.372261561082208 ] } },
{ "type": "Feature", "properties": { "ID": 126, "Time_Sec": 61, "Dist_meter": 366, "Latitude": 8.372219, "Longitude": 76.994499, "Label": "Parking to STS01 – Lane 1", "New_ID": "R1_126", "Direction": "L to R" }, "geometry": { "type": "Point", "coordinates": [ 76.994498847558205, 8.372219467878123 ] } },
{ "type": "Feature", "properties": { "ID": 127, "Time_Sec": 62, "Dist_meter": 372, "Latitude": 8.372177, "Longitude": 76.994533, "Label": "Parking to STS01 – Lane 1", "New_ID": "R1_127", "Direction": "L to R" }, "geometry": { "type": "Point", "coordinates": [ 76.994533196634876, 8.372177374672694 ] } },
{ "type": "Feature", "properties": { "ID": 128, "Time_Sec": 63, "Dist_meter": 378, "Latitude": 8.372135, "Longitude": 76.994568, "Label": "Parking to STS01 – Lane 1", "New_ID": "R1_128", "Direction": "L to R" }, "geometry": { "type": "Point", "coordinates": [ 76.994567545704513, 8.372135281465926 ] } },
{ "type": "Feature", "properties": { "ID": 129, "Time_Sec": 64, "Dist_meter": 384, "Latitude": 8.372093, "Longitude": 76.994602, "Label": "Parking to STS01 – Lane 1", "New_ID": "R1_129", "Direction": "L to R" }, "geometry": { "type": "Point", "coordinates": [ 76.994601894767115, 8.372093188257814 ] } },
{ "type": "Feature", "properties": { "ID": 130, "Time_Sec": 65, "Dist_meter": 390, "Latitude": 8.372051, "Longitude": 76.994636, "Label": "Parking to STS01 – Lane 1", "New_ID": "R1_130", "Direction": "L to R" }, "geometry": { "type": "Point", "coordinates": [ 76.994636243822697, 8.372051095048363 ] } },
{ "type": "Feature", "properties": { "ID": 131, "Time_Sec": 66, "Dist_meter": 396, "Latitude": 8.372009, "Longitude": 76.994671, "Label": "Parking to STS01 – Lane 1", "New_ID": "R1_131", "Direction": "L to R" }, "geometry": { "type": "Point", "coordinates": [ 76.994670592871259, 8.372009001837567 ] } },
{ "type": "Feature", "properties": { "ID": 132, "Time_Sec": 67, "Dist_meter": 402, "Latitude": 8.371967, "Longitude": 76.994705, "Label": "Parking to STS01 – Lane 1", "New_ID": "R1_132", "Direction": "L to R" }, "geometry": { "type": "Point", "coordinates": [ 76.994704941912786, 8.37196690862543 ] } },
{ "type": "Feature", "properties": { "ID": 133, "Time_Sec": 68, "Dist_meter": 408, "Latitude": 8.371925, "Longitude": 76.994739, "Label": "Parking to STS01 – Lane 1", "New_ID": "R1_133", "Direction": "L to R" }, "geometry": { "type": "Point", "coordinates": [ 76.994739290947294, 8.371924815411951 ] } },
{ "type": "Feature", "properties": { "ID": 134, "Time_Sec": 69, "Dist_meter": 414, "Latitude": 8.371883, "Longitude": 76.994774, "Label": "Parking to STS01 – Lane 1", "New_ID": "R1_134", "Direction": "L to R" }, "geometry": { "type": "Point", "coordinates": [ 76.994773639974781, 8.371882722197132 ] } },
{ "type": "Feature", "properties": { "ID": 135, "Time_Sec": 70, "Dist_meter": 420, "Latitude": 8.371841, "Longitude": 76.994808, "Label": "Parking to STS01 – Lane 1", "New_ID": "R1_135", "Direction": "L to R" }, "geometry": { "type": "Point", "coordinates": [ 76.994807988995234, 8.371840628980967 ] } },
{ "type": "Feature", "properties": { "ID": 136, "Time_Sec": 71, "Dist_meter": 426, "Latitude": 8.371799, "Longitude": 76.994842, "Label": "Parking to STS01 – Lane 1", "New_ID": "R1_136", "Direction": "L to R" }, "geometry": { "type": "Point", "coordinates": [ 76.994842338008681, 8.371798535763467 ] } },
{ "type": "Feature", "properties": { "ID": 137, "Time_Sec": 72, "Dist_meter": 432, "Latitude": 8.371756, "Longitude": 76.994877, "Label": "Parking to STS01 – Lane 1", "New_ID": "R1_137", "Direction": "L to R" }, "geometry": { "type": "Point", "coordinates": [ 76.994876687015093, 8.371756442544623 ] } },
{ "type": "Feature", "properties": { "ID": 138, "Time_Sec": 73, "Dist_meter": 438, "Latitude": 8.371714, "Longitude": 76.994911, "Label": "Parking to STS01 – Lane 1", "New_ID": "R1_138", "Direction": "L to R" }, "geometry": { "type": "Point", "coordinates": [ 76.994911036014486, 8.371714349324439 ] } },
{ "type": "Feature", "properties": { "ID": 139, "Time_Sec": 74, "Dist_meter": 444, "Latitude": 8.371672, "Longitude": 76.994945, "Label": "Parking to STS01 – Lane 1", "New_ID": "R1_139", "Direction": "L to R" }, "geometry": { "type": "Point", "coordinates": [ 76.994945385006844, 8.37167225610291 ] } },
{ "type": "Feature", "properties": { "ID": 140, "Time_Sec": 75, "Dist_meter": 450, "Latitude": 8.37163, "Longitude": 76.99498, "Label": "Parking to STS01 – Lane 1", "New_ID": "R1_140", "Direction": "L to R" }, "geometry": { "type": "Point", "coordinates": [ 76.994979733992182, 8.371630162880042 ] } },
{ "type": "Feature", "properties": { "ID": 141, "Time_Sec": 76, "Dist_meter": 456, "Latitude": 8.371588, "Longitude": 76.995014, "Label": "Parking to STS01 – Lane 1", "New_ID": "R1_141", "Direction": "L to R" }, "geometry": { "type": "Point", "coordinates": [ 76.995014082970499, 8.371588069655832 ] } },
{ "type": "Feature", "properties": { "ID": 142, "Time_Sec": 77, "Dist_meter": 462, "Latitude": 8.371546, "Longitude": 76.995048, "Label": "Parking to STS01 – Lane 1", "New_ID": "R1_142", "Direction": "L to R" }, "geometry": { "type": "Point", "coordinates": [ 76.995048431941797, 8.371545976430282 ] } },
{ "type": "Feature", "properties": { "ID": 143, "Time_Sec": 78, "Dist_meter": 468, "Latitude": 8.371504, "Longitude": 76.995083, "Label": "Parking to STS01 – Lane 1", "New_ID": "R1_143", "Direction": "L to R" }, "geometry": { "type": "Point", "coordinates": [ 76.99508278090606, 8.37150388320339 ] } },
{ "type": "Feature", "properties": { "ID": 144, "Time_Sec": 79, "Dist_meter": 474, "Latitude": 8.371462, "Longitude": 76.995117, "Label": "Parking to STS01 – Lane 1", "New_ID": "R1_144", "Direction": "L to R" }, "geometry": { "type": "Point", "coordinates": [ 76.995117129863303, 8.371461789975156 ] } },
{ "type": "Feature", "properties": { "ID": 145, "Time_Sec": 80, "Dist_meter": 480, "Latitude": 8.37142, "Longitude": 76.995151, "Label": "Parking to STS01 – Lane 1", "New_ID": "R1_145", "Direction": "L to R" }, "geometry": { "type": "Point", "coordinates": [ 76.995151478813526, 8.371419696745582 ] } },
{ "type": "Feature", "properties": { "ID": 146, "Time_Sec": 81, "Dist_meter": 486, "Latitude": 8.371378, "Longitude": 76.995186, "Label": "Parking to STS01 – Lane 1", "New_ID": "R1_146", "Direction": "L to R" }, "geometry": { "type": "Point", "coordinates": [ 76.995185827756714, 8.371377603514667 ] } },
{ "type": "Feature", "properties": { "ID": 147, "Time_Sec": 82, "Dist_meter": 492, "Latitude": 8.371336, "Longitude": 76.99522, "Label": "Parking to STS01 – Lane 1", "New_ID": "R1_147", "Direction": "L to R" }, "geometry": { "type": "Point", "coordinates": [ 76.995220176692882, 8.37133551028241 ] } },
{ "type": "Feature", "properties": { "ID": 148, "Time_Sec": 83, "Dist_meter": 498, "Latitude": 8.371293, "Longitude": 76.995255, "Label": "Parking to STS01 – Lane 1", "New_ID": "R1_148", "Direction": "L to R" }, "geometry": { "type": "Point", "coordinates": [ 76.995254525622045, 8.371293417048815 ] } },
{ "type": "Feature", "properties": { "ID": 149, "Time_Sec": 84, "Dist_meter": 504, "Latitude": 8.371251, "Longitude": 76.995289, "Label": "Parking to STS01 – Lane 1", "New_ID": "R1_149", "Direction": "L to R" }, "geometry": { "type": "Point", "coordinates": [ 76.995288874544173, 8.371251323813876 ] } },
{ "type": "Feature", "properties": { "ID": 150, "Time_Sec": 85, "Dist_meter": 510, "Latitude": 8.371209, "Longitude": 76.995323, "Label": "Parking to STS01 – Lane 1", "New_ID": "R1_150", "Direction": "L to R" }, "geometry": { "type": "Point", "coordinates": [ 76.995323223459266, 8.371209230577598 ] } },
{ "type": "Feature", "properties": { "ID": 151, "Time_Sec": 86, "Dist_meter": 516, "Latitude": 8.371167, "Longitude": 76.995358, "Label": "Parking to STS01 – Lane 1", "New_ID": "R1_151", "Direction": "L to R" }, "geometry": { "type": "Point", "coordinates": [ 76.99535757236734, 8.371167137339979 ] } },
{ "type": "Feature", "properties": { "ID": 152, "Time_Sec": 87, "Dist_meter": 522, "Latitude": 8.371125, "Longitude": 76.995392, "Label": "Parking to STS01 – Lane 1", "New_ID": "R1_152", "Direction": "L to R" }, "geometry": { "type": "Point", "coordinates": [ 76.995391921268407, 8.371125044101019 ] } },
{ "type": "Feature", "properties": { "ID": 153, "Time_Sec": 88, "Dist_meter": 528, "Latitude": 8.371083, "Longitude": 76.995426, "Label": "Parking to STS01 – Lane 1", "New_ID": "R1_153", "Direction": "L to R" }, "geometry": { "type": "Point", "coordinates": [ 76.995426270162426, 8.371082950860716 ] } },
{ "type": "Feature", "properties": { "ID": 154, "Time_Sec": 89, "Dist_meter": 534, "Latitude": 8.371041, "Longitude": 76.995461, "Label": "Parking to STS01 – Lane 1", "New_ID": "R1_154", "Direction": "L to R" }, "geometry": { "type": "Point", "coordinates": [ 76.995460619049439, 8.371040857619075 ] } },
{ "type": "Feature", "properties": { "ID": 155, "Time_Sec": 90, "Dist_meter": 540, "Latitude": 8.370999, "Longitude": 76.995495, "Label": "Parking to STS01 – Lane 1", "New_ID": "R1_155", "Direction": "L to R" }, "geometry": { "type": "Point", "coordinates": [ 76.995494967929417, 8.370998764376095 ] } },
{ "type": "Feature", "properties": { "ID": 156, "Time_Sec": 91, "Dist_meter": 546, "Latitude": 8.370957, "Longitude": 76.995529, "Label": "Parking to STS01 – Lane 1", "New_ID": "R1_156", "Direction": "L to R" }, "geometry": { "type": "Point", "coordinates": [ 76.995529316802376, 8.37095667113177 ] } },
{ "type": "Feature", "properties": { "ID": 157, "Time_Sec": 92, "Dist_meter": 552, "Latitude": 8.370915, "Longitude": 76.995564, "Label": "Parking to STS01 – Lane 1", "New_ID": "R1_157", "Direction": "L to R" }, "geometry": { "type": "Point", "coordinates": [ 76.995563665668314, 8.37091457788611 ] } },
{ "type": "Feature", "properties": { "ID": 158, "Time_Sec": 93, "Dist_meter": 558, "Latitude": 8.370872, "Longitude": 76.995598, "Label": "Parking to STS01 – Lane 1", "New_ID": "R1_158", "Direction": "L to R" }, "geometry": { "type": "Point", "coordinates": [ 76.995598014527232, 8.370872484639104 ] } },
{ "type": "Feature", "properties": { "ID": 159, "Time_Sec": 94, "Dist_meter": 564, "Latitude": 8.370837, "Longitude": 76.995571, "Label": "Parking to STS01 – Lane 1", "New_ID": "R1_159", "Direction": "U to D" }, "geometry": { "type": "Point", "coordinates": [ 76.99557090577774, 8.370836927663056 ] } },
{ "type": "Feature", "properties": { "ID": 160, "Time_Sec": 95, "Dist_meter": 570, "Latitude": 8.370803, "Longitude": 76.995528, "Label": "Parking to STS01 – Lane 1", "New_ID": "R1_160", "Direction": "U to D" }, "geometry": { "type": "Point", "coordinates": [ 76.995528405458316, 8.370803007639418 ] } },
{ "type": "Feature", "properties": { "ID": 161, "Time_Sec": 96, "Dist_meter": 576, "Latitude": 8.370769, "Longitude": 76.995486, "Label": "Parking to STS01 – Lane 1", "New_ID": "R1_161", "Direction": "U to D" }, "geometry": { "type": "Point", "coordinates": [ 76.99548590514587, 8.370769087609423 ] } },
{ "type": "Feature", "properties": { "ID": 162, "Time_Sec": 97, "Dist_meter": 582, "Latitude": 8.370735, "Longitude": 76.995443, "Label": "Parking to STS01 – Lane 1", "New_ID": "R1_162", "Direction": "U to D" }, "geometry": { "type": "Point", "coordinates": [ 76.995443404840387, 8.370735167573072 ] } },
{ "type": "Feature", "properties": { "ID": 163, "Time_Sec": 98, "Dist_meter": 588, "Latitude": 8.370701, "Longitude": 76.995401, "Label": "Parking to STS01 – Lane 1", "New_ID": "R1_163", "Direction": "U to D" }, "geometry": { "type": "Point", "coordinates": [ 76.995400904541896, 8.370701247530361 ] } },
{ "type": "Feature", "properties": { "ID": 164, "Time_Sec": 99, "Dist_meter": 594, "Latitude": 8.370667, "Longitude": 76.995358, "Label": "Parking to STS01 – Lane 1", "New_ID": "R1_164", "Direction": "U to D" }, "geometry": { "type": "Point", "coordinates": [ 76.995358404250382, 8.370667327481291 ] } },
{ "type": "Feature", "properties": { "ID": 165, "Time_Sec": 100, "Dist_meter": 600, "Latitude": 8.370633, "Longitude": 76.995316, "Label": "Parking to STS01 – Lane 1", "New_ID": "R1_165", "Direction": "U to D" }, "geometry": { "type": "Point", "coordinates": [ 76.995315903965846, 8.370633407425863 ] } },
{ "type": "Feature", "properties": { "ID": 166, "Time_Sec": 101, "Dist_meter": 606, "Latitude": 8.370599, "Longitude": 76.995273, "Label": "Parking to STS01 – Lane 1", "New_ID": "R1_166", "Direction": "U to D" }, "geometry": { "type": "Point", "coordinates": [ 76.995273403688287, 8.370599487364082 ] } },
{ "type": "Feature", "properties": { "ID": 167, "Time_Sec": 102, "Dist_meter": 612, "Latitude": 8.370566, "Longitude": 76.995231, "Label": "Parking to STS01 – Lane 1", "New_ID": "R1_167", "Direction": "U to D" }, "geometry": { "type": "Point", "coordinates": [ 76.995230903417706, 8.370565567295941 ] } },
{ "type": "Feature", "properties": { "ID": 168, "Time_Sec": 103, "Dist_meter": 618, "Latitude": 8.370532, "Longitude": 76.995188, "Label": "Parking to STS01 – Lane 1", "New_ID": "R1_168", "Direction": "U to D" }, "geometry": { "type": "Point", "coordinates": [ 76.995188403154089, 8.370531647221441 ] } },
{ "type": "Feature", "properties": { "ID": 169, "Time_Sec": 104, "Dist_meter": 624, "Latitude": 8.370493, "Longitude": 76.995188, "Label": "Parking to STS01 – Lane 1", "New_ID": "R1_169", "Direction": "L to R" }, "geometry": { "type": "Point", "coordinates": [ 76.995187641408222, 8.370493287732808 ] } },
{ "type": "Feature", "properties": { "ID": 170, "Time_Sec": 105, "Dist_meter": 630, "Latitude": 8.370451, "Longitude": 76.995222, "Label": "Parking to STS01 – Lane 1", "New_ID": "R1_170", "Direction": "L to R" }, "geometry": { "type": "Point", "coordinates": [ 76.995221989496414, 8.3704511938754 ] } },
{ "type": "Feature", "properties": { "ID": 171, "Time_Sec": 106, "Dist_meter": 636, "Latitude": 8.370409, "Longitude": 76.995256, "Label": "Parking to STS01 – Lane 1", "New_ID": "R1_171", "Direction": "L to R" }, "geometry": { "type": "Point", "coordinates": [ 76.995256337577587, 8.370409100016655 ] } },
{ "type": "Feature", "properties": { "ID": 172, "Time_Sec": 107, "Dist_meter": 642, "Latitude": 8.370367, "Longitude": 76.995291, "Label": "Parking to STS01 – Lane 1", "New_ID": "R1_172", "Direction": "L to R" }, "geometry": { "type": "Point", "coordinates": [ 76.995290685651739, 8.370367006156568 ] } },
{ "type": "Feature", "properties": { "ID": 173, "Time_Sec": 108, "Dist_meter": 648, "Latitude": 8.370325, "Longitude": 76.995325, "Label": "Parking to STS01 – Lane 1", "New_ID": "R1_173", "Direction": "L to R" }, "geometry": { "type": "Point", "coordinates": [ 76.995325033718842, 8.370324912295141 ] } },
{ "type": "Feature", "properties": { "ID": 174, "Time_Sec": 109, "Dist_meter": 654, "Latitude": 8.370283, "Longitude": 76.995359, "Label": "Parking to STS01 – Lane 1", "New_ID": "R1_174", "Direction": "L to R" }, "geometry": { "type": "Point", "coordinates": [ 76.995359381778954, 8.370282818432374 ] } },
{ "type": "Feature", "properties": { "ID": 175, "Time_Sec": 110, "Dist_meter": 660, "Latitude": 8.370241, "Longitude": 76.995394, "Label": "Parking to STS01 – Lane 1", "New_ID": "R1_175", "Direction": "L to R" }, "geometry": { "type": "Point", "coordinates": [ 76.995393729832031, 8.370240724568268 ] } },
{ "type": "Feature", "properties": { "ID": 176, "Time_Sec": 111, "Dist_meter": 666, "Latitude": 8.370199, "Longitude": 76.995428, "Label": "Parking to STS01 – Lane 1", "New_ID": "R1_176", "Direction": "L to R" }, "geometry": { "type": "Point", "coordinates": [ 76.995428077878088, 8.370198630702818 ] } },
{ "type": "Feature", "properties": { "ID": 177, "Time_Sec": 112, "Dist_meter": 672, "Latitude": 8.370157, "Longitude": 76.995462, "Label": "Parking to STS01 – Lane 1", "New_ID": "R1_177", "Direction": "L to R" }, "geometry": { "type": "Point", "coordinates": [ 76.995462425917125, 8.370156536836031 ] } },
{ "type": "Feature", "properties": { "ID": 178, "Time_Sec": 113, "Dist_meter": 678, "Latitude": 8.370114, "Longitude": 76.995497, "Label": "Parking to STS01 – Lane 1", "New_ID": "R1_178", "Direction": "L to R" }, "geometry": { "type": "Point", "coordinates": [ 76.995496773949142, 8.370114442967902 ] } },
{ "type": "Feature", "properties": { "ID": 179, "Time_Sec": 114, "Dist_meter": 684, "Latitude": 8.370072, "Longitude": 76.995531, "Label": "Parking to STS01 – Lane 1", "New_ID": "R1_179", "Direction": "L to R" }, "geometry": { "type": "Point", "coordinates": [ 76.995531121974125, 8.370072349098434 ] } },
{ "type": "Feature", "properties": { "ID": 180, "Time_Sec": 115, "Dist_meter": 690, "Latitude": 8.37003, "Longitude": 76.995565, "Label": "Parking to STS01 – Lane 1", "New_ID": "R1_180", "Direction": "L to R" }, "geometry": { "type": "Point", "coordinates": [ 76.995565469992087, 8.370030255227626 ] } },
{ "type": "Feature", "properties": { "ID": 181, "Time_Sec": 116, "Dist_meter": 696, "Latitude": 8.369988, "Longitude": 76.9956, "Label": "Parking to STS01 – Lane 1", "New_ID": "R1_181", "Direction": "L to R" }, "geometry": { "type": "Point", "coordinates": [ 76.995599818003043, 8.369988161355478 ] } },
{ "type": "Feature", "properties": { "ID": 182, "Time_Sec": 117, "Dist_meter": 702, "Latitude": 8.369946, "Longitude": 76.995634, "Label": "Parking to STS01 – Lane 1", "New_ID": "R1_182", "Direction": "L to R" }, "geometry": { "type": "Point", "coordinates": [ 76.995634166006965, 8.369946067481989 ] } },
{ "type": "Feature", "properties": { "ID": 285, "Time_Sec": 118, "Dist_meter": 708, "Latitude": 8.369904, "Longitude": 76.995669, "Label": "Parking to STS01 – Lane 1", "New_ID": "R1_285", "Direction": "L to R" }, "geometry": { "type": "Point", "coordinates": [ 76.995668514003853, 8.36990397360716 ] } }
]
}
