{
"type": "FeatureCollection",
"name": "Parking to STS02 – Lane 2",
"crs": { "type": "name", "properties": { "name": "urn:ogc:def:crs:OGC:1.3:CRS84" } },
"features": [
{ "type": "Feature", "properties": { "ID": 286, "Time_Sec": 0, "Dist_meter": 0, "Latitude": 8.374311, "Longitude": 76.996279, "Label": "Parking to STS02 – Lane 2", "New_ID": "R3_286", "Direction": "R to L" }, "geometry": { "type": "Point", "coordinates": [ 76.996279458893611, 8.374310561056223 ] } },
{ "type": "Feature", "properties": { "ID": 287, "Time_Sec": 1, "Dist_meter": 6, "Latitude": 8.374353, "Longitude": 76.996245, "Label": "Parking to STS02 – Lane 2", "New_ID": "R3_287", "Direction": "R to L" }, "geometry": { "type": "Point", "coordinates": [ 76.996245334325565, 8.374352835045896 ] } },
{ "type": "Feature", "properties": { "ID": 288, "Time_Sec": 2, "Dist_meter": 12, "Latitude": 8.374344, "Longitude": 76.996206, "Label": "Parking to STS02 – Lane 2", "New_ID": "R3_288", "Direction": "U to D" }, "geometry": { "type": "Point", "coordinates": [ 76.996206124822336, 8.374344061175565 ] } },
{ "type": "Feature", "properties": { "ID": 289, "Time_Sec": 3, "Dist_meter": 18, "Latitude": 8.374309, "Longitude": 76.996164, "Label": "Parking to STS02 – Lane 2", "New_ID": "R3_289", "Direction": "U to D" }, "geometry": { "type": "Point", "coordinates": [ 76.99616432546874, 8.374309287609901 ] } },
{ "type": "Feature", "properties": { "ID": 290, "Time_Sec": 4, "Dist_meter": 24, "Latitude": 8.374275, "Longitude": 76.996123, "Label": "Parking to STS02 – Lane 2", "New_ID": "R3_290", "Direction": "U to D" }, "geometry": { "type": "Point", "coordinates": [ 76.996122526122278, 8.374274514038003 ] } },
{ "type": "Feature", "properties": { "ID": 291, "Time_Sec": 5, "Dist_meter": 30, "Latitude": 8.37424, "Longitude": 76.996081, "Label": "Parking to STS02 – Lane 2", "New_ID": "R3_291", "Direction": "U to D" }, "geometry": { "type": "Point", "coordinates": [ 76.996080726782935, 8.374239740459883 ] } },
{ "type": "Feature", "properties": { "ID": 292, "Time_Sec": 6, "Dist_meter": 36, "Latitude": 8.374205, "Longitude": 76.996039, "Label": "Parking to STS02 – Lane 2", "New_ID": "R3_292", "Direction": "U to D" }, "geometry": { "type": "Point", "coordinates": [ 76.996038927450684, 8.374204966875533 ] } },
{ "type": "Feature", "properties": { "ID": 293, "Time_Sec": 7, "Dist_meter": 42, "Latitude": 8.37417, "Longitude": 76.995997, "Label": "Parking to STS02 – Lane 2", "New_ID": "R3_293", "Direction": "U to D" }, "geometry": { "type": "Point", "coordinates": [ 76.995997128125552, 8.374170193284955 ] } },
{ "type": "Feature", "properties": { "ID": 294, "Time_Sec": 8, "Dist_meter": 48, "Latitude": 8.374135, "Longitude": 76.995955, "Label": "Parking to STS02 – Lane 2", "New_ID": "R3_294", "Direction": "U to D" }, "geometry": { "type": "Point", "coordinates": [ 76.99595532880754, 8.374135419688152 ] } },
{ "type": "Feature", "properties": { "ID": 295, "Time_Sec": 9, "Dist_meter": 54, "Latitude": 8.374101, "Longitude": 76.995914, "Label": "Parking to STS02 – Lane 2", "New_ID": "R3_295", "Direction": "U to D" }, "geometry": { "type": "Point", "coordinates": [ 76.995913529496633, 8.37410064608512 ] } },
{ "type": "Feature", "properties": { "ID": 296, "Time_Sec": 10, "Dist_meter": 60, "Latitude": 8.374066, "Longitude": 76.995872, "Label": "Parking to STS02 – Lane 2", "New_ID": "R3_296", "Direction": "U to D" }, "geometry": { "type": "Point", "coordinates": [ 76.995871730192846, 8.374065872475862 ] } },
{ "type": "Feature", "properties": { "ID": 297, "Time_Sec": 11, "Dist_meter": 66, "Latitude": 8.374031, "Longitude": 76.99583, "Label": "Parking to STS02 – Lane 2", "New_ID": "R3_297", "Direction": "U to D" }, "geometry": { "type": "Point", "coordinates": [ 76.995829930896164, 8.374031098860375 ] } },
{ "type": "Feature", "properties": { "ID": 298, "Time_Sec": 12, "Dist_meter": 72, "Latitude": 8.373996, "Longitude": 76.995788, "Label": "Parking to STS02 – Lane 2", "New_ID": "R3_298", "Direction": "U to D" }, "geometry": { "type": "Point", "coordinates": [ 76.995788131606602, 8.373996325238661 ] } },
{ "type": "Feature", "properties": { "ID": 299, "Time_Sec": 13, "Dist_meter": 78, "Latitude": 8.373962, "Longitude": 76.995746, "Label": "Parking to STS02 – Lane 2", "New_ID": "R3_299", "Direction": "U to D" }, "geometry": { "type": "Point", "coordinates": [ 76.995746332324146, 8.373961551610719 ] } },
{ "type": "Feature", "properties": { "ID": 300, "Time_Sec": 14, "Dist_meter": 84, "Latitude": 8.373927, "Longitude": 76.995705, "Label": "Parking to STS02 – Lane 2", "New_ID": "R3_300", "Direction": "U to D" }, "geometry": { "type": "Point", "coordinates": [ 76.995704533048809, 8.37392677797655 ] } },
{ "type": "Feature", "properties": { "ID": 301, "Time_Sec": 15, "Dist_meter": 90, "Latitude": 8.373892, "Longitude": 76.995663, "Label": "Parking to STS02 – Lane 2", "New_ID": "R3_301", "Direction": "U to D" }, "geometry": { "type": "Point", "coordinates": [ 76.995662733780563, 8.373892004336156 ] } },
{ "type": "Feature", "properties": { "ID": 302, "Time_Sec": 16, "Dist_meter": 96, "Latitude": 8.373857, "Longitude": 76.995621, "Label": "Parking to STS02 – Lane 2", "New_ID": "R3_302", "Direction": "U to D" }, "geometry": { "type": "Point", "coordinates": [ 76.995620934519465, 8.373857230689534 ] } },
{ "type": "Feature", "properties": { "ID": 303, "Time_Sec": 17, "Dist_meter": 102, "Latitude": 8.373822, "Longitude": 76.995579, "Label": "Parking to STS02 – Lane 2", "New_ID": "R3_303", "Direction": "U to D" }, "geometry": { "type": "Point", "coordinates": [ 76.995579135265444, 8.373822457036685 ] } },
{ "type": "Feature", "properties": { "ID": 304, "Time_Sec": 18, "Dist_meter": 108, "Latitude": 8.373788, "Longitude": 76.995537, "Label": "Parking to STS02 – Lane 2", "New_ID": "R3_304", "Direction": "U to D" }, "geometry": { "type": "Point", "coordinates": [ 76.995537336018558, 8.373787683377607 ] } },
{ "type": "Feature", "properties": { "ID": 305, "Time_Sec": 19, "Dist_meter": 114, "Latitude": 8.373753, "Longitude": 76.995496, "Label": "Parking to STS02 – Lane 2", "New_ID": "R3_305", "Direction": "U to D" }, "geometry": { "type": "Point", "coordinates": [ 76.995495536778776, 8.373752909712305 ] } },
{ "type": "Feature", "properties": { "ID": 306, "Time_Sec": 20, "Dist_meter": 120, "Latitude": 8.373718, "Longitude": 76.995454, "Label": "Parking to STS02 – Lane 2", "New_ID": "R3_306", "Direction": "U to D" }, "geometry": { "type": "Point", "coordinates": [ 76.9954537375461, 8.373718136040774 ] } },
{ "type": "Feature", "properties": { "ID": 307, "Time_Sec": 21, "Dist_meter": 126, "Latitude": 8.373683, "Longitude": 76.995412, "Label": "Parking to STS02 – Lane 2", "New_ID": "R3_307", "Direction": "U to D" }, "geometry": { "type": "Point", "coordinates": [ 76.995411938320558, 8.373683362363016 ] } },
{ "type": "Feature", "properties": { "ID": 308, "Time_Sec": 22, "Dist_meter": 132, "Latitude": 8.373649, "Longitude": 76.99537, "Label": "Parking to STS02 – Lane 2", "New_ID": "R3_308", "Direction": "U to D" }, "geometry": { "type": "Point", "coordinates": [ 76.995370139102093, 8.373648588679032 ] } },
{ "type": "Feature", "properties": { "ID": 309, "Time_Sec": 23, "Dist_meter": 138, "Latitude": 8.373614, "Longitude": 76.995328, "Label": "Parking to STS02 – Lane 2", "New_ID": "R3_309", "Direction": "U to D" }, "geometry": { "type": "Point", "coordinates": [ 76.995328339890776, 8.373613814988822 ] } },
{ "type": "Feature", "properties": { "ID": 310, "Time_Sec": 24, "Dist_meter": 144, "Latitude": 8.373579, "Longitude": 76.995287, "Label": "Parking to STS02 – Lane 2", "New_ID": "R3_310", "Direction": "U to D" }, "geometry": { "type": "Point", "coordinates": [ 76.99528654068655, 8.373579041292386 ] } },
{ "type": "Feature", "properties": { "ID": 311, "Time_Sec": 25, "Dist_meter": 150, "Latitude": 8.373544, "Longitude": 76.995245, "Label": "Parking to STS02 – Lane 2", "New_ID": "R3_311", "Direction": "U to D" }, "geometry": { "type": "Point", "coordinates": [ 76.995244741489444, 8.373544267589722 ] } },
{ "type": "Feature", "properties": { "ID": 312, "Time_Sec": 26, "Dist_meter": 156, "Latitude": 8.373509, "Longitude": 76.995203, "Label": "Parking to STS02 – Lane 2", "New_ID": "R3_312", "Direction": "U to D" }, "geometry": { "type": "Point", "coordinates": [ 76.995202942299457, 8.373509493880832 ] } },
{ "type": "Feature", "properties": { "ID": 313, "Time_Sec": 27, "Dist_meter": 162, "Latitude": 8.373475, "Longitude": 76.995161, "Label": "Parking to STS02 – Lane 2", "New_ID": "R3_313", "Direction": "U to D" }, "geometry": { "type": "Point", "coordinates": [ 76.995161143116576, 8.373474720165715 ] } },
{ "type": "Feature", "properties": { "ID": 314, "Time_Sec": 28, "Dist_meter": 168, "Latitude": 8.37344, "Longitude": 76.995119, "Label": "Parking to STS02 – Lane 2", "New_ID": "R3_314", "Direction": "U to D" }, "geometry": { "type": "Point", "coordinates": [ 76.9951193439408, 8.373439946444373 ] } },
{ "type": "Feature", "properties": { "ID": 315, "Time_Sec": 29, "Dist_meter": 174, "Latitude": 8.373405, "Longitude": 76.995078, "Label": "Parking to STS02 – Lane 2", "New_ID": "R3_315", "Direction": "U to D" }, "geometry": { "type": "Point", "coordinates": [ 76.995077544772144, 8.373405172716803 ] } },
{ "type": "Feature", "properties": { "ID": 316, "Time_Sec": 30, "Dist_meter": 180, "Latitude": 8.37337, "Longitude": 76.995036, "Label": "Parking to STS02 – Lane 2", "New_ID": "R3_316", "Direction": "U to D" }, "geometry": { "type": "Point", "coordinates": [ 76.995035745610579, 8.373370398983006 ] } },
{ "type": "Feature", "properties": { "ID": 317, "Time_Sec": 31, "Dist_meter": 186, "Latitude": 8.373336, "Longitude": 76.994994, "Label": "Parking to STS02 – Lane 2", "New_ID": "R3_317", "Direction": "U to D" }, "geometry": { "type": "Point", "coordinates": [ 76.994993946456148, 8.373335625242985 ] } },
{ "type": "Feature", "properties": { "ID": 318, "Time_Sec": 32, "Dist_meter": 192, "Latitude": 8.373301, "Longitude": 76.994952, "Label": "Parking to STS02 – Lane 2", "New_ID": "R3_318", "Direction": "U to D" }, "geometry": { "type": "Point", "coordinates": [ 76.994952147308823, 8.373300851496737 ] } },
{ "type": "Feature", "properties": { "ID": 319, "Time_Sec": 33, "Dist_meter": 198, "Latitude": 8.373266, "Longitude": 76.99491, "Label": "Parking to STS02 – Lane 2", "New_ID": "R3_319", "Direction": "U to D" }, "geometry": { "type": "Point", "coordinates": [ 76.994910348168617, 8.373266077744262 ] } },
{ "type": "Feature", "properties": { "ID": 320, "Time_Sec": 34, "Dist_meter": 204, "Latitude": 8.373231, "Longitude": 76.994869, "Label": "Parking to STS02 – Lane 2", "New_ID": "R3_320", "Direction": "U to D" }, "geometry": { "type": "Point", "coordinates": [ 76.994868549035516, 8.373231303985563 ] } },
{ "type": "Feature", "properties": { "ID": 321, "Time_Sec": 35, "Dist_meter": 210, "Latitude": 8.373197, "Longitude": 76.994827, "Label": "Parking to STS02 – Lane 2", "New_ID": "R3_321", "Direction": "U to D" }, "geometry": { "type": "Point", "coordinates": [ 76.994826749909535, 8.373196530220637 ] } },
{ "type": "Feature", "properties": { "ID": 322, "Time_Sec": 36, "Dist_meter": 216, "Latitude": 8.373162, "Longitude": 76.994785, "Label": "Parking to STS02 – Lane 2", "New_ID": "R3_322", "Direction": "U to D" }, "geometry": { "type": "Point", "coordinates": [ 76.99478495079066, 8.373161756449484 ] } },
{ "type": "Feature", "properties": { "ID": 323, "Time_Sec": 37, "Dist_meter": 222, "Latitude": 8.373127, "Longitude": 76.994743, "Label": "Parking to STS02 – Lane 2", "New_ID": "R3_323", "Direction": "U to D" }, "geometry": { "type": "Point", "coordinates": [ 76.99474315167889, 8.373126982672105 ] } },
{ "type": "Feature", "properties": { "ID": 324, "Time_Sec": 38, "Dist_meter": 228, "Latitude": 8.373092, "Longitude": 76.994701, "Label": "Parking to STS02 – Lane 2", "New_ID": "R3_324", "Direction": "U to D" }, "geometry": { "type": "Point", "coordinates": [ 76.994701352574239, 8.373092208888501 ] } },
{ "type": "Feature", "properties": { "ID": 325, "Time_Sec": 39, "Dist_meter": 234, "Latitude": 8.373057, "Longitude": 76.99466, "Label": "Parking to STS02 – Lane 2", "New_ID": "R3_325", "Direction": "U to D" }, "geometry": { "type": "Point", "coordinates": [ 76.994659553476694, 8.373057435098673 ] } },
{ "type": "Feature", "properties": { "ID": 326, "Time_Sec": 40, "Dist_meter": 240, "Latitude": 8.373023, "Longitude": 76.994618, "Label": "Parking to STS02 – Lane 2", "New_ID": "R3_326", "Direction": "U to D" }, "geometry": { "type": "Point", "coordinates": [ 76.994617754386269, 8.373022661302617 ] } },
{ "type": "Feature", "properties": { "ID": 327, "Time_Sec": 41, "Dist_meter": 246, "Latitude": 8.372988, "Longitude": 76.994576, "Label": "Parking to STS02 – Lane 2", "New_ID": "R3_327", "Direction": "U to D" }, "geometry": { "type": "Point", "coordinates": [ 76.994575955302949, 8.372987887500338 ] } },
{ "type": "Feature", "properties": { "ID": 328, "Time_Sec": 42, "Dist_meter": 252, "Latitude": 8.372953, "Longitude": 76.994534, "Label": "Parking to STS02 – Lane 2", "New_ID": "R3_328", "Direction": "U to D" }, "geometry": { "type": "Point", "coordinates": [ 76.994534156226749, 8.372953113691828 ] } },
{ "type": "Feature", "properties": { "ID": 329, "Time_Sec": 43, "Dist_meter": 258, "Latitude": 8.372918, "Longitude": 76.994492, "Label": "Parking to STS02 – Lane 2", "New_ID": "R3_329", "Direction": "U to D" }, "geometry": { "type": "Point", "coordinates": [ 76.994492357157654, 8.372918339877097 ] } },
{ "type": "Feature", "properties": { "ID": 330, "Time_Sec": 44, "Dist_meter": 264, "Latitude": 8.372884, "Longitude": 76.994451, "Label": "Parking to STS02 – Lane 2", "New_ID": "R3_330", "Direction": "U to D" }, "geometry": { "type": "Point", "coordinates": [ 76.994450558095664, 8.37288356605614 ] } },
{ "type": "Feature", "properties": { "ID": 331, "Time_Sec": 45, "Dist_meter": 270, "Latitude": 8.372849, "Longitude": 76.994409, "Label": "Parking to STS02 – Lane 2", "New_ID": "R3_331", "Direction": "U to D" }, "geometry": { "type": "Point", "coordinates": [ 76.994408759040795, 8.372848792228959 ] } },
{ "type": "Feature", "properties": { "ID": 332, "Time_Sec": 46, "Dist_meter": 276, "Latitude": 8.372814, "Longitude": 76.994367, "Label": "Parking to STS02 – Lane 2", "New_ID": "R3_332", "Direction": "U to D" }, "geometry": { "type": "Point", "coordinates": [ 76.99436695999303, 8.372814018395548 ] } },
{ "type": "Feature", "properties": { "ID": 333, "Time_Sec": 47, "Dist_meter": 282, "Latitude": 8.372779, "Longitude": 76.994325, "Label": "Parking to STS02 – Lane 2", "New_ID": "R3_333", "Direction": "U to D" }, "geometry": { "type": "Point", "coordinates": [ 76.994325160952386, 8.372779244555916 ] } },
{ "type": "Feature", "properties": { "ID": 334, "Time_Sec": 48, "Dist_meter": 288, "Latitude": 8.372744, "Longitude": 76.994283, "Label": "Parking to STS02 – Lane 2", "New_ID": "R3_334", "Direction": "U to D" }, "geometry": { "type": "Point", "coordinates": [ 76.994283361918846, 8.372744470710057 ] } },
{ "type": "Feature", "properties": { "ID": 335, "Time_Sec": 49, "Dist_meter": 294, "Latitude": 8.37271, "Longitude": 76.994242, "Label": "Parking to STS02 – Lane 2", "New_ID": "R3_335", "Direction": "U to D" }, "geometry": { "type": "Point", "coordinates": [ 76.994241562892427, 8.372709696857971 ] } },
{ "type": "Feature", "properties": { "ID": 336, "Time_Sec": 50, "Dist_meter": 300, "Latitude": 8.372675, "Longitude": 76.9942, "Label": "Parking to STS02 – Lane 2", "New_ID": "R3_336", "Direction": "U to D" }, "geometry": { "type": "Point", "coordinates": [ 76.994199763873112, 8.372674922999661 ] } },
{ "type": "Feature", "properties": { "ID": 337, "Time_Sec": 51, "Dist_meter": 306, "Latitude": 8.37264, "Longitude": 76.994158, "Label": "Parking to STS02 – Lane 2", "New_ID": "R3_337", "Direction": "U to D" }, "geometry": { "type": "Point", "coordinates": [ 76.994157964860918, 8.372640149135128 ] } },
{ "type": "Feature", "properties": { "ID": 338, "Time_Sec": 52, "Dist_meter": 312, "Latitude": 8.372598, "Longitude": 76.99419, "Label": "Parking to STS02 – Lane 2", "New_ID": "R3_338", "Direction": "L to R" }, "geometry": { "type": "Point", "coordinates": [ 76.994189705552188, 8.372598306666582 ] } },
{ "type": "Feature", "properties": { "ID": 339, "Time_Sec": 53, "Dist_meter": 318, "Latitude": 8.372556, "Longitude": 76.994224, "Label": "Parking to STS02 – Lane 2", "New_ID": "R3_339", "Direction": "L to R" }, "geometry": { "type": "Point", "coordinates": [ 76.994224054692054, 8.372556213473231 ] } },
{ "type": "Feature", "properties": { "ID": 340, "Time_Sec": 54, "Dist_meter": 324, "Latitude": 8.372514, "Longitude": 76.994258, "Label": "Parking to STS02 – Lane 2", "New_ID": "R3_340", "Direction": "L to R" }, "geometry": { "type": "Point", "coordinates": [ 76.994258403824915, 8.372514120278542 ] } },
{ "type": "Feature", "properties": { "ID": 341, "Time_Sec": 55, "Dist_meter": 330, "Latitude": 8.372472, "Longitude": 76.994293, "Label": "Parking to STS02 – Lane 2", "New_ID": "R3_341", "Direction": "L to R" }, "geometry": { "type": "Point", "coordinates": [ 76.994292752950741, 8.372472027082507 ] } },
{ "type": "Feature", "properties": { "ID": 342, "Time_Sec": 56, "Dist_meter": 336, "Latitude": 8.37243, "Longitude": 76.994327, "Label": "Parking to STS02 – Lane 2", "New_ID": "R3_342", "Direction": "L to R" }, "geometry": { "type": "Point", "coordinates": [ 76.994327102069548, 8.372429933885133 ] } },
{ "type": "Feature", "properties": { "ID": 343, "Time_Sec": 57, "Dist_meter": 342, "Latitude": 8.372388, "Longitude": 76.994361, "Label": "Parking to STS02 – Lane 2", "New_ID": "R3_343", "Direction": "L to R" }, "geometry": { "type": "Point", "coordinates": [ 76.994361451181334, 8.372387840686413 ] } },
{ "type": "Feature", "properties": { "ID": 344, "Time_Sec": 58, "Dist_meter": 348, "Latitude": 8.372346, "Longitude": 76.994396, "Label": "Parking to STS02 – Lane 2", "New_ID": "R3_344", "Direction": "L to R" }, "geometry": { "type": "Point", "coordinates": [ 76.9943958002861, 8.372345747486353 ] } },
{ "type": "Feature", "properties": { "ID": 345, "Time_Sec": 59, "Dist_meter": 354, "Latitude": 8.372304, "Longitude": 76.99443, "Label": "Parking to STS02 – Lane 2", "New_ID": "R3_345", "Direction": "L to R" }, "geometry": { "type": "Point", "coordinates": [ 76.994430149383831, 8.372303654284954 ] } },
{ "type": "Feature", "properties": { "ID": 346, "Time_Sec": 60, "Dist_meter": 360, "Latitude": 8.372262, "Longitude": 76.994464, "Label": "Parking to STS02 – Lane 2", "New_ID": "R3_346", "Direction": "L to R" }, "geometry": { "type": "Point", "coordinates": [ 76.994464498474528, 8.372261561082208 ] } },
{ "type": "Feature", "properties": { "ID": 347, "Time_Sec": 61, "Dist_meter": 366, "Latitude": 8.372219, "Longitude": 76.994499, "Label": "Parking to STS02 – Lane 2", "New_ID": "R3_347", "Direction": "L to R" }, "geometry": { "type": "Point", "coordinates": [ 76.994498847558205, 8.372219467878123 ] } },
{ "type": "Feature", "properties": { "ID": 348, "Time_Sec": 62, "Dist_meter": 372, "Latitude": 8.372177, "Longitude": 76.994533, "Label": "Parking to STS02 – Lane 2", "New_ID": "R3_348", "Direction": "L to R" }, "geometry": { "type": "Point", "coordinates": [ 76.994533196634876, 8.372177374672694 ] } },
{ "type": "Feature", "properties": { "ID": 349, "Time_Sec": 63, "Dist_meter": 378, "Latitude": 8.372135, "Longitude": 76.994568, "Label": "Parking to STS02 – Lane 2", "New_ID": "R3_349", "Direction": "L to R" }, "geometry": { "type": "Point", "coordinates": [ 76.994567545704513, 8.372135281465926 ] } },
{ "type": "Feature", "properties": { "ID": 350, "Time_Sec": 64, "Dist_meter": 384, "Latitude": 8.372093, "Longitude": 76.994602, "Label": "Parking to STS02 – Lane 2", "New_ID": "R3_350", "Direction": "L to R" }, "geometry": { "type": "Point", "coordinates": [ 76.994601894767115, 8.372093188257814 ] } },
{ "type": "Feature", "properties": { "ID": 351, "Time_Sec": 65, "Dist_meter": 390, "Latitude": 8.372051, "Longitude": 76.994636, "Label": "Parking to STS02 – Lane 2", "New_ID": "R3_351", "Direction": "L to R" }, "geometry": { "type": "Point", "coordinates": [ 76.994636243822697, 8.372051095048363 ] } },
{ "type": "Feature", "properties": { "ID": 352, "Time_Sec": 66, "Dist_meter": 396, "Latitude": 8.372009, "Longitude": 76.994671, "Label": "Parking to STS02 – Lane 2", "New_ID": "R3_352", "Direction": "L to R" }, "geometry": { "type": "Point", "coordinates": [ 76.994670592871259, 8.372009001837567 ] } },
{ "type": "Feature", "properties": { "ID": 353, "Time_Sec": 67, "Dist_meter": 402, "Latitude": 8.371967, "Longitude": 76.994705, "Label": "Parking to STS02 – Lane 2", "New_ID": "R3_353", "Direction": "L to R" }, "geometry": { "type": "Point", "coordinates": [ 76.994704941912786, 8.37196690862543 ] } },
{ "type": "Feature", "properties": { "ID": 354, "Time_Sec": 68, "Dist_meter": 408, "Latitude": 8.371925, "Longitude": 76.994739, "Label": "Parking to STS02 – Lane 2", "New_ID": "R3_354", "Direction": "L to R" }, "geometry": { "type": "Point", "coordinates": [ 76.994739290947294, 8.371924815411951 ] } },
{ "type": "Feature", "properties": { "ID": 355, "Time_Sec": 69, "Dist_meter": 414, "Latitude": 8.371883, "Longitude": 76.994774, "Label": "Parking to STS02 – Lane 2", "New_ID": "R3_355", "Direction": "L to R" }, "geometry": { "type": "Point", "coordinates": [ 76.994773639974781, 8.371882722197132 ] } },
{ "type": "Feature", "properties": { "ID": 356, "Time_Sec": 70, "Dist_meter": 420, "Latitude": 8.371841, "Longitude": 76.994808, "Label": "Parking to STS02 – Lane 2", "New_ID": "R3_356", "Direction": "L to R" }, "geometry": { "type": "Point", "coordinates": [ 76.994807988995234, 8.371840628980967 ] } },
{ "type": "Feature", "properties": { "ID": 357, "Time_Sec": 71, "Dist_meter": 426, "Latitude": 8.371799, "Longitude": 76.994842, "Label": "Parking to STS02 – Lane 2", "New_ID": "R3_357", "Direction": "L to R" }, "geometry": { "type": "Point", "coordinates": [ 76.994842338008681, 8.371798535763467 ] } },
{ "type": "Feature", "properties": { "ID": 358, "Time_Sec": 72, "Dist_meter": 432, "Latitude": 8.371756, "Longitude": 76.994877, "Label": "Parking to STS02 – Lane 2", "New_ID": "R3_358", "Direction": "L to R" }, "geometry": { "type": "Point", "coordinates": [ 76.994876687015093, 8.371756442544623 ] } },
{ "type": "Feature", "properties": { "ID": 359, "Time_Sec": 73, "Dist_meter": 438, "Latitude": 8.371714, "Longitude": 76.994911, "Label": "Parking to STS02 – Lane 2", "New_ID": "R3_359", "Direction": "L to R" }, "geometry": { "type": "Point", "coordinates": [ 76.994911036014486, 8.371714349324439 ] } },
{ "type": "Feature", "properties": { "ID": 360, "Time_Sec": 74, "Dist_meter": 444, "Latitude": 8.371672, "Longitude": 76.994945, "Label": "Parking to STS02 – Lane 2", "New_ID": "R3_360", "Direction": "L to R" }, "geometry": { "type": "Point", "coordinates": [ 76.994945385006844, 8.37167225610291 ] } },
{ "type": "Feature", "properties": { "ID": 361, "Time_Sec": 75, "Dist_meter": 450, "Latitude": 8.37163, "Longitude": 76.99498, "Label": "Parking to STS02 – Lane 2", "New_ID": "R3_361", "Direction": "L to R" }, "geometry": { "type": "Point", "coordinates": [ 76.994979733992182, 8.371630162880042 ] } },
{ "type": "Feature", "properties": { "ID": 362, "Time_Sec": 76, "Dist_meter": 456, "Latitude": 8.371588, "Longitude": 76.995014, "Label": "Parking to STS02 – Lane 2", "New_ID": "R3_362", "Direction": "L to R" }, "geometry": { "type": "Point", "coordinates": [ 76.995014082970499, 8.371588069655832 ] } },
{ "type": "Feature", "properties": { "ID": 363, "Time_Sec": 77, "Dist_meter": 462, "Latitude": 8.371546, "Longitude": 76.995048, "Label": "Parking to STS02 – Lane 2", "New_ID": "R3_363", "Direction": "L to R" }, "geometry": { "type": "Point", "coordinates": [ 76.995048431941797, 8.371545976430282 ] } },
{ "type": "Feature", "properties": { "ID": 364, "Time_Sec": 78, "Dist_meter": 468, "Latitude": 8.371504, "Longitude": 76.995083, "Label": "Parking to STS02 – Lane 2", "New_ID": "R3_364", "Direction": "L to R" }, "geometry": { "type": "Point", "coordinates": [ 76.99508278090606, 8.37150388320339 ] } },
{ "type": "Feature", "properties": { "ID": 365, "Time_Sec": 79, "Dist_meter": 474, "Latitude": 8.371462, "Longitude": 76.995117, "Label": "Parking to STS02 – Lane 2", "New_ID": "R3_365", "Direction": "L to R" }, "geometry": { "type": "Point", "coordinates": [ 76.995117129863303, 8.371461789975156 ] } },
{ "type": "Feature", "properties": { "ID": 366, "Time_Sec": 80, "Dist_meter": 480, "Latitude": 8.37142, "Longitude": 76.995151, "Label": "Parking to STS02 – Lane 2", "New_ID": "R3_366", "Direction": "L to R" }, "geometry": { "type": "Point", "coordinates": [ 76.995151478813526, 8.371419696745582 ] } },
{ "type": "Feature", "properties": { "ID": 367, "Time_Sec": 81, "Dist_meter": 486, "Latitude": 8.371378, "Longitude": 76.995186, "Label": "Parking to STS02 – Lane 2", "New_ID": "R3_367", "Direction": "L to R" }, "geometry": { "type": "Point", "coordinates": [ 76.995185827756714, 8.371377603514667 ] } },
{ "type": "Feature", "properties": { "ID": 368, "Time_Sec": 82, "Dist_meter": 492, "Latitude": 8.371336, "Longitude": 76.99522, "Label": "Parking to STS02 – Lane 2", "New_ID": "R3_368", "Direction": "L to R" }, "geometry": { "type": "Point", "coordinates": [ 76.995220176692882, 8.37133551028241 ] } },
{ "type": "Feature", "properties": { "ID": 369, "Time_Sec": 83, "Dist_meter": 498, "Latitude": 8.371293, "Longitude": 76.995255, "Label": "Parking to STS02 – Lane 2", "New_ID": "R3_369", "Direction": "L to R" }, "geometry": { "type": "Point", "coordinates": [ 76.995254525622045, 8.371293417048815 ] } },
{ "type": "Feature", "properties": { "ID": 370, "Time_Sec": 84, "Dist_meter": 504, "Latitude": 8.371251, "Longitude": 76.995289, "Label": "Parking to STS02 – Lane 2", "New_ID": "R3_370", "Direction": "L to R" }, "geometry": { "type": "Point", "coordinates": [ 76.995288874544173, 8.371251323813876 ] } },
{ "type": "Feature", "properties": { "ID": 371, "Time_Sec": 85, "Dist_meter": 510, "Latitude": 8.371209, "Longitude": 76.995323, "Label": "Parking to STS02 – Lane 2", "New_ID": "R3_371", "Direction": "L to R" }, "geometry": { "type": "Point", "coordinates": [ 76.995323223459266, 8.371209230577598 ] } },
{ "type": "Feature", "properties": { "ID": 372, "Time_Sec": 86, "Dist_meter": 516, "Latitude": 8.371167, "Longitude": 76.995358, "Label": "Parking to STS02 – Lane 2", "New_ID": "R3_372", "Direction": "L to R" }, "geometry": { "type": "Point", "coordinates": [ 76.99535757236734, 8.371167137339979 ] } },
{ "type": "Feature", "properties": { "ID": 373, "Time_Sec": 87, "Dist_meter": 522, "Latitude": 8.371125, "Longitude": 76.995392, "Label": "Parking to STS02 – Lane 2", "New_ID": "R3_373", "Direction": "L to R" }, "geometry": { "type": "Point", "coordinates": [ 76.995391921268407, 8.371125044101019 ] } },
{ "type": "Feature", "properties": { "ID": 374, "Time_Sec": 88, "Dist_meter": 528, "Latitude": 8.371083, "Longitude": 76.995426, "Label": "Parking to STS02 – Lane 2", "New_ID": "R3_374", "Direction": "L to R" }, "geometry": { "type": "Point", "coordinates": [ 76.995426270162426, 8.371082950860716 ] } },
{ "type": "Feature", "properties": { "ID": 375, "Time_Sec": 89, "Dist_meter": 534, "Latitude": 8.371041, "Longitude": 76.995461, "Label": "Parking to STS02 – Lane 2", "New_ID": "R3_375", "Direction": "L to R" }, "geometry": { "type": "Point", "coordinates": [ 76.995460619049439, 8.371040857619075 ] } },
{ "type": "Feature", "properties": { "ID": 376, "Time_Sec": 90, "Dist_meter": 540, "Latitude": 8.370999, "Longitude": 76.995495, "Label": "Parking to STS02 – Lane 2", "New_ID": "R3_376", "Direction": "L to R" }, "geometry": { "type": "Point", "coordinates": [ 76.995494967929417, 8.370998764376095 ] } },
{ "type": "Feature", "properties": { "ID": 377, "Time_Sec": 91, "Dist_meter": 546, "Latitude": 8.370957, "Longitude": 76.995529, "Label": "Parking to STS02 – Lane 2", "New_ID": "R3_377", "Direction": "L to R" }, "geometry": { "type": "Point", "coordinates": [ 76.995529316802376, 8.37095667113177 ] } },
{ "type": "Feature", "properties": { "ID": 378, "Time_Sec": 92, "Dist_meter": 552, "Latitude": 8.370915, "Longitude": 76.995564, "Label": "Parking to STS02 – Lane 2", "New_ID": "R3_378", "Direction": "L to R" }, "geometry": { "type": "Point", "coordinates": [ 76.995563665668314, 8.37091457788611 ] } },
{ "type": "Feature", "properties": { "ID": 379, "Time_Sec": 93, "Dist_meter": 558, "Latitude": 8.370872, "Longitude": 76.995598, "Label": "Parking to STS02 – Lane 2", "New_ID": "R3_379", "Direction": "L to R" }, "geometry": { "type": "Point", "coordinates": [ 76.995598014527232, 8.370872484639104 ] } },
{ "type": "Feature", "properties": { "ID": 380, "Time_Sec": 94, "Dist_meter": 564, "Latitude": 8.370837, "Longitude": 76.995571, "Label": "Parking to STS02 – Lane 2", "New_ID": "R3_380", "Direction": "U to D" }, "geometry": { "type": "Point", "coordinates": [ 76.99557090577774, 8.370836927663055 ] } },
{ "type": "Feature", "properties": { "ID": 381, "Time_Sec": 95, "Dist_meter": 570, "Latitude": 8.370803, "Longitude": 76.995528, "Label": "Parking to STS02 – Lane 2", "New_ID": "R3_381", "Direction": "U to D" }, "geometry": { "type": "Point", "coordinates": [ 76.99552840545833, 8.370803007639417 ] } },
{ "type": "Feature", "properties": { "ID": 382, "Time_Sec": 96, "Dist_meter": 576, "Latitude": 8.370769, "Longitude": 76.995486, "Label": "Parking to STS02 – Lane 2", "New_ID": "R3_382", "Direction": "U to D" }, "geometry": { "type": "Point", "coordinates": [ 76.99548590514587, 8.370769087609419 ] } },
{ "type": "Feature", "properties": { "ID": 383, "Time_Sec": 97, "Dist_meter": 582, "Latitude": 8.370735, "Longitude": 76.995443, "Label": "Parking to STS02 – Lane 2", "New_ID": "R3_383", "Direction": "U to D" }, "geometry": { "type": "Point", "coordinates": [ 76.995443404840401, 8.370735167573066 ] } },
{ "type": "Feature", "properties": { "ID": 384, "Time_Sec": 98, "Dist_meter": 588, "Latitude": 8.370701, "Longitude": 76.995401, "Label": "Parking to STS02 – Lane 2", "New_ID": "R3_384", "Direction": "U to D" }, "geometry": { "type": "Point", "coordinates": [ 76.99540090454191, 8.370701247530356 ] } },
{ "type": "Feature", "properties": { "ID": 385, "Time_Sec": 99, "Dist_meter": 594, "Latitude": 8.370667, "Longitude": 76.995358, "Label": "Parking to STS02 – Lane 2", "New_ID": "R3_385", "Direction": "U to D" }, "geometry": { "type": "Point", "coordinates": [ 76.995358404250396, 8.370667327481286 ] } },
{ "type": "Feature", "properties": { "ID": 386, "Time_Sec": 100, "Dist_meter": 600, "Latitude": 8.370633, "Longitude": 76.995316, "Label": "Parking to STS02 – Lane 2", "New_ID": "R3_386", "Direction": "U to D" }, "geometry": { "type": "Point", "coordinates": [ 76.995315903965846, 8.370633407425858 ] } },
{ "type": "Feature", "properties": { "ID": 387, "Time_Sec": 101, "Dist_meter": 606, "Latitude": 8.370599, "Longitude": 76.995273, "Label": "Parking to STS02 – Lane 2", "New_ID": "R3_387", "Direction": "U to D" }, "geometry": { "type": "Point", "coordinates": [ 76.995273403688287, 8.370599487364071 ] } },
{ "type": "Feature", "properties": { "ID": 388, "Time_Sec": 102, "Dist_meter": 612, "Latitude": 8.370566, "Longitude": 76.995231, "Label": "Parking to STS02 – Lane 2", "New_ID": "R3_388", "Direction": "U to D" }, "geometry": { "type": "Point", "coordinates": [ 76.995230903417706, 8.370565567295928 ] } },
{ "type": "Feature", "properties": { "ID": 389, "Time_Sec": 103, "Dist_meter": 618, "Latitude": 8.370529, "Longitude": 76.995211, "Label": "Parking to STS02 – Lane 2", "New_ID": "R3_389", "Direction": "L to R" }, "geometry": { "type": "Point", "coordinates": [ 76.995210736171856, 8.37052927182684 ] } },
{ "type": "Feature", "properties": { "ID": 390, "Time_Sec": 104, "Dist_meter": 624, "Latitude": 8.370487, "Longitude": 76.995245, "Label": "Parking to STS02 – Lane 2", "New_ID": "R3_390", "Direction": "L to R" }, "geometry": { "type": "Point", "coordinates": [ 76.995245084261953, 8.37048717796946 ] } },
{ "type": "Feature", "properties": { "ID": 391, "Time_Sec": 105, "Dist_meter": 630, "Latitude": 8.370445, "Longitude": 76.995279, "Label": "Parking to STS02 – Lane 2", "New_ID": "R3_391", "Direction": "L to R" }, "geometry": { "type": "Point", "coordinates": [ 76.995279432345043, 8.370445084110738 ] } },
{ "type": "Feature", "properties": { "ID": 392, "Time_Sec": 106, "Dist_meter": 636, "Latitude": 8.370403, "Longitude": 76.995314, "Label": "Parking to STS02 – Lane 2", "New_ID": "R3_392", "Direction": "L to R" }, "geometry": { "type": "Point", "coordinates": [ 76.995313780421085, 8.370402990250676 ] } },
{ "type": "Feature", "properties": { "ID": 393, "Time_Sec": 107, "Dist_meter": 642, "Latitude": 8.370361, "Longitude": 76.995348, "Label": "Parking to STS02 – Lane 2", "New_ID": "R3_393", "Direction": "L to R" }, "geometry": { "type": "Point", "coordinates": [ 76.995348128490122, 8.370360896389275 ] } },
{ "type": "Feature", "properties": { "ID": 394, "Time_Sec": 108, "Dist_meter": 648, "Latitude": 8.370319, "Longitude": 76.995382, "Label": "Parking to STS02 – Lane 2", "New_ID": "R3_394", "Direction": "L to R" }, "geometry": { "type": "Point", "coordinates": [ 76.995382476552123, 8.370318802526533 ] } },
{ "type": "Feature", "properties": { "ID": 395, "Time_Sec": 109, "Dist_meter": 654, "Latitude": 8.370277, "Longitude": 76.995417, "Label": "Parking to STS02 – Lane 2", "New_ID": "R3_395", "Direction": "L to R" }, "geometry": { "type": "Point", "coordinates": [ 76.995416824607105, 8.370276708662452 ] } },
{ "type": "Feature", "properties": { "ID": 396, "Time_Sec": 110, "Dist_meter": 660, "Latitude": 8.370235, "Longitude": 76.995451, "Label": "Parking to STS02 – Lane 2", "New_ID": "R3_396", "Direction": "L to R" }, "geometry": { "type": "Point", "coordinates": [ 76.995451172655066, 8.370234614797029 ] } },
{ "type": "Feature", "properties": { "ID": 397, "Time_Sec": 111, "Dist_meter": 666, "Latitude": 8.370193, "Longitude": 76.995486, "Label": "Parking to STS02 – Lane 2", "New_ID": "R3_397", "Direction": "L to R" }, "geometry": { "type": "Point", "coordinates": [ 76.995485520696008, 8.370192520930267 ] } },
{ "type": "Feature", "properties": { "ID": 398, "Time_Sec": 112, "Dist_meter": 672, "Latitude": 8.37015, "Longitude": 76.99552, "Label": "Parking to STS02 – Lane 2", "New_ID": "R3_398", "Direction": "L to R" }, "geometry": { "type": "Point", "coordinates": [ 76.995519868729914, 8.370150427062162 ] } },
{ "type": "Feature", "properties": { "ID": 399, "Time_Sec": 113, "Dist_meter": 678, "Latitude": 8.370108, "Longitude": 76.995554, "Label": "Parking to STS02 – Lane 2", "New_ID": "R3_399", "Direction": "L to R" }, "geometry": { "type": "Point", "coordinates": [ 76.995554216756815, 8.370108333192722 ] } },
{ "type": "Feature", "properties": { "ID": 400, "Time_Sec": 114, "Dist_meter": 684, "Latitude": 8.370066, "Longitude": 76.995589, "Label": "Parking to STS02 – Lane 2", "New_ID": "R3_400", "Direction": "L to R" }, "geometry": { "type": "Point", "coordinates": [ 76.995588564776682, 8.370066239321938 ] } },
{ "type": "Feature", "properties": { "ID": 401, "Time_Sec": 115, "Dist_meter": 690, "Latitude": 8.370024, "Longitude": 76.995623, "Label": "Parking to STS02 – Lane 2", "New_ID": "R3_401", "Direction": "L to R" }, "geometry": { "type": "Point", "coordinates": [ 76.995622912789528, 8.370024145449817 ] } },
{ "type": "Feature", "properties": { "ID": 402, "Time_Sec": 116, "Dist_meter": 696, "Latitude": 8.369982, "Longitude": 76.995657, "Label": "Parking to STS02 – Lane 2", "New_ID": "R3_402", "Direction": "L to R" }, "geometry": { "type": "Point", "coordinates": [ 76.995657260795369, 8.369982051576352 ] } },
{ "type": "Feature", "properties": { "ID": 403, "Time_Sec": 117, "Dist_meter": 702, "Latitude": 8.36994, "Longitude": 76.995692, "Label": "Parking to STS02 – Lane 2", "New_ID": "R3_403", "Direction": "L to R" }, "geometry": { "type": "Point", "coordinates": [ 76.995691608794161, 8.369939957701549 ] } },
{ "type": "Feature", "properties": { "ID": 404, "Time_Sec": 118, "Dist_meter": 708, "Latitude": 8.369898, "Longitude": 76.995726, "Label": "Parking to STS02 – Lane 2", "New_ID": "R3_404", "Direction": "L to R" }, "geometry": { "type": "Point", "coordinates": [ 76.995725956785947, 8.369897863825408 ] } },
{ "type": "Feature", "properties": { "ID": 405, "Time_Sec": 119, "Dist_meter": 714, "Latitude": 8.369856, "Longitude": 76.99576, "Label": "Parking to STS02 – Lane 2", "New_ID": "R3_405", "Direction": "L to R" }, "geometry": { "type": "Point", "coordinates": [ 76.995760304770712, 8.369855769947925 ] } },
{ "type": "Feature", "properties": { "ID": 406, "Time_Sec": 120, "Dist_meter": 720, "Latitude": 8.369814, "Longitude": 76.995795, "Label": "Parking to STS02 – Lane 2", "New_ID": "R3_406", "Direction": "L to R" }, "geometry": { "type": "Point", "coordinates": [ 76.995794652748444, 8.369813676069104 ] } },
{ "type": "Feature", "properties": { "ID": 407, "Time_Sec": 121, "Dist_meter": 726, "Latitude": 8.369772, "Longitude": 76.995829, "Label": "Parking to STS02 – Lane 2", "New_ID": "R3_407", "Direction": "L to R" }, "geometry": { "type": "Point", "coordinates": [ 76.995829000719169, 8.369771582188941 ] } },
{ "type": "Feature", "properties": { "ID": 408, "Time_Sec": 122, "Dist_meter": 732, "Latitude": 8.369729, "Longitude": 76.995863, "Label": "Parking to STS02 – Lane 2", "New_ID": "R3_408", "Direction": "L to R" }, "geometry": { "type": "Point", "coordinates": [ 76.99586334868286, 8.369729488307442 ] } },
{ "type": "Feature", "properties": { "ID": 409, "Time_Sec": 123, "Dist_meter": 738, "Latitude": 8.369687, "Longitude": 76.995898, "Label": "Parking to STS02 – Lane 2", "New_ID": "R3_409", "Direction": "L to R" }, "geometry": { "type": "Point", "coordinates": [ 76.995897696639531, 8.369687394424599 ] } },
{ "type": "Feature", "properties": { "ID": 410, "Time_Sec": 124, "Dist_meter": 744, "Latitude": 8.369645, "Longitude": 76.995932, "Label": "Parking to STS02 – Lane 2", "New_ID": "R3_410", "Direction": "L to R" }, "geometry": { "type": "Point", "coordinates": [ 76.995932044589182, 8.369645300540419 ] } },
{ "type": "Feature", "properties": { "ID": 411, "Time_Sec": 125, "Dist_meter": 750, "Latitude": 8.369603, "Longitude": 76.995966, "Label": "Parking to STS02 – Lane 2", "New_ID": "R3_411", "Direction": "L to R" }, "geometry": { "type": "Point", "coordinates": [ 76.995966392531798, 8.369603206654899 ] } },
{ "type": "Feature", "properties": { "ID": 412, "Time_Sec": 126, "Dist_meter": 756, "Latitude": 8.369561, "Longitude": 76.996001, "Label": "Parking to STS02 – Lane 2", "New_ID": "R3_412", "Direction": "L to R" }, "geometry": { "type": "Point", "coordinates": [ 76.996000740467409, 8.369561112768039 ] } },
{ "type": "Feature", "properties": { "ID": 413, "Time_Sec": 127, "Dist_meter": 762, "Latitude": 8.369519, "Longitude": 76.996035, "Label": "Parking to STS02 – Lane 2", "New_ID": "R3_413", "Direction": "L to R" }, "geometry": { "type": "Point", "coordinates": [ 76.996035088395985, 8.369519018879839 ] } },
{ "type": "Feature", "properties": { "ID": 414, "Time_Sec": 128, "Dist_meter": 768, "Latitude": 8.369477, "Longitude": 76.996069, "Label": "Parking to STS02 – Lane 2", "New_ID": "R3_414", "Direction": "L to R" }, "geometry": { "type": "Point", "coordinates": [ 76.996069436317541, 8.369476924990298 ] } },
{ "type": "Feature", "properties": { "ID": 415, "Time_Sec": 129, "Dist_meter": 774, "Latitude": 8.369435, "Longitude": 76.996104, "Label": "Parking to STS02 – Lane 2", "New_ID": "R3_415", "Direction": "L to R" }, "geometry": { "type": "Point", "coordinates": [ 76.996103784232076, 8.369434831099422 ] } },
{ "type": "Feature", "properties": { "ID": 416, "Time_Sec": 130, "Dist_meter": 780, "Latitude": 8.369393, "Longitude": 76.996138, "Label": "Parking to STS02 – Lane 2", "New_ID": "R3_416", "Direction": "L to R" }, "geometry": { "type": "Point", "coordinates": [ 76.996138132139606, 8.369392737207203 ] } },
{ "type": "Feature", "properties": { "ID": 504, "Time_Sec": 131, "Dist_meter": 786, "Latitude": 8.369351, "Longitude": 76.996172, "Label": "Parking to STS02 – Lane 2", "New_ID": "R3_504", "Direction": "L to R" }, "geometry": { "type": "Point", "coordinates": [ 76.996172480040102, 8.369350643313648 ] } }
]
}
