{
"type": "FeatureCollection",
"name": "1E35A to STS01 -- Lane 1 Truck 1",
"crs": { "type": "name", "properties": { "name": "urn:ogc:def:crs:OGC:1.3:CRS84" } },
"xy_coordinate_resolution": 1e-15,
"features": [
{ "type": "Feature", "properties": { "Label": "1E35A to STS01 -- Lane 1 Truck 1", "New_ID": "4_2", "dist_m": 0, "time_sec": 0.0, "latitude": 8.372882, "longitude": 76.996565, "bay_no": 0, "direction": "R to L" }, "geometry": { "type": "Point", "coordinates": [ 76.996565251206448, 8.372881958356061 ] } },
{ "type": "Feature", "properties": { "Label": "1E35A to STS01 -- Lane 1 Truck 1", "New_ID": "5_2", "dist_m": 3, "time_sec": 0.5, "latitude": 8.372903, "longitude": 76.996548, "bay_no": 0, "direction": "R to L" }, "geometry": { "type": "Point", "coordinates": [ 76.9965480768482, 8.372903005085739 ] } },
{ "type": "Feature", "properties": { "Label": "1E35A to STS01 -- Lane 1 Truck 1", "New_ID": "6_2", "dist_m": 6, "time_sec": 1.0, "latitude": 8.372924, "longitude": 76.996531, "bay_no": 0, "direction": "R to L" }, "geometry": { "type": "Point", "coordinates": [ 76.996530902488189, 8.372924051815081 ] } },
{ "type": "Feature", "properties": { "Label": "1E35A to STS01 -- Lane 1 Truck 1", "New_ID": "7_2", "dist_m": 9, "time_sec": 1.5, "latitude": 8.372945, "longitude": 76.996514, "bay_no": 0, "direction": "R to L" }, "geometry": { "type": "Point", "coordinates": [ 76.996513728126445, 8.372945098544092 ] } },
{ "type": "Feature", "properties": { "Label": "1E35A to STS01 -- Lane 1 Truck 1", "New_ID": "8_2", "dist_m": 12, "time_sec": 2.0, "latitude": 8.372966, "longitude": 76.996497, "bay_no": 0, "direction": "R to L" }, "geometry": { "type": "Point", "coordinates": [ 76.996496553762924, 8.372966145272766 ] } },
{ "type": "Feature", "properties": { "Label": "1E35A to STS01 -- Lane 1 Truck 1", "New_ID": "9_2", "dist_m": 15, "time_sec": 2.5, "latitude": 8.372987, "longitude": 76.996479, "bay_no": 0, "direction": "R to L" }, "geometry": { "type": "Point", "coordinates": [ 76.996479379397641, 8.372987192001105 ] } },
{ "type": "Feature", "properties": { "Label": "1E35A to STS01 -- Lane 1 Truck 1", "New_ID": "10_2", "dist_m": 18, "time_sec": 3.0, "latitude": 8.373008, "longitude": 76.996462, "bay_no": 0, "direction": "R to L" }, "geometry": { "type": "Point", "coordinates": [ 76.99646220503061, 8.373008238729104 ] } },
{ "type": "Feature", "properties": { "Label": "1E35A to STS01 -- Lane 1 Truck 1", "New_ID": "11_2", "dist_m": 21, "time_sec": 3.5, "latitude": 8.373029, "longitude": 76.996445, "bay_no": 0, "direction": "R to L" }, "geometry": { "type": "Point", "coordinates": [ 76.996445030661505, 8.373029285457164 ] } },
{ "type": "Feature", "properties": { "Label": "1E35A to STS01 -- Lane 1 Truck 1", "New_ID": "12_2", "dist_m": 24, "time_sec": 4.0, "latitude": 8.37305, "longitude": 76.996428, "bay_no": 0, "direction": "R to L" }, "geometry": { "type": "Point", "coordinates": [ 76.996427856278984, 8.373050332174152 ] } },
{ "type": "Feature", "properties": { "Label": "1E35A to STS01 -- Lane 1 Truck 1", "New_ID": "13_2", "dist_m": 27, "time_sec": 4.5, "latitude": 8.373071, "longitude": 76.996411, "bay_no": 0, "direction": "R to L" }, "geometry": { "type": "Point", "coordinates": [ 76.996410681894417, 8.373071378891224 ] } },
{ "type": "Feature", "properties": { "Label": "1E35A to STS01 -- Lane 1 Truck 1", "New_ID": "14_2", "dist_m": 30, "time_sec": 5.0, "latitude": 8.373092, "longitude": 76.996394, "bay_no": 0, "direction": "R to L" }, "geometry": { "type": "Point", "coordinates": [ 76.996393507508088, 8.373092425607961 ] } },
{ "type": "Feature", "properties": { "Label": "1E35A to STS01 -- Lane 1 Truck 1", "New_ID": "15_2", "dist_m": 33, "time_sec": 5.5, "latitude": 8.373113, "longitude": 76.996376, "bay_no": 0, "direction": "R to L" }, "geometry": { "type": "Point", "coordinates": [ 76.996376333120011, 8.373113472324359 ] } },
{ "type": "Feature", "properties": { "Label": "1E35A to STS01 -- Lane 1 Truck 1", "New_ID": "16_2", "dist_m": 36, "time_sec": 6.0, "latitude": 8.373135, "longitude": 76.996359, "bay_no": 0, "direction": "R to L" }, "geometry": { "type": "Point", "coordinates": [ 76.996359158730172, 8.373134519040425 ] } },
{ "type": "Feature", "properties": { "Label": "1E35A to STS01 -- Lane 1 Truck 1", "New_ID": "17_2", "dist_m": 39, "time_sec": 6.5, "latitude": 8.373156, "longitude": 76.996342, "bay_no": 0, "direction": "R to L" }, "geometry": { "type": "Point", "coordinates": [ 76.996341984338585, 8.373155565756154 ] } },
{ "type": "Feature", "properties": { "Label": "1E35A to STS01 -- Lane 1 Truck 1", "New_ID": "18_2", "dist_m": 42, "time_sec": 7.0, "latitude": 8.373177, "longitude": 76.996325, "bay_no": 0, "direction": "R to L" }, "geometry": { "type": "Point", "coordinates": [ 76.996324809945236, 8.37317661247155 ] } },
{ "type": "Feature", "properties": { "Label": "1E35A to STS01 -- Lane 1 Truck 1", "New_ID": "19_2", "dist_m": 45, "time_sec": 7.5, "latitude": 8.373198, "longitude": 76.996308, "bay_no": 0, "direction": "R to L" }, "geometry": { "type": "Point", "coordinates": [ 76.996307635550139, 8.373197659186609 ] } },
{ "type": "Feature", "properties": { "Label": "1E35A to STS01 -- Lane 1 Truck 1", "New_ID": "20_2", "dist_m": 48, "time_sec": 8.0, "latitude": 8.373219, "longitude": 76.99629, "bay_no": 0, "direction": "R to L" }, "geometry": { "type": "Point", "coordinates": [ 76.996290461153265, 8.373218705901333 ] } },
{ "type": "Feature", "properties": { "Label": "1E35A to STS01 -- Lane 1 Truck 1", "New_ID": "21_2", "dist_m": 51, "time_sec": 8.5, "latitude": 8.37324, "longitude": 76.996273, "bay_no": 0, "direction": "R to L" }, "geometry": { "type": "Point", "coordinates": [ 76.996273286754658, 8.373239752615724 ] } },
{ "type": "Feature", "properties": { "Label": "1E35A to STS01 -- Lane 1 Truck 1", "New_ID": "22_2", "dist_m": 54, "time_sec": 9.0, "latitude": 8.373261, "longitude": 76.996256, "bay_no": 0, "direction": "R to L" }, "geometry": { "type": "Point", "coordinates": [ 76.996256112354288, 8.373260799329779 ] } },
{ "type": "Feature", "properties": { "Label": "1E35A to STS01 -- Lane 1 Truck 1", "New_ID": "23_2", "dist_m": 57, "time_sec": 9.5, "latitude": 8.373282, "longitude": 76.996239, "bay_no": 0, "direction": "R to L" }, "geometry": { "type": "Point", "coordinates": [ 76.996238937952157, 8.373281846043497 ] } },
{ "type": "Feature", "properties": { "Label": "1E35A to STS01 -- Lane 1 Truck 1", "New_ID": "24_2", "dist_m": 60, "time_sec": 10.0, "latitude": 8.373303, "longitude": 76.996222, "bay_no": 0, "direction": "R to L" }, "geometry": { "type": "Point", "coordinates": [ 76.996221763548263, 8.373302892756881 ] } },
{ "type": "Feature", "properties": { "Label": "1E35A to STS01 -- Lane 1 Truck 1", "New_ID": "25_2", "dist_m": 63, "time_sec": 10.5, "latitude": 8.373324, "longitude": 76.996205, "bay_no": 0, "direction": "R to L" }, "geometry": { "type": "Point", "coordinates": [ 76.996204589142621, 8.373323939469929 ] } },
{ "type": "Feature", "properties": { "Label": "1E35A to STS01 -- Lane 1 Truck 1", "New_ID": "26_2", "dist_m": 66, "time_sec": 11.0, "latitude": 8.373345, "longitude": 76.996187, "bay_no": 0, "direction": "R to L" }, "geometry": { "type": "Point", "coordinates": [ 76.996187414735232, 8.373344986182643 ] } },
{ "type": "Feature", "properties": { "Label": "1E35A to STS01 -- Lane 1 Truck 1", "New_ID": "27_2", "dist_m": 69, "time_sec": 11.5, "latitude": 8.373366, "longitude": 76.99617, "bay_no": 0, "direction": "R to L" }, "geometry": { "type": "Point", "coordinates": [ 76.996170240326066, 8.373366032895021 ] } },
{ "type": "Feature", "properties": { "Label": "1E35A to STS01 -- Lane 1 Truck 1", "New_ID": "28_2", "dist_m": 72, "time_sec": 12.0, "latitude": 8.373387, "longitude": 76.996153, "bay_no": 0, "direction": "R to L" }, "geometry": { "type": "Point", "coordinates": [ 76.996153065915166, 8.373387079607065 ] } },
{ "type": "Feature", "properties": { "Label": "1E35A to STS01 -- Lane 1 Truck 1", "New_ID": "29_2", "dist_m": 75, "time_sec": 12.5, "latitude": 8.373408, "longitude": 76.996136, "bay_no": 0, "direction": "R to L" }, "geometry": { "type": "Point", "coordinates": [ 76.99613589150249, 8.373408126318772 ] } },
{ "type": "Feature", "properties": { "Label": "1E35A to STS01 -- Lane 1 Truck 1", "New_ID": "30_2", "dist_m": 78, "time_sec": 13.0, "latitude": 8.373429, "longitude": 76.996119, "bay_no": 0, "direction": "R to L" }, "geometry": { "type": "Point", "coordinates": [ 76.996118717088066, 8.373429173030145 ] } },
{ "type": "Feature", "properties": { "Label": "1E35A to STS01 -- Lane 1 Truck 1", "New_ID": "31_2", "dist_m": 81, "time_sec": 13.5, "latitude": 8.37345, "longitude": 76.996102, "bay_no": 0, "direction": "R to L" }, "geometry": { "type": "Point", "coordinates": [ 76.99610154267188, 8.373450219741182 ] } },
{ "type": "Feature", "properties": { "Label": "1E35A to STS01 -- Lane 1 Truck 1", "New_ID": "32_2", "dist_m": 84, "time_sec": 14.0, "latitude": 8.373471, "longitude": 76.996084, "bay_no": 0, "direction": "R to L" }, "geometry": { "type": "Point", "coordinates": [ 76.996084368253946, 8.373471266451885 ] } },
{ "type": "Feature", "properties": { "Label": "1E35A to STS01 -- Lane 1 Truck 1", "New_ID": "33_2", "dist_m": 87, "time_sec": 14.5, "latitude": 8.373492, "longitude": 76.996067, "bay_no": 0, "direction": "R to L" }, "geometry": { "type": "Point", "coordinates": [ 76.996067193834264, 8.373492313162252 ] } },
{ "type": "Feature", "properties": { "Label": "1E35A to STS01 -- Lane 1 Truck 1", "New_ID": "34_2", "dist_m": 90, "time_sec": 15.0, "latitude": 8.373513, "longitude": 76.99605, "bay_no": 0, "direction": "R to L" }, "geometry": { "type": "Point", "coordinates": [ 76.996050019412806, 8.373513359872286 ] } },
{ "type": "Feature", "properties": { "Label": "1E35A to STS01 -- Lane 1 Truck 1", "New_ID": "35_2", "dist_m": 93, "time_sec": 15.5, "latitude": 8.373534, "longitude": 76.996033, "bay_no": 0, "direction": "R to L" }, "geometry": { "type": "Point", "coordinates": [ 76.9960328449896, 8.37353440658198 ] } },
{ "type": "Feature", "properties": { "Label": "1E35A to STS01 -- Lane 1 Truck 1", "New_ID": "36_2", "dist_m": 96, "time_sec": 16.0, "latitude": 8.373555, "longitude": 76.996016, "bay_no": 0, "direction": "R to L" }, "geometry": { "type": "Point", "coordinates": [ 76.996015670564631, 8.37355545329134 ] } },
{ "type": "Feature", "properties": { "Label": "1E35A to STS01 -- Lane 1 Truck 1", "New_ID": "37_2", "dist_m": 99, "time_sec": 16.5, "latitude": 8.373577, "longitude": 76.995998, "bay_no": 0, "direction": "R to L" }, "geometry": { "type": "Point", "coordinates": [ 76.995998496137929, 8.373576500000368 ] } },
{ "type": "Feature", "properties": { "Label": "1E35A to STS01 -- Lane 1 Truck 1", "New_ID": "38_2", "dist_m": 102, "time_sec": 17.0, "latitude": 8.373598, "longitude": 76.995981, "bay_no": 0, "direction": "R to L" }, "geometry": { "type": "Point", "coordinates": [ 76.995981321709451, 8.373597546709059 ] } },
{ "type": "Feature", "properties": { "Label": "1E35A to STS01 -- Lane 1 Truck 1", "New_ID": "39_2", "dist_m": 105, "time_sec": 17.5, "latitude": 8.373619, "longitude": 76.995964, "bay_no": 0, "direction": "R to L" }, "geometry": { "type": "Point", "coordinates": [ 76.99596414727921, 8.373618593417415 ] } },
{ "type": "Feature", "properties": { "Label": "1E35A to STS01 -- Lane 1 Truck 1", "New_ID": "40_2", "dist_m": 108, "time_sec": 18.0, "latitude": 8.37364, "longitude": 76.995947, "bay_no": 0, "direction": "R to L" }, "geometry": { "type": "Point", "coordinates": [ 76.995946972847221, 8.373639640125434 ] } },
{ "type": "Feature", "properties": { "Label": "1E35A to STS01 -- Lane 1 Truck 1", "New_ID": "41_2", "dist_m": 111, "time_sec": 18.5, "latitude": 8.373661, "longitude": 76.99593, "bay_no": 0, "direction": "R to L" }, "geometry": { "type": "Point", "coordinates": [ 76.995929798413485, 8.373660686833118 ] } },
{ "type": "Feature", "properties": { "Label": "1E35A to STS01 -- Lane 1 Truck 1", "New_ID": "42_2", "dist_m": 114, "time_sec": 19.0, "latitude": 8.373682, "longitude": 76.995913, "bay_no": 0, "direction": "R to L" }, "geometry": { "type": "Point", "coordinates": [ 76.995912623977986, 8.373681733540467 ] } },
{ "type": "Feature", "properties": { "Label": "1E35A to STS01 -- Lane 1 Truck 1", "New_ID": "43_2", "dist_m": 117, "time_sec": 19.5, "latitude": 8.373703, "longitude": 76.995895, "bay_no": 0, "direction": "R to L" }, "geometry": { "type": "Point", "coordinates": [ 76.995895449540726, 8.373702780247486 ] } },
{ "type": "Feature", "properties": { "Label": "1E35A to STS01 -- Lane 1 Truck 1", "New_ID": "44_2", "dist_m": 120, "time_sec": 20.0, "latitude": 8.373724, "longitude": 76.995878, "bay_no": 0, "direction": "R to L" }, "geometry": { "type": "Point", "coordinates": [ 76.995878275101717, 8.373723826954164 ] } },
{ "type": "Feature", "properties": { "Label": "1E35A to STS01 -- Lane 1 Truck 1", "New_ID": "45_2", "dist_m": 123, "time_sec": 20.5, "latitude": 8.373745, "longitude": 76.995861, "bay_no": 0, "direction": "R to L" }, "geometry": { "type": "Point", "coordinates": [ 76.995861100660946, 8.373744873660506 ] } },
{ "type": "Feature", "properties": { "Label": "1E35A to STS01 -- Lane 1 Truck 1", "New_ID": "46_2", "dist_m": 126, "time_sec": 21.0, "latitude": 8.373766, "longitude": 76.995844, "bay_no": 0, "direction": "R to L" }, "geometry": { "type": "Point", "coordinates": [ 76.995843926218413, 8.373765920366514 ] } },
{ "type": "Feature", "properties": { "Label": "1E35A to STS01 -- Lane 1 Truck 1", "New_ID": "47_2", "dist_m": 129, "time_sec": 21.5, "latitude": 8.373787, "longitude": 76.995827, "bay_no": 0, "direction": "R to L" }, "geometry": { "type": "Point", "coordinates": [ 76.995826751774118, 8.373786967072187 ] } },
{ "type": "Feature", "properties": { "Label": "1E35A to STS01 -- Lane 1 Truck 1", "New_ID": "48_2", "dist_m": 132, "time_sec": 22.0, "latitude": 8.373808, "longitude": 76.99581, "bay_no": 0, "direction": "R to L" }, "geometry": { "type": "Point", "coordinates": [ 76.995809577328089, 8.373808013777525 ] } },
{ "type": "Feature", "properties": { "Label": "1E35A to STS01 -- Lane 1 Truck 1", "New_ID": "49_2", "dist_m": 135, "time_sec": 22.5, "latitude": 8.373829, "longitude": 76.995792, "bay_no": 0, "direction": "R to L" }, "geometry": { "type": "Point", "coordinates": [ 76.995792402880298, 8.373829060482528 ] } },
{ "type": "Feature", "properties": { "Label": "1E35A to STS01 -- Lane 1 Truck 1", "New_ID": "50_2", "dist_m": 138, "time_sec": 23.0, "latitude": 8.37385, "longitude": 76.995775, "bay_no": 0, "direction": "R to L" }, "geometry": { "type": "Point", "coordinates": [ 76.99577522843073, 8.373850107187195 ] } },
{ "type": "Feature", "properties": { "Label": "1E35A to STS01 -- Lane 1 Truck 1", "New_ID": "51_2", "dist_m": 141, "time_sec": 23.5, "latitude": 8.373871, "longitude": 76.995758, "bay_no": 0, "direction": "R to L" }, "geometry": { "type": "Point", "coordinates": [ 76.995758053979429, 8.373871153891526 ] } },
{ "type": "Feature", "properties": { "Label": "1E35A to STS01 -- Lane 1 Truck 1", "New_ID": "52_2", "dist_m": 144, "time_sec": 24.0, "latitude": 8.373892, "longitude": 76.995741, "bay_no": 0, "direction": "R to L" }, "geometry": { "type": "Point", "coordinates": [ 76.995740879526366, 8.373892200595524 ] } },
{ "type": "Feature", "properties": { "Label": "1E35A to STS01 -- Lane 1 Truck 1", "New_ID": "53_2", "dist_m": 147, "time_sec": 24.5, "latitude": 8.373913, "longitude": 76.995724, "bay_no": 0, "direction": "R to L" }, "geometry": { "type": "Point", "coordinates": [ 76.995723705071541, 8.373913247299184 ] } },
{ "type": "Feature", "properties": { "Label": "1E35A to STS01 -- Lane 1 Truck 1", "New_ID": "54_2", "dist_m": 150, "time_sec": 25.0, "latitude": 8.373928, "longitude": 76.995706, "bay_no": 0, "direction": "U to D" }, "geometry": { "type": "Point", "coordinates": [ 76.995705913283047, 8.373927924865985 ] } },
{ "type": "Feature", "properties": { "Label": "1E35A to STS01 -- Lane 1 Truck 1", "New_ID": "55_2", "dist_m": 153, "time_sec": 25.5, "latitude": 8.373911, "longitude": 76.995685, "bay_no": 0, "direction": "U to D" }, "geometry": { "type": "Point", "coordinates": [ 76.995685013638521, 8.373910538057888 ] } },
{ "type": "Feature", "properties": { "Label": "1E35A to STS01 -- Lane 1 Truck 1", "New_ID": "56_2", "dist_m": 156, "time_sec": 26.0, "latitude": 8.373893, "longitude": 76.995664, "bay_no": 0, "direction": "U to D" }, "geometry": { "type": "Point", "coordinates": [ 76.995664113995772, 8.373893151248232 ] } },
{ "type": "Feature", "properties": { "Label": "1E35A to STS01 -- Lane 1 Truck 1", "New_ID": "57_2", "dist_m": 159, "time_sec": 26.5, "latitude": 8.373876, "longitude": 76.995643, "bay_no": 0, "direction": "U to D" }, "geometry": { "type": "Point", "coordinates": [ 76.9956432143548, 8.37387576443702 ] } },
{ "type": "Feature", "properties": { "Label": "1E35A to STS01 -- Lane 1 Truck 1", "New_ID": "58_2", "dist_m": 162, "time_sec": 27.0, "latitude": 8.373858, "longitude": 76.995622, "bay_no": 0, "direction": "U to D" }, "geometry": { "type": "Point", "coordinates": [ 76.99562231471559, 8.37385837762425 ] } },
{ "type": "Feature", "properties": { "Label": "1E35A to STS01 -- Lane 1 Truck 1", "New_ID": "59_2", "dist_m": 165, "time_sec": 27.5, "latitude": 8.373841, "longitude": 76.995601, "bay_no": 0, "direction": "U to D" }, "geometry": { "type": "Point", "coordinates": [ 76.995601415078184, 8.373840990809924 ] } },
{ "type": "Feature", "properties": { "Label": "1E35A to STS01 -- Lane 1 Truck 1", "New_ID": "60_2", "dist_m": 168, "time_sec": 28.0, "latitude": 8.373824, "longitude": 76.995581, "bay_no": 0, "direction": "U to D" }, "geometry": { "type": "Point", "coordinates": [ 76.995580515442526, 8.373823603994044 ] } },
{ "type": "Feature", "properties": { "Label": "1E35A to STS01 -- Lane 1 Truck 1", "New_ID": "61_2", "dist_m": 171, "time_sec": 28.5, "latitude": 8.373806, "longitude": 76.99556, "bay_no": 0, "direction": "U to D" }, "geometry": { "type": "Point", "coordinates": [ 76.995559615808673, 8.373806217176602 ] } },
{ "type": "Feature", "properties": { "Label": "1E35A to STS01 -- Lane 1 Truck 1", "New_ID": "62_2", "dist_m": 174, "time_sec": 29.0, "latitude": 8.373789, "longitude": 76.995539, "bay_no": 0, "direction": "U to D" }, "geometry": { "type": "Point", "coordinates": [ 76.995538716176583, 8.373788830357606 ] } },
{ "type": "Feature", "properties": { "Label": "1E35A to STS01 -- Lane 1 Truck 1", "New_ID": "63_2", "dist_m": 177, "time_sec": 29.5, "latitude": 8.373771, "longitude": 76.995518, "bay_no": 0, "direction": "U to D" }, "geometry": { "type": "Point", "coordinates": [ 76.995517816546268, 8.373771443537056 ] } },
{ "type": "Feature", "properties": { "Label": "1E35A to STS01 -- Lane 1 Truck 1", "New_ID": "64_2", "dist_m": 180, "time_sec": 30.0, "latitude": 8.373754, "longitude": 76.995497, "bay_no": 0, "direction": "U to D" }, "geometry": { "type": "Point", "coordinates": [ 76.995496916917759, 8.373754056714946 ] } },
{ "type": "Feature", "properties": { "Label": "1E35A to STS01 -- Lane 1 Truck 1", "New_ID": "65_2", "dist_m": 183, "time_sec": 30.5, "latitude": 8.373737, "longitude": 76.995476, "bay_no": 0, "direction": "U to D" }, "geometry": { "type": "Point", "coordinates": [ 76.995476017290997, 8.373736669891279 ] } },
{ "type": "Feature", "properties": { "Label": "1E35A to STS01 -- Lane 1 Truck 1", "New_ID": "66_2", "dist_m": 186, "time_sec": 31.0, "latitude": 8.373719, "longitude": 76.995455, "bay_no": 0, "direction": "U to D" }, "geometry": { "type": "Point", "coordinates": [ 76.995455117666026, 8.373719283066055 ] } },
{ "type": "Feature", "properties": { "Label": "1E35A to STS01 -- Lane 1 Truck 1", "New_ID": "67_2", "dist_m": 189, "time_sec": 31.5, "latitude": 8.373702, "longitude": 76.995434, "bay_no": 0, "direction": "U to D" }, "geometry": { "type": "Point", "coordinates": [ 76.995434218042831, 8.373701896239277 ] } },
{ "type": "Feature", "properties": { "Label": "1E35A to STS01 -- Lane 1 Truck 1", "New_ID": "68_2", "dist_m": 192, "time_sec": 32.0, "latitude": 8.373685, "longitude": 76.995413, "bay_no": 0, "direction": "U to D" }, "geometry": { "type": "Point", "coordinates": [ 76.995413318421427, 8.373684509410943 ] } },
{ "type": "Feature", "properties": { "Label": "1E35A to STS01 -- Lane 1 Truck 1", "New_ID": "69_2", "dist_m": 195, "time_sec": 32.5, "latitude": 8.373667, "longitude": 76.995392, "bay_no": 0, "direction": "U to D" }, "geometry": { "type": "Point", "coordinates": [ 76.995392418801785, 8.373667122581049 ] } },
{ "type": "Feature", "properties": { "Label": "1E35A to STS01 -- Lane 1 Truck 1", "New_ID": "70_2", "dist_m": 198, "time_sec": 33.0, "latitude": 8.37365, "longitude": 76.995372, "bay_no": 0, "direction": "U to D" }, "geometry": { "type": "Point", "coordinates": [ 76.995371519183919, 8.3736497357496 ] } },
{ "type": "Feature", "properties": { "Label": "1E35A to STS01 -- Lane 1 Truck 1", "New_ID": "71_2", "dist_m": 201, "time_sec": 33.5, "latitude": 8.373632, "longitude": 76.995351, "bay_no": 0, "direction": "U to D" }, "geometry": { "type": "Point", "coordinates": [ 76.99535061956783, 8.373632348916594 ] } },
{ "type": "Feature", "properties": { "Label": "1E35A to STS01 -- Lane 1 Truck 1", "New_ID": "72_2", "dist_m": 204, "time_sec": 34.0, "latitude": 8.373615, "longitude": 76.99533, "bay_no": 0, "direction": "U to D" }, "geometry": { "type": "Point", "coordinates": [ 76.995329719953531, 8.373614962082032 ] } },
{ "type": "Feature", "properties": { "Label": "1E35A to STS01 -- Lane 1 Truck 1", "New_ID": "73_2", "dist_m": 207, "time_sec": 34.5, "latitude": 8.373598, "longitude": 76.995309, "bay_no": 0, "direction": "U to D" }, "geometry": { "type": "Point", "coordinates": [ 76.995308820341009, 8.37359757524591 ] } },
{ "type": "Feature", "properties": { "Label": "1E35A to STS01 -- Lane 1 Truck 1", "New_ID": "74_2", "dist_m": 210, "time_sec": 35.0, "latitude": 8.37358, "longitude": 76.995288, "bay_no": 0, "direction": "U to D" }, "geometry": { "type": "Point", "coordinates": [ 76.995287920730263, 8.373580188408235 ] } },
{ "type": "Feature", "properties": { "Label": "1E35A to STS01 -- Lane 1 Truck 1", "New_ID": "75_2", "dist_m": 213, "time_sec": 35.5, "latitude": 8.373563, "longitude": 76.995267, "bay_no": 0, "direction": "U to D" }, "geometry": { "type": "Point", "coordinates": [ 76.995267021121279, 8.373562801569003 ] } },
{ "type": "Feature", "properties": { "Label": "1E35A to STS01 -- Lane 1 Truck 1", "New_ID": "76_2", "dist_m": 216, "time_sec": 36.0, "latitude": 8.373545, "longitude": 76.995246, "bay_no": 0, "direction": "U to D" }, "geometry": { "type": "Point", "coordinates": [ 76.9952461215141, 8.373545414728214 ] } },
{ "type": "Feature", "properties": { "Label": "1E35A to STS01 -- Lane 1 Truck 1", "New_ID": "77_2", "dist_m": 219, "time_sec": 36.5, "latitude": 8.373528, "longitude": 76.995225, "bay_no": 0, "direction": "U to D" }, "geometry": { "type": "Point", "coordinates": [ 76.995225221908683, 8.373528027885866 ] } },
{ "type": "Feature", "properties": { "Label": "1E35A to STS01 -- Lane 1 Truck 1", "New_ID": "78_2", "dist_m": 222, "time_sec": 37.0, "latitude": 8.373511, "longitude": 76.995204, "bay_no": 0, "direction": "U to D" }, "geometry": { "type": "Point", "coordinates": [ 76.995204322305042, 8.373510641041964 ] } },
{ "type": "Feature", "properties": { "Label": "1E35A to STS01 -- Lane 1 Truck 1", "New_ID": "79_2", "dist_m": 225, "time_sec": 37.5, "latitude": 8.373493, "longitude": 76.995183, "bay_no": 0, "direction": "U to D" }, "geometry": { "type": "Point", "coordinates": [ 76.995183422703178, 8.373493254196507 ] } },
{ "type": "Feature", "properties": { "Label": "1E35A to STS01 -- Lane 1 Truck 1", "New_ID": "80_2", "dist_m": 228, "time_sec": 38.0, "latitude": 8.373476, "longitude": 76.995163, "bay_no": 0, "direction": "U to D" }, "geometry": { "type": "Point", "coordinates": [ 76.995162523103104, 8.373475867349489 ] } },
{ "type": "Feature", "properties": { "Label": "1E35A to STS01 -- Lane 1 Truck 1", "New_ID": "81_2", "dist_m": 231, "time_sec": 38.5, "latitude": 8.373458, "longitude": 76.995142, "bay_no": 0, "direction": "U to D" }, "geometry": { "type": "Point", "coordinates": [ 76.995141623504793, 8.373458480500915 ] } },
{ "type": "Feature", "properties": { "Label": "1E35A to STS01 -- Lane 1 Truck 1", "New_ID": "82_2", "dist_m": 234, "time_sec": 39.0, "latitude": 8.373441, "longitude": 76.995121, "bay_no": 0, "direction": "U to D" }, "geometry": { "type": "Point", "coordinates": [ 76.995120723908272, 8.373441093650786 ] } },
{ "type": "Feature", "properties": { "Label": "1E35A to STS01 -- Lane 1 Truck 1", "New_ID": "83_2", "dist_m": 237, "time_sec": 39.5, "latitude": 8.373424, "longitude": 76.9951, "bay_no": 0, "direction": "U to D" }, "geometry": { "type": "Point", "coordinates": [ 76.995099824313527, 8.373423706799102 ] } },
{ "type": "Feature", "properties": { "Label": "1E35A to STS01 -- Lane 1 Truck 1", "New_ID": "84_2", "dist_m": 240, "time_sec": 40.0, "latitude": 8.373406, "longitude": 76.995079, "bay_no": 0, "direction": "U to D" }, "geometry": { "type": "Point", "coordinates": [ 76.995078924720559, 8.373406319945859 ] } },
{ "type": "Feature", "properties": { "Label": "1E35A to STS01 -- Lane 1 Truck 1", "New_ID": "85_2", "dist_m": 243, "time_sec": 40.5, "latitude": 8.373389, "longitude": 76.995058, "bay_no": 0, "direction": "U to D" }, "geometry": { "type": "Point", "coordinates": [ 76.995058025129367, 8.373388933091062 ] } },
{ "type": "Feature", "properties": { "Label": "1E35A to STS01 -- Lane 1 Truck 1", "New_ID": "86_2", "dist_m": 246, "time_sec": 41.0, "latitude": 8.373372, "longitude": 76.995037, "bay_no": 0, "direction": "U to D" }, "geometry": { "type": "Point", "coordinates": [ 76.995037125539952, 8.373371546234706 ] } },
{ "type": "Feature", "properties": { "Label": "1E35A to STS01 -- Lane 1 Truck 1", "New_ID": "87_2", "dist_m": 249, "time_sec": 41.5, "latitude": 8.373354, "longitude": 76.995016, "bay_no": 0, "direction": "U to D" }, "geometry": { "type": "Point", "coordinates": [ 76.995016225952327, 8.373354159376794 ] } },
{ "type": "Feature", "properties": { "Label": "1E35A to STS01 -- Lane 1 Truck 1", "New_ID": "88_2", "dist_m": 252, "time_sec": 42.0, "latitude": 8.373337, "longitude": 76.994995, "bay_no": 0, "direction": "U to D" }, "geometry": { "type": "Point", "coordinates": [ 76.994995326366478, 8.373336772517325 ] } },
{ "type": "Feature", "properties": { "Label": "1E35A to STS01 -- Lane 1 Truck 1", "New_ID": "89_2", "dist_m": 255, "time_sec": 42.5, "latitude": 8.373319, "longitude": 76.994974, "bay_no": 0, "direction": "U to D" }, "geometry": { "type": "Point", "coordinates": [ 76.994974426782392, 8.3733193856563 ] } },
{ "type": "Feature", "properties": { "Label": "1E35A to STS01 -- Lane 1 Truck 1", "New_ID": "90_2", "dist_m": 258, "time_sec": 43.0, "latitude": 8.373302, "longitude": 76.994954, "bay_no": 0, "direction": "U to D" }, "geometry": { "type": "Point", "coordinates": [ 76.994953527200096, 8.373301998793719 ] } },
{ "type": "Feature", "properties": { "Label": "1E35A to STS01 -- Lane 1 Truck 1", "New_ID": "91_2", "dist_m": 261, "time_sec": 43.5, "latitude": 8.373285, "longitude": 76.994933, "bay_no": 0, "direction": "U to D" }, "geometry": { "type": "Point", "coordinates": [ 76.994932627619576, 8.373284611929581 ] } },
{ "type": "Feature", "properties": { "Label": "1E35A to STS01 -- Lane 1 Truck 1", "New_ID": "92_2", "dist_m": 264, "time_sec": 44.0, "latitude": 8.373267, "longitude": 76.994912, "bay_no": 0, "direction": "U to D" }, "geometry": { "type": "Point", "coordinates": [ 76.994911728040819, 8.373267225063888 ] } },
{ "type": "Feature", "properties": { "Label": "1E35A to STS01 -- Lane 1 Truck 1", "New_ID": "93_2", "dist_m": 267, "time_sec": 44.5, "latitude": 8.37325, "longitude": 76.994891, "bay_no": 0, "direction": "U to D" }, "geometry": { "type": "Point", "coordinates": [ 76.994890828463852, 8.373249838196635 ] } },
{ "type": "Feature", "properties": { "Label": "1E35A to STS01 -- Lane 1 Truck 1", "New_ID": "94_2", "dist_m": 270, "time_sec": 45.0, "latitude": 8.373232, "longitude": 76.99487, "bay_no": 0, "direction": "U to D" }, "geometry": { "type": "Point", "coordinates": [ 76.994869928888662, 8.373232451327828 ] } },
{ "type": "Feature", "properties": { "Label": "1E35A to STS01 -- Lane 1 Truck 1", "New_ID": "95_2", "dist_m": 273, "time_sec": 45.5, "latitude": 8.373215, "longitude": 76.994849, "bay_no": 0, "direction": "U to D" }, "geometry": { "type": "Point", "coordinates": [ 76.994849029315262, 8.373215064457463 ] } },
{ "type": "Feature", "properties": { "Label": "1E35A to STS01 -- Lane 1 Truck 1", "New_ID": "96_2", "dist_m": 276, "time_sec": 46.0, "latitude": 8.373198, "longitude": 76.994828, "bay_no": 0, "direction": "U to D" }, "geometry": { "type": "Point", "coordinates": [ 76.994828129743624, 8.373197677585543 ] } },
{ "type": "Feature", "properties": { "Label": "1E35A to STS01 -- Lane 1 Truck 1", "New_ID": "97_2", "dist_m": 279, "time_sec": 46.5, "latitude": 8.37318, "longitude": 76.994807, "bay_no": 0, "direction": "U to D" }, "geometry": { "type": "Point", "coordinates": [ 76.994807230173777, 8.373180290712066 ] } },
{ "type": "Feature", "properties": { "Label": "1E35A to STS01 -- Lane 1 Truck 1", "New_ID": "98_2", "dist_m": 282, "time_sec": 47.0, "latitude": 8.373163, "longitude": 76.994786, "bay_no": 0, "direction": "U to D" }, "geometry": { "type": "Point", "coordinates": [ 76.994786330605692, 8.373162903837033 ] } },
{ "type": "Feature", "properties": { "Label": "1E35A to STS01 -- Lane 1 Truck 1", "New_ID": "99_2", "dist_m": 285, "time_sec": 47.5, "latitude": 8.373146, "longitude": 76.994765, "bay_no": 0, "direction": "U to D" }, "geometry": { "type": "Point", "coordinates": [ 76.994765431039397, 8.373145516960442 ] } },
{ "type": "Feature", "properties": { "Label": "1E35A to STS01 -- Lane 1 Truck 1", "New_ID": "100_2", "dist_m": 288, "time_sec": 48.0, "latitude": 8.373128, "longitude": 76.994745, "bay_no": 0, "direction": "U to D" }, "geometry": { "type": "Point", "coordinates": [ 76.994744531474865, 8.373128130082298 ] } },
{ "type": "Feature", "properties": { "Label": "1E35A to STS01 -- Lane 1 Truck 1", "New_ID": "101_2", "dist_m": 291, "time_sec": 48.5, "latitude": 8.373111, "longitude": 76.994724, "bay_no": 0, "direction": "U to D" }, "geometry": { "type": "Point", "coordinates": [ 76.994723631912123, 8.373110743202592 ] } },
{ "type": "Feature", "properties": { "Label": "1E35A to STS01 -- Lane 1 Truck 1", "New_ID": "102_2", "dist_m": 294, "time_sec": 49.0, "latitude": 8.373093, "longitude": 76.994703, "bay_no": 0, "direction": "U to D" }, "geometry": { "type": "Point", "coordinates": [ 76.994702732351158, 8.373093356321336 ] } },
{ "type": "Feature", "properties": { "Label": "1E35A to STS01 -- Lane 1 Truck 1", "New_ID": "103_2", "dist_m": 297, "time_sec": 49.5, "latitude": 8.373076, "longitude": 76.994682, "bay_no": 0, "direction": "U to D" }, "geometry": { "type": "Point", "coordinates": [ 76.994681832791983, 8.373075969438519 ] } },
{ "type": "Feature", "properties": { "Label": "1E35A to STS01 -- Lane 1 Truck 1", "New_ID": "104_2", "dist_m": 300, "time_sec": 50.0, "latitude": 8.373059, "longitude": 76.994661, "bay_no": 0, "direction": "U to D" }, "geometry": { "type": "Point", "coordinates": [ 76.99466093323457, 8.373058582554146 ] } },
{ "type": "Feature", "properties": { "Label": "1E35A to STS01 -- Lane 1 Truck 1", "New_ID": "105_2", "dist_m": 303, "time_sec": 50.5, "latitude": 8.373041, "longitude": 76.99464, "bay_no": 0, "direction": "U to D" }, "geometry": { "type": "Point", "coordinates": [ 76.994640033678934, 8.373041195668216 ] } },
{ "type": "Feature", "properties": { "Label": "1E35A to STS01 -- Lane 1 Truck 1", "New_ID": "106_2", "dist_m": 306, "time_sec": 51.0, "latitude": 8.373024, "longitude": 76.994619, "bay_no": 0, "direction": "U to D" }, "geometry": { "type": "Point", "coordinates": [ 76.994619134125088, 8.373023808780733 ] } },
{ "type": "Feature", "properties": { "Label": "1E35A to STS01 -- Lane 1 Truck 1", "New_ID": "107_2", "dist_m": 309, "time_sec": 51.5, "latitude": 8.373006, "longitude": 76.994598, "bay_no": 0, "direction": "U to D" }, "geometry": { "type": "Point", "coordinates": [ 76.994598234573019, 8.373006421891692 ] } },
{ "type": "Feature", "properties": { "Label": "1E35A to STS01 -- Lane 1 Truck 1", "New_ID": "108_2", "dist_m": 312, "time_sec": 52.0, "latitude": 8.372989, "longitude": 76.994577, "bay_no": 0, "direction": "U to D" }, "geometry": { "type": "Point", "coordinates": [ 76.994577335022711, 8.372989035001092 ] } },
{ "type": "Feature", "properties": { "Label": "1E35A to STS01 -- Lane 1 Truck 1", "New_ID": "109_2", "dist_m": 315, "time_sec": 52.5, "latitude": 8.372972, "longitude": 76.994556, "bay_no": 0, "direction": "U to D" }, "geometry": { "type": "Point", "coordinates": [ 76.99455643547418, 8.372971648108939 ] } },
{ "type": "Feature", "properties": { "Label": "1E35A to STS01 -- Lane 1 Truck 1", "New_ID": "110_2", "dist_m": 318, "time_sec": 53.0, "latitude": 8.372954, "longitude": 76.994536, "bay_no": 0, "direction": "U to D" }, "geometry": { "type": "Point", "coordinates": [ 76.994535535927454, 8.372954261215227 ] } },
{ "type": "Feature", "properties": { "Label": "1E35A to STS01 -- Lane 1 Truck 1", "New_ID": "111_2", "dist_m": 321, "time_sec": 53.5, "latitude": 8.372937, "longitude": 76.994515, "bay_no": 0, "direction": "U to D" }, "geometry": { "type": "Point", "coordinates": [ 76.99451463638249, 8.372936874319958 ] } },
{ "type": "Feature", "properties": { "Label": "1E35A to STS01 -- Lane 1 Truck 1", "New_ID": "112_2", "dist_m": 324, "time_sec": 54.0, "latitude": 8.372919, "longitude": 76.994494, "bay_no": 0, "direction": "U to D" }, "geometry": { "type": "Point", "coordinates": [ 76.994493736839303, 8.372919487423134 ] } },
{ "type": "Feature", "properties": { "Label": "1E35A to STS01 -- Lane 1 Truck 1", "New_ID": "113_2", "dist_m": 327, "time_sec": 54.5, "latitude": 8.372902, "longitude": 76.994473, "bay_no": 0, "direction": "U to D" }, "geometry": { "type": "Point", "coordinates": [ 76.994472837297891, 8.372902100524758 ] } },
{ "type": "Feature", "properties": { "Label": "1E35A to STS01 -- Lane 1 Truck 1", "New_ID": "114_2", "dist_m": 330, "time_sec": 55.0, "latitude": 8.372885, "longitude": 76.994452, "bay_no": 0, "direction": "U to D" }, "geometry": { "type": "Point", "coordinates": [ 76.994451937758271, 8.372884713624821 ] } },
{ "type": "Feature", "properties": { "Label": "1E35A to STS01 -- Lane 1 Truck 1", "New_ID": "115_2", "dist_m": 333, "time_sec": 55.5, "latitude": 8.372867, "longitude": 76.994431, "bay_no": 0, "direction": "U to D" }, "geometry": { "type": "Point", "coordinates": [ 76.994431038220412, 8.372867326723327 ] } },
{ "type": "Feature", "properties": { "Label": "1E35A to STS01 -- Lane 1 Truck 1", "New_ID": "116_2", "dist_m": 336, "time_sec": 56.0, "latitude": 8.37285, "longitude": 76.99441, "bay_no": 0, "direction": "U to D" }, "geometry": { "type": "Point", "coordinates": [ 76.99441013868433, 8.372849939820277 ] } },
{ "type": "Feature", "properties": { "Label": "1E35A to STS01 -- Lane 1 Truck 1", "New_ID": "117_2", "dist_m": 339, "time_sec": 56.5, "latitude": 8.372833, "longitude": 76.994389, "bay_no": 0, "direction": "U to D" }, "geometry": { "type": "Point", "coordinates": [ 76.994389239150053, 8.372832552915675 ] } },
{ "type": "Feature", "properties": { "Label": "1E35A to STS01 -- Lane 1 Truck 1", "New_ID": "118_2", "dist_m": 342, "time_sec": 57.0, "latitude": 8.372815, "longitude": 76.994368, "bay_no": 0, "direction": "U to D" }, "geometry": { "type": "Point", "coordinates": [ 76.994368339617523, 8.372815166009511 ] } },
{ "type": "Feature", "properties": { "Label": "1E35A to STS01 -- Lane 1 Truck 1", "New_ID": "119_2", "dist_m": 345, "time_sec": 57.5, "latitude": 8.372798, "longitude": 76.994347, "bay_no": 0, "direction": "U to D" }, "geometry": { "type": "Point", "coordinates": [ 76.994347440086784, 8.372797779101791 ] } },
{ "type": "Feature", "properties": { "Label": "1E35A to STS01 -- Lane 1 Truck 1", "New_ID": "120_2", "dist_m": 348, "time_sec": 58.0, "latitude": 8.37278, "longitude": 76.994327, "bay_no": 0, "direction": "U to D" }, "geometry": { "type": "Point", "coordinates": [ 76.994326540557822, 8.372780392192517 ] } },
{ "type": "Feature", "properties": { "Label": "1E35A to STS01 -- Lane 1 Truck 1", "New_ID": "121_2", "dist_m": 351, "time_sec": 58.5, "latitude": 8.372763, "longitude": 76.994306, "bay_no": 0, "direction": "U to D" }, "geometry": { "type": "Point", "coordinates": [ 76.994305641030635, 8.372763005281687 ] } },
{ "type": "Feature", "properties": { "Label": "1E35A to STS01 -- Lane 1 Truck 1", "New_ID": "122_2", "dist_m": 354, "time_sec": 59.0, "latitude": 8.372746, "longitude": 76.994285, "bay_no": 0, "direction": "U to D" }, "geometry": { "type": "Point", "coordinates": [ 76.994284741505226, 8.372745618369301 ] } },
{ "type": "Feature", "properties": { "Label": "1E35A to STS01 -- Lane 1 Truck 1", "New_ID": "123_2", "dist_m": 357, "time_sec": 59.5, "latitude": 8.372728, "longitude": 76.994264, "bay_no": 0, "direction": "U to D" }, "geometry": { "type": "Point", "coordinates": [ 76.994263841981606, 8.372728231455357 ] } },
{ "type": "Feature", "properties": { "Label": "1E35A to STS01 -- Lane 1 Truck 1", "New_ID": "124_2", "dist_m": 360, "time_sec": 60.0, "latitude": 8.372711, "longitude": 76.994243, "bay_no": 0, "direction": "U to D" }, "geometry": { "type": "Point", "coordinates": [ 76.994242942459749, 8.372710844539858 ] } },
{ "type": "Feature", "properties": { "Label": "1E35A to STS01 -- Lane 1 Truck 1", "New_ID": "125_2", "dist_m": 363, "time_sec": 60.5, "latitude": 8.372693, "longitude": 76.994222, "bay_no": 0, "direction": "U to D" }, "geometry": { "type": "Point", "coordinates": [ 76.994222042939683, 8.372693457622802 ] } },
{ "type": "Feature", "properties": { "Label": "1E35A to STS01 -- Lane 1 Truck 1", "New_ID": "126_2", "dist_m": 366, "time_sec": 61.0, "latitude": 8.372676, "longitude": 76.994201, "bay_no": 0, "direction": "U to D" }, "geometry": { "type": "Point", "coordinates": [ 76.994201143429621, 8.372676070694377 ] } },
{ "type": "Feature", "properties": { "Label": "1E35A to STS01 -- Lane 1 Truck 1", "New_ID": "127_2", "dist_m": 369, "time_sec": 61.5, "latitude": 8.372659, "longitude": 76.99418, "bay_no": 0, "direction": "U to D" }, "geometry": { "type": "Point", "coordinates": [ 76.994180243922514, 8.372658683762992 ] } },
{ "type": "Feature", "properties": { "Label": "1E35A to STS01 -- Lane 1 Truck 1", "New_ID": "128_2", "dist_m": 372, "time_sec": 62.0, "latitude": 8.372641, "longitude": 76.994159, "bay_no": 0, "direction": "U to D" }, "geometry": { "type": "Point", "coordinates": [ 76.994159344417184, 8.372641296830054 ] } },
{ "type": "Feature", "properties": { "Label": "1E35A to STS01 -- Lane 1 Truck 1", "New_ID": "129_2", "dist_m": 375, "time_sec": 62.5, "latitude": 8.372621, "longitude": 76.994171, "bay_no": 0, "direction": "L to R" }, "geometry": { "type": "Point", "coordinates": [ 76.994171397302452, 8.372620742528509 ] } },
{ "type": "Feature", "properties": { "Label": "1E35A to STS01 -- Lane 1 Truck 1", "New_ID": "130_2", "dist_m": 378, "time_sec": 63.0, "latitude": 8.3726, "longitude": 76.994189, "bay_no": 0, "direction": "L to R" }, "geometry": { "type": "Point", "coordinates": [ 76.994188571875171, 8.372599695932381 ] } },
{ "type": "Feature", "properties": { "Label": "1E35A to STS01 -- Lane 1 Truck 1", "New_ID": "131_2", "dist_m": 381, "time_sec": 63.5, "latitude": 8.372579, "longitude": 76.994206, "bay_no": 0, "direction": "L to R" }, "geometry": { "type": "Point", "coordinates": [ 76.994205746446113, 8.372578649335898 ] } },
{ "type": "Feature", "properties": { "Label": "1E35A to STS01 -- Lane 1 Truck 1", "New_ID": "132_2", "dist_m": 384, "time_sec": 64.0, "latitude": 8.372558, "longitude": 76.994223, "bay_no": 0, "direction": "L to R" }, "geometry": { "type": "Point", "coordinates": [ 76.994222921015293, 8.372557602739079 ] } },
{ "type": "Feature", "properties": { "Label": "1E35A to STS01 -- Lane 1 Truck 1", "New_ID": "133_2", "dist_m": 387, "time_sec": 64.5, "latitude": 8.372537, "longitude": 76.99424, "bay_no": 0, "direction": "L to R" }, "geometry": { "type": "Point", "coordinates": [ 76.994240095582711, 8.37253655614192 ] } },
{ "type": "Feature", "properties": { "Label": "1E35A to STS01 -- Lane 1 Truck 1", "New_ID": "134_2", "dist_m": 390, "time_sec": 65.0, "latitude": 8.372516, "longitude": 76.994257, "bay_no": 0, "direction": "L to R" }, "geometry": { "type": "Point", "coordinates": [ 76.994257270148381, 8.372515509544428 ] } },
{ "type": "Feature", "properties": { "Label": "1E35A to STS01 -- Lane 1 Truck 1", "New_ID": "135_2", "dist_m": 393, "time_sec": 65.5, "latitude": 8.372494, "longitude": 76.994274, "bay_no": 0, "direction": "L to R" }, "geometry": { "type": "Point", "coordinates": [ 76.994274444712289, 8.3724944629466 ] } },
{ "type": "Feature", "properties": { "Label": "1E35A to STS01 -- Lane 1 Truck 1", "New_ID": "136_2", "dist_m": 396, "time_sec": 66.0, "latitude": 8.372473, "longitude": 76.994292, "bay_no": 0, "direction": "L to R" }, "geometry": { "type": "Point", "coordinates": [ 76.994291619274449, 8.372473416348438 ] } },
{ "type": "Feature", "properties": { "Label": "1E35A to STS01 -- Lane 1 Truck 1", "New_ID": "137_2", "dist_m": 399, "time_sec": 66.5, "latitude": 8.372452, "longitude": 76.994309, "bay_no": 0, "direction": "L to R" }, "geometry": { "type": "Point", "coordinates": [ 76.994308793834833, 8.372452369749936 ] } },
{ "type": "Feature", "properties": { "Label": "1E35A to STS01 -- Lane 1 Truck 1", "New_ID": "138_2", "dist_m": 402, "time_sec": 67.0, "latitude": 8.372431, "longitude": 76.994326, "bay_no": 0, "direction": "L to R" }, "geometry": { "type": "Point", "coordinates": [ 76.994325968393468, 8.372431323151103 ] } },
{ "type": "Feature", "properties": { "Label": "1E35A to STS01 -- Lane 1 Truck 1", "New_ID": "139_2", "dist_m": 405, "time_sec": 67.5, "latitude": 8.37241, "longitude": 76.994343, "bay_no": 0, "direction": "L to R" }, "geometry": { "type": "Point", "coordinates": [ 76.994343142950356, 8.372410276551934 ] } },
{ "type": "Feature", "properties": { "Label": "1E35A to STS01 -- Lane 1 Truck 1", "New_ID": "140_2", "dist_m": 408, "time_sec": 68.0, "latitude": 8.372389, "longitude": 76.99436, "bay_no": 0, "direction": "L to R" }, "geometry": { "type": "Point", "coordinates": [ 76.994360317505482, 8.372389229952427 ] } },
{ "type": "Feature", "properties": { "Label": "1E35A to STS01 -- Lane 1 Truck 1", "New_ID": "141_2", "dist_m": 411, "time_sec": 68.5, "latitude": 8.372368, "longitude": 76.994377, "bay_no": 0, "direction": "L to R" }, "geometry": { "type": "Point", "coordinates": [ 76.99437749205886, 8.372368183352586 ] } },
{ "type": "Feature", "properties": { "Label": "1E35A to STS01 -- Lane 1 Truck 1", "New_ID": "142_2", "dist_m": 414, "time_sec": 69.0, "latitude": 8.372347, "longitude": 76.994395, "bay_no": 0, "direction": "L to R" }, "geometry": { "type": "Point", "coordinates": [ 76.994394666610475, 8.372347136752412 ] } },
{ "type": "Feature", "properties": { "Label": "1E35A to STS01 -- Lane 1 Truck 1", "New_ID": "143_2", "dist_m": 417, "time_sec": 69.5, "latitude": 8.372326, "longitude": 76.994412, "bay_no": 0, "direction": "L to R" }, "geometry": { "type": "Point", "coordinates": [ 76.994411841160328, 8.372326090151896 ] } },
{ "type": "Feature", "properties": { "Label": "1E35A to STS01 -- Lane 1 Truck 1", "New_ID": "144_2", "dist_m": 420, "time_sec": 70.0, "latitude": 8.372305, "longitude": 76.994429, "bay_no": 0, "direction": "L to R" }, "geometry": { "type": "Point", "coordinates": [ 76.994429015708434, 8.372305043551048 ] } },
{ "type": "Feature", "properties": { "Label": "1E35A to STS01 -- Lane 1 Truck 1", "New_ID": "145_2", "dist_m": 423, "time_sec": 70.5, "latitude": 8.372284, "longitude": 76.994446, "bay_no": 0, "direction": "L to R" }, "geometry": { "type": "Point", "coordinates": [ 76.994446190254777, 8.372283996949866 ] } },
{ "type": "Feature", "properties": { "Label": "1E35A to STS01 -- Lane 1 Truck 1", "New_ID": "146_2", "dist_m": 426, "time_sec": 71.0, "latitude": 8.372263, "longitude": 76.994463, "bay_no": 0, "direction": "L to R" }, "geometry": { "type": "Point", "coordinates": [ 76.994463364799358, 8.372262950348347 ] } },
{ "type": "Feature", "properties": { "Label": "1E35A to STS01 -- Lane 1 Truck 1", "New_ID": "147_2", "dist_m": 429, "time_sec": 71.5, "latitude": 8.372242, "longitude": 76.994481, "bay_no": 0, "direction": "L to R" }, "geometry": { "type": "Point", "coordinates": [ 76.994480539342206, 8.372241903746493 ] } },
{ "type": "Feature", "properties": { "Label": "1E35A to STS01 -- Lane 1 Truck 1", "New_ID": "148_2", "dist_m": 432, "time_sec": 72.0, "latitude": 8.372221, "longitude": 76.994498, "bay_no": 0, "direction": "L to R" }, "geometry": { "type": "Point", "coordinates": [ 76.994497713883277, 8.372220857144303 ] } },
{ "type": "Feature", "properties": { "Label": "1E35A to STS01 -- Lane 1 Truck 1", "New_ID": "149_2", "dist_m": 435, "time_sec": 72.5, "latitude": 8.3722, "longitude": 76.994515, "bay_no": 0, "direction": "L to R" }, "geometry": { "type": "Point", "coordinates": [ 76.9945148884226, 8.372199810541778 ] } },
{ "type": "Feature", "properties": { "Label": "1E35A to STS01 -- Lane 1 Truck 1", "New_ID": "150_2", "dist_m": 438, "time_sec": 73.0, "latitude": 8.372179, "longitude": 76.994532, "bay_no": 0, "direction": "L to R" }, "geometry": { "type": "Point", "coordinates": [ 76.994532062960161, 8.372178763938917 ] } },
{ "type": "Feature", "properties": { "Label": "1E35A to STS01 -- Lane 1 Truck 1", "New_ID": "151_2", "dist_m": 441, "time_sec": 73.5, "latitude": 8.372158, "longitude": 76.994549, "bay_no": 0, "direction": "L to R" }, "geometry": { "type": "Point", "coordinates": [ 76.99454923749596, 8.372157717335721 ] } },
{ "type": "Feature", "properties": { "Label": "1E35A to STS01 -- Lane 1 Truck 1", "New_ID": "152_2", "dist_m": 444, "time_sec": 74.0, "latitude": 8.372137, "longitude": 76.994566, "bay_no": 0, "direction": "L to R" }, "geometry": { "type": "Point", "coordinates": [ 76.994566412030025, 8.372136670732191 ] } },
{ "type": "Feature", "properties": { "Label": "1E35A to STS01 -- Lane 1 Truck 1", "New_ID": "153_2", "dist_m": 447, "time_sec": 74.5, "latitude": 8.372116, "longitude": 76.994584, "bay_no": 0, "direction": "L to R" }, "geometry": { "type": "Point", "coordinates": [ 76.994583586562314, 8.372115624128323 ] } },
{ "type": "Feature", "properties": { "Label": "1E35A to STS01 -- Lane 1 Truck 1", "New_ID": "154_2", "dist_m": 450, "time_sec": 75.0, "latitude": 8.372095, "longitude": 76.994601, "bay_no": 0, "direction": "L to R" }, "geometry": { "type": "Point", "coordinates": [ 76.994600761092855, 8.37209457752412 ] } },
{ "type": "Feature", "properties": { "Label": "1E35A to STS01 -- Lane 1 Truck 1", "New_ID": "155_2", "dist_m": 453, "time_sec": 75.5, "latitude": 8.372074, "longitude": 76.994618, "bay_no": 0, "direction": "L to R" }, "geometry": { "type": "Point", "coordinates": [ 76.994617935621633, 8.372073530919582 ] } },
{ "type": "Feature", "properties": { "Label": "1E35A to STS01 -- Lane 1 Truck 1", "New_ID": "156_2", "dist_m": 456, "time_sec": 76.0, "latitude": 8.372052, "longitude": 76.994635, "bay_no": 0, "direction": "L to R" }, "geometry": { "type": "Point", "coordinates": [ 76.994635110148678, 8.372052484314709 ] } },
{ "type": "Feature", "properties": { "Label": "1E35A to STS01 -- Lane 1 Truck 1", "New_ID": "157_2", "dist_m": 459, "time_sec": 76.5, "latitude": 8.372031, "longitude": 76.994652, "bay_no": 0, "direction": "L to R" }, "geometry": { "type": "Point", "coordinates": [ 76.994652284673947, 8.3720314377095 ] } },
{ "type": "Feature", "properties": { "Label": "1E35A to STS01 -- Lane 1 Truck 1", "New_ID": "158_2", "dist_m": 462, "time_sec": 77.0, "latitude": 8.37201, "longitude": 76.994669, "bay_no": 0, "direction": "L to R" }, "geometry": { "type": "Point", "coordinates": [ 76.994669459197468, 8.372010391103956 ] } },
{ "type": "Feature", "properties": { "Label": "1E35A to STS01 -- Lane 1 Truck 1", "New_ID": "159_2", "dist_m": 465, "time_sec": 77.5, "latitude": 8.371989, "longitude": 76.994687, "bay_no": 0, "direction": "L to R" }, "geometry": { "type": "Point", "coordinates": [ 76.994686633719226, 8.371989344498077 ] } },
{ "type": "Feature", "properties": { "Label": "1E35A to STS01 -- Lane 1 Truck 1", "New_ID": "160_2", "dist_m": 468, "time_sec": 78.0, "latitude": 8.371968, "longitude": 76.994704, "bay_no": 0, "direction": "L to R" }, "geometry": { "type": "Point", "coordinates": [ 76.994703808239223, 8.371968297891861 ] } },
{ "type": "Feature", "properties": { "Label": "1E35A to STS01 -- Lane 1 Truck 1", "New_ID": "161_2", "dist_m": 471, "time_sec": 78.5, "latitude": 8.371947, "longitude": 76.994721, "bay_no": 0, "direction": "L to R" }, "geometry": { "type": "Point", "coordinates": [ 76.994720982757471, 8.371947251285311 ] } },
{ "type": "Feature", "properties": { "Label": "1E35A to STS01 -- Lane 1 Truck 1", "New_ID": "162_2", "dist_m": 474, "time_sec": 79.0, "latitude": 8.371926, "longitude": 76.994738, "bay_no": 0, "direction": "L to R" }, "geometry": { "type": "Point", "coordinates": [ 76.994738157273957, 8.371926204678426 ] } },
{ "type": "Feature", "properties": { "Label": "1E35A to STS01 -- Lane 1 Truck 1", "New_ID": "163_2", "dist_m": 477, "time_sec": 79.5, "latitude": 8.371905, "longitude": 76.994755, "bay_no": 0, "direction": "L to R" }, "geometry": { "type": "Point", "coordinates": [ 76.994755331788696, 8.371905158071202 ] } },
{ "type": "Feature", "properties": { "Label": "1E35A to STS01 -- Lane 1 Truck 1", "New_ID": "164_2", "dist_m": 480, "time_sec": 80.0, "latitude": 8.371884, "longitude": 76.994773, "bay_no": 0, "direction": "L to R" }, "geometry": { "type": "Point", "coordinates": [ 76.994772506301686, 8.371884111463649 ] } },
{ "type": "Feature", "properties": { "Label": "1E35A to STS01 -- Lane 1 Truck 1", "New_ID": "165_2", "dist_m": 483, "time_sec": 80.5, "latitude": 8.371863, "longitude": 76.99479, "bay_no": 0, "direction": "L to R" }, "geometry": { "type": "Point", "coordinates": [ 76.9947896808129, 8.371863064855757 ] } },
{ "type": "Feature", "properties": { "Label": "1E35A to STS01 -- Lane 1 Truck 1", "New_ID": "166_2", "dist_m": 486, "time_sec": 81.0, "latitude": 8.371842, "longitude": 76.994807, "bay_no": 0, "direction": "L to R" }, "geometry": { "type": "Point", "coordinates": [ 76.994806855322366, 8.371842018247529 ] } },
{ "type": "Feature", "properties": { "Label": "1E35A to STS01 -- Lane 1 Truck 1", "New_ID": "167_2", "dist_m": 489, "time_sec": 81.5, "latitude": 8.371821, "longitude": 76.994824, "bay_no": 0, "direction": "L to R" }, "geometry": { "type": "Point", "coordinates": [ 76.99482402983007, 8.371820971638968 ] } },
{ "type": "Feature", "properties": { "Label": "1E35A to STS01 -- Lane 1 Truck 1", "New_ID": "168_2", "dist_m": 492, "time_sec": 82.0, "latitude": 8.3718, "longitude": 76.994841, "bay_no": 0, "direction": "L to R" }, "geometry": { "type": "Point", "coordinates": [ 76.994841204336041, 8.37179992503007 ] } },
{ "type": "Feature", "properties": { "Label": "1E35A to STS01 -- Lane 1 Truck 1", "New_ID": "169_2", "dist_m": 495, "time_sec": 82.5, "latitude": 8.371779, "longitude": 76.994858, "bay_no": 0, "direction": "L to R" }, "geometry": { "type": "Point", "coordinates": [ 76.994858378840235, 8.371778878420834 ] } },
{ "type": "Feature", "properties": { "Label": "1E35A to STS01 -- Lane 1 Truck 1", "New_ID": "170_2", "dist_m": 498, "time_sec": 83.0, "latitude": 8.371758, "longitude": 76.994876, "bay_no": 0, "direction": "L to R" }, "geometry": { "type": "Point", "coordinates": [ 76.994875553342666, 8.371757831811266 ] } },
{ "type": "Feature", "properties": { "Label": "1E35A to STS01 -- Lane 1 Truck 1", "New_ID": "171_2", "dist_m": 501, "time_sec": 83.5, "latitude": 8.371737, "longitude": 76.994893, "bay_no": 0, "direction": "L to R" }, "geometry": { "type": "Point", "coordinates": [ 76.994892727843364, 8.371736785201362 ] } },
{ "type": "Feature", "properties": { "Label": "1E35A to STS01 -- Lane 1 Truck 1", "New_ID": "172_2", "dist_m": 504, "time_sec": 84.0, "latitude": 8.371716, "longitude": 76.99491, "bay_no": 0, "direction": "L to R" }, "geometry": { "type": "Point", "coordinates": [ 76.9949099023423, 8.371715738591123 ] } },
{ "type": "Feature", "properties": { "Label": "1E35A to STS01 -- Lane 1 Truck 1", "New_ID": "173_2", "dist_m": 507, "time_sec": 84.5, "latitude": 8.371695, "longitude": 76.994927, "bay_no": 0, "direction": "L to R" }, "geometry": { "type": "Point", "coordinates": [ 76.99492707683946, 8.371694691980547 ] } },
{ "type": "Feature", "properties": { "Label": "1E35A to STS01 -- Lane 1 Truck 1", "New_ID": "174_2", "dist_m": 510, "time_sec": 85.0, "latitude": 8.371674, "longitude": 76.994944, "bay_no": 0, "direction": "L to R" }, "geometry": { "type": "Point", "coordinates": [ 76.994944251334886, 8.371673645369638 ] } },
{ "type": "Feature", "properties": { "Label": "1E35A to STS01 -- Lane 1 Truck 1", "New_ID": "175_2", "dist_m": 513, "time_sec": 85.5, "latitude": 8.371653, "longitude": 76.994961, "bay_no": 0, "direction": "L to R" }, "geometry": { "type": "Point", "coordinates": [ 76.994961425828549, 8.371652598758391 ] } },
{ "type": "Feature", "properties": { "Label": "1E35A to STS01 -- Lane 1 Truck 1", "New_ID": "176_2", "dist_m": 516, "time_sec": 86.0, "latitude": 8.371632, "longitude": 76.994979, "bay_no": 0, "direction": "L to R" }, "geometry": { "type": "Point", "coordinates": [ 76.994978600320451, 8.371631552146809 ] } },
{ "type": "Feature", "properties": { "Label": "1E35A to STS01 -- Lane 1 Truck 1", "New_ID": "177_2", "dist_m": 519, "time_sec": 86.5, "latitude": 8.371611, "longitude": 76.994996, "bay_no": 0, "direction": "L to R" }, "geometry": { "type": "Point", "coordinates": [ 76.994995774810619, 8.371610505534896 ] } },
{ "type": "Feature", "properties": { "Label": "1E35A to STS01 -- Lane 1 Truck 1", "New_ID": "178_2", "dist_m": 522, "time_sec": 87.0, "latitude": 8.371589, "longitude": 76.995013, "bay_no": 0, "direction": "L to R" }, "geometry": { "type": "Point", "coordinates": [ 76.995012949298996, 8.371589458922646 ] } },
{ "type": "Feature", "properties": { "Label": "1E35A to STS01 -- Lane 1 Truck 1", "New_ID": "179_2", "dist_m": 525, "time_sec": 87.5, "latitude": 8.371568, "longitude": 76.99503, "bay_no": 0, "direction": "L to R" }, "geometry": { "type": "Point", "coordinates": [ 76.995030123785639, 8.371568412310056 ] } },
{ "type": "Feature", "properties": { "Label": "1E35A to STS01 -- Lane 1 Truck 1", "New_ID": "180_2", "dist_m": 528, "time_sec": 88.0, "latitude": 8.371547, "longitude": 76.995047, "bay_no": 0, "direction": "L to R" }, "geometry": { "type": "Point", "coordinates": [ 76.995047298270521, 8.371547365697134 ] } },
{ "type": "Feature", "properties": { "Label": "1E35A to STS01 -- Lane 1 Truck 1", "New_ID": "181_2", "dist_m": 531, "time_sec": 88.5, "latitude": 8.371526, "longitude": 76.995064, "bay_no": 0, "direction": "L to R" }, "geometry": { "type": "Point", "coordinates": [ 76.99506447275364, 8.371526319083877 ] } },
{ "type": "Feature", "properties": { "Label": "1E35A to STS01 -- Lane 1 Truck 1", "New_ID": "182_2", "dist_m": 534, "time_sec": 89.0, "latitude": 8.371505, "longitude": 76.995082, "bay_no": 0, "direction": "L to R" }, "geometry": { "type": "Point", "coordinates": [ 76.995081647235025, 8.371505272470285 ] } },
{ "type": "Feature", "properties": { "Label": "1E35A to STS01 -- Lane 1 Truck 1", "New_ID": "183_2", "dist_m": 537, "time_sec": 89.5, "latitude": 8.371484, "longitude": 76.995099, "bay_no": 0, "direction": "L to R" }, "geometry": { "type": "Point", "coordinates": [ 76.995098821714635, 8.371484225856356 ] } },
{ "type": "Feature", "properties": { "Label": "1E35A to STS01 -- Lane 1 Truck 1", "New_ID": "184_2", "dist_m": 540, "time_sec": 90.0, "latitude": 8.371463, "longitude": 76.995116, "bay_no": 0, "direction": "L to R" }, "geometry": { "type": "Point", "coordinates": [ 76.995115996192482, 8.371463179242095 ] } },
{ "type": "Feature", "properties": { "Label": "1E35A to STS01 -- Lane 1 Truck 1", "New_ID": "185_2", "dist_m": 543, "time_sec": 90.5, "latitude": 8.371442, "longitude": 76.995133, "bay_no": 0, "direction": "L to R" }, "geometry": { "type": "Point", "coordinates": [ 76.995133170668595, 8.371442132627495 ] } },
{ "type": "Feature", "properties": { "Label": "1E35A to STS01 -- Lane 1 Truck 1", "New_ID": "186_2", "dist_m": 546, "time_sec": 91.0, "latitude": 8.371421, "longitude": 76.99515, "bay_no": 0, "direction": "L to R" }, "geometry": { "type": "Point", "coordinates": [ 76.995150345142946, 8.371421086012562 ] } },
{ "type": "Feature", "properties": { "Label": "1E35A to STS01 -- Lane 1 Truck 1", "New_ID": "187_2", "dist_m": 549, "time_sec": 91.5, "latitude": 8.3714, "longitude": 76.995168, "bay_no": 0, "direction": "L to R" }, "geometry": { "type": "Point", "coordinates": [ 76.995167519615535, 8.371400039397294 ] } },
{ "type": "Feature", "properties": { "Label": "1E35A to STS01 -- Lane 1 Truck 1", "New_ID": "188_2", "dist_m": 552, "time_sec": 92.0, "latitude": 8.371379, "longitude": 76.995185, "bay_no": 0, "direction": "L to R" }, "geometry": { "type": "Point", "coordinates": [ 76.995184694086362, 8.371378992781688 ] } },
{ "type": "Feature", "properties": { "Label": "1E35A to STS01 -- Lane 1 Truck 1", "New_ID": "189_2", "dist_m": 555, "time_sec": 92.5, "latitude": 8.371358, "longitude": 76.995202, "bay_no": 0, "direction": "L to R" }, "geometry": { "type": "Point", "coordinates": [ 76.995201868555441, 8.37135794616575 ] } },
{ "type": "Feature", "properties": { "Label": "1E35A to STS01 -- Lane 1 Truck 1", "New_ID": "190_2", "dist_m": 558, "time_sec": 93.0, "latitude": 8.371337, "longitude": 76.995219, "bay_no": 0, "direction": "L to R" }, "geometry": { "type": "Point", "coordinates": [ 76.995219043022772, 8.371336899549474 ] } },
{ "type": "Feature", "properties": { "Label": "1E35A to STS01 -- Lane 1 Truck 1", "New_ID": "191_2", "dist_m": 561, "time_sec": 93.5, "latitude": 8.371316, "longitude": 76.995236, "bay_no": 0, "direction": "L to R" }, "geometry": { "type": "Point", "coordinates": [ 76.99523621748834, 8.371315852932865 ] } },
{ "type": "Feature", "properties": { "Label": "1E35A to STS01 -- Lane 1 Truck 1", "New_ID": "192_2", "dist_m": 564, "time_sec": 94.0, "latitude": 8.371295, "longitude": 76.995253, "bay_no": 0, "direction": "L to R" }, "geometry": { "type": "Point", "coordinates": [ 76.995253391952147, 8.37129480631592 ] } },
{ "type": "Feature", "properties": { "Label": "1E35A to STS01 -- Lane 1 Truck 1", "New_ID": "193_2", "dist_m": 567, "time_sec": 94.5, "latitude": 8.371274, "longitude": 76.995271, "bay_no": 0, "direction": "L to R" }, "geometry": { "type": "Point", "coordinates": [ 76.995270566414206, 8.37127375969864 ] } },
{ "type": "Feature", "properties": { "Label": "1E35A to STS01 -- Lane 1 Truck 1", "New_ID": "194_2", "dist_m": 570, "time_sec": 95.0, "latitude": 8.371253, "longitude": 76.995288, "bay_no": 0, "direction": "L to R" }, "geometry": { "type": "Point", "coordinates": [ 76.995287740874502, 8.371252713081025 ] } },
{ "type": "Feature", "properties": { "Label": "1E35A to STS01 -- Lane 1 Truck 1", "New_ID": "195_2", "dist_m": 573, "time_sec": 95.5, "latitude": 8.371232, "longitude": 76.995305, "bay_no": 0, "direction": "L to R" }, "geometry": { "type": "Point", "coordinates": [ 76.995304915333037, 8.371231666463075 ] } },
{ "type": "Feature", "properties": { "Label": "1E35A to STS01 -- Lane 1 Truck 1", "New_ID": "196_2", "dist_m": 576, "time_sec": 96.0, "latitude": 8.371211, "longitude": 76.995322, "bay_no": 0, "direction": "L to R" }, "geometry": { "type": "Point", "coordinates": [ 76.995322089789823, 8.37121061984479 ] } },
{ "type": "Feature", "properties": { "Label": "1E35A to STS01 -- Lane 1 Truck 1", "New_ID": "197_2", "dist_m": 579, "time_sec": 96.5, "latitude": 8.37119, "longitude": 76.995339, "bay_no": 0, "direction": "L to R" }, "geometry": { "type": "Point", "coordinates": [ 76.995339264244862, 8.371189573226168 ] } },
{ "type": "Feature", "properties": { "Label": "1E35A to STS01 -- Lane 1 Truck 1", "New_ID": "198_2", "dist_m": 582, "time_sec": 97.0, "latitude": 8.371169, "longitude": 76.995356, "bay_no": 0, "direction": "L to R" }, "geometry": { "type": "Point", "coordinates": [ 76.995356438698138, 8.371168526607212 ] } },
{ "type": "Feature", "properties": { "Label": "1E35A to STS01 -- Lane 1 Truck 1", "New_ID": "199_2", "dist_m": 585, "time_sec": 97.5, "latitude": 8.371147, "longitude": 76.995374, "bay_no": 0, "direction": "L to R" }, "geometry": { "type": "Point", "coordinates": [ 76.995373613149653, 8.371147479987918 ] } },
{ "type": "Feature", "properties": { "Label": "1E35A to STS01 -- Lane 1 Truck 1", "New_ID": "200_2", "dist_m": 588, "time_sec": 98.0, "latitude": 8.371126, "longitude": 76.995391, "bay_no": 0, "direction": "L to R" }, "geometry": { "type": "Point", "coordinates": [ 76.995390787599419, 8.371126433368291 ] } },
{ "type": "Feature", "properties": { "Label": "1E35A to STS01 -- Lane 1 Truck 1", "New_ID": "201_2", "dist_m": 591, "time_sec": 98.5, "latitude": 8.371105, "longitude": 76.995408, "bay_no": 0, "direction": "L to R" }, "geometry": { "type": "Point", "coordinates": [ 76.995407962047423, 8.371105386748329 ] } },
{ "type": "Feature", "properties": { "Label": "1E35A to STS01 -- Lane 1 Truck 1", "New_ID": "202_2", "dist_m": 594, "time_sec": 99.0, "latitude": 8.371084, "longitude": 76.995425, "bay_no": 0, "direction": "L to R" }, "geometry": { "type": "Point", "coordinates": [ 76.995425136493679, 8.371084340128034 ] } },
{ "type": "Feature", "properties": { "Label": "1E35A to STS01 -- Lane 1 Truck 1", "New_ID": "203_2", "dist_m": 597, "time_sec": 99.5, "latitude": 8.371063, "longitude": 76.995442, "bay_no": 0, "direction": "L to R" }, "geometry": { "type": "Point", "coordinates": [ 76.995442310938174, 8.371063293507403 ] } },
{ "type": "Feature", "properties": { "Label": "1E35A to STS01 -- Lane 1 Truck 1", "New_ID": "204_2", "dist_m": 600, "time_sec": 100.0, "latitude": 8.371042, "longitude": 76.995459, "bay_no": 0, "direction": "L to R" }, "geometry": { "type": "Point", "coordinates": [ 76.99545948538092, 8.371042246886434 ] } },
{ "type": "Feature", "properties": { "Label": "1E35A to STS01 -- Lane 1 Truck 1", "New_ID": "205_2", "dist_m": 603, "time_sec": 100.5, "latitude": 8.371021, "longitude": 76.995477, "bay_no": 0, "direction": "L to R" }, "geometry": { "type": "Point", "coordinates": [ 76.995476659821904, 8.37102120026513 ] } },
{ "type": "Feature", "properties": { "Label": "1E35A to STS01 -- Lane 1 Truck 1", "New_ID": "206_2", "dist_m": 606, "time_sec": 101.0, "latitude": 8.371, "longitude": 76.995494, "bay_no": 0, "direction": "L to R" }, "geometry": { "type": "Point", "coordinates": [ 76.995493834261126, 8.371000153643493 ] } },
{ "type": "Feature", "properties": { "Label": "1E35A to STS01 -- Lane 1 Truck 1", "New_ID": "207_2", "dist_m": 609, "time_sec": 101.5, "latitude": 8.370979, "longitude": 76.995511, "bay_no": 0, "direction": "L to R" }, "geometry": { "type": "Point", "coordinates": [ 76.9955110086986, 8.370979107021521 ] } },
{ "type": "Feature", "properties": { "Label": "1E35A to STS01 -- Lane 1 Truck 1", "New_ID": "208_2", "dist_m": 612, "time_sec": 102.0, "latitude": 8.370958, "longitude": 76.995528, "bay_no": 0, "direction": "L to R" }, "geometry": { "type": "Point", "coordinates": [ 76.995528183134311, 8.370958060399213 ] } },
{ "type": "Feature", "properties": { "Label": "1E35A to STS01 -- Lane 1 Truck 1", "New_ID": "209_2", "dist_m": 615, "time_sec": 102.5, "latitude": 8.370937, "longitude": 76.995545, "bay_no": 0, "direction": "L to R" }, "geometry": { "type": "Point", "coordinates": [ 76.995545357568275, 8.370937013776569 ] } },
{ "type": "Feature", "properties": { "Label": "1E35A to STS01 -- Lane 1 Truck 1", "New_ID": "210_2", "dist_m": 618, "time_sec": 103.0, "latitude": 8.370916, "longitude": 76.995563, "bay_no": 0, "direction": "L to R" }, "geometry": { "type": "Point", "coordinates": [ 76.995562532000477, 8.370915967153591 ] } },
{ "type": "Feature", "properties": { "Label": "1E35A to STS01 -- Lane 1 Truck 1", "New_ID": "211_2", "dist_m": 621, "time_sec": 103.5, "latitude": 8.370895, "longitude": 76.99558, "bay_no": 0, "direction": "L to R" }, "geometry": { "type": "Point", "coordinates": [ 76.995579706430931, 8.370894920530279 ] } },
{ "type": "Feature", "properties": { "Label": "1E35A to STS01 -- Lane 1 Truck 1", "New_ID": "212_2", "dist_m": 624, "time_sec": 104.0, "latitude": 8.370874, "longitude": 76.995597, "bay_no": 0, "direction": "L to R" }, "geometry": { "type": "Point", "coordinates": [ 76.995596880859623, 8.37087387390663 ] } },
{ "type": "Feature", "properties": { "Label": "1E35A to STS01 -- Lane 1 Truck 1", "New_ID": "213_2", "dist_m": 627, "time_sec": 104.5, "latitude": 8.370855, "longitude": 76.995594, "bay_no": 0, "direction": "U to D" }, "geometry": { "type": "Point", "coordinates": [ 76.995593558642938, 8.370855007186456 ] } },
{ "type": "Feature", "properties": { "Label": "1E35A to STS01 -- Lane 1 Truck 1", "New_ID": "214_2", "dist_m": 630, "time_sec": 105.0, "latitude": 8.370838, "longitude": 76.995572, "bay_no": 0, "direction": "U to D" }, "geometry": { "type": "Point", "coordinates": [ 76.99557230848049, 8.370838047177129 ] } },
{ "type": "Feature", "properties": { "Label": "1E35A to STS01 -- Lane 1 Truck 1", "New_ID": "215_2", "dist_m": 633, "time_sec": 105.5, "latitude": 8.370821, "longitude": 76.995551, "bay_no": 0, "direction": "U to D" }, "geometry": { "type": "Point", "coordinates": [ 76.995551058319791, 8.370821087166211 ] } },
{ "type": "Feature", "properties": { "Label": "1E35A to STS01 -- Lane 1 Truck 1", "New_ID": "216_2", "dist_m": 636, "time_sec": 106.0, "latitude": 8.370804, "longitude": 76.99553, "bay_no": 0, "direction": "U to D" }, "geometry": { "type": "Point", "coordinates": [ 76.995529808160825, 8.370804127153706 ] } },
{ "type": "Feature", "properties": { "Label": "1E35A to STS01 -- Lane 1 Truck 1", "New_ID": "217_2", "dist_m": 639, "time_sec": 106.5, "latitude": 8.370787, "longitude": 76.995509, "bay_no": 0, "direction": "U to D" }, "geometry": { "type": "Point", "coordinates": [ 76.995508558003621, 8.370787167139611 ] } },
{ "type": "Feature", "properties": { "Label": "1E35A to STS01 -- Lane 1 Truck 1", "New_ID": "218_2", "dist_m": 642, "time_sec": 107.0, "latitude": 8.37077, "longitude": 76.995487, "bay_no": 0, "direction": "U to D" }, "geometry": { "type": "Point", "coordinates": [ 76.995487307848151, 8.370770207123925 ] } },
{ "type": "Feature", "properties": { "Label": "1E35A to STS01 -- Lane 1 Truck 1", "New_ID": "219_2", "dist_m": 645, "time_sec": 107.5, "latitude": 8.370753, "longitude": 76.995466, "bay_no": 0, "direction": "U to D" }, "geometry": { "type": "Point", "coordinates": [ 76.995466057694429, 8.370753247106652 ] } },
{ "type": "Feature", "properties": { "Label": "1E35A to STS01 -- Lane 1 Truck 1", "New_ID": "220_2", "dist_m": 648, "time_sec": 108.0, "latitude": 8.370736, "longitude": 76.995445, "bay_no": 0, "direction": "U to D" }, "geometry": { "type": "Point", "coordinates": [ 76.995444807542441, 8.370736287087789 ] } },
{ "type": "Feature", "properties": { "Label": "1E35A to STS01 -- Lane 1 Truck 1", "New_ID": "221_2", "dist_m": 651, "time_sec": 108.5, "latitude": 8.370719, "longitude": 76.995424, "bay_no": 0, "direction": "U to D" }, "geometry": { "type": "Point", "coordinates": [ 76.995423557392201, 8.370719327067334 ] } },
{ "type": "Feature", "properties": { "Label": "1E35A to STS01 -- Lane 1 Truck 1", "New_ID": "222_2", "dist_m": 654, "time_sec": 109.0, "latitude": 8.370702, "longitude": 76.995402, "bay_no": 0, "direction": "U to D" }, "geometry": { "type": "Point", "coordinates": [ 76.995402307243708, 8.370702367045293 ] } },
{ "type": "Feature", "properties": { "Label": "1E35A to STS01 -- Lane 1 Truck 1", "New_ID": "223_2", "dist_m": 657, "time_sec": 109.5, "latitude": 8.370685, "longitude": 76.995381, "bay_no": 0, "direction": "U to D" }, "geometry": { "type": "Point", "coordinates": [ 76.995381057096964, 8.370685407021661 ] } },
{ "type": "Feature", "properties": { "Label": "1E35A to STS01 -- Lane 1 Truck 1", "New_ID": "224_2", "dist_m": 660, "time_sec": 110.0, "latitude": 8.370668, "longitude": 76.99536, "bay_no": 0, "direction": "U to D" }, "geometry": { "type": "Point", "coordinates": [ 76.995359806951967, 8.370668446996437 ] } },
{ "type": "Feature", "properties": { "Label": "1E35A to STS01 -- Lane 1 Truck 1", "New_ID": "225_2", "dist_m": 663, "time_sec": 110.5, "latitude": 8.370651, "longitude": 76.995339, "bay_no": 0, "direction": "U to D" }, "geometry": { "type": "Point", "coordinates": [ 76.99533855680869, 8.370651486969626 ] } },
{ "type": "Feature", "properties": { "Label": "1E35A to STS01 -- Lane 1 Truck 1", "New_ID": "226_2", "dist_m": 666, "time_sec": 111.0, "latitude": 8.370635, "longitude": 76.995317, "bay_no": 0, "direction": "U to D" }, "geometry": { "type": "Point", "coordinates": [ 76.995317306667189, 8.370634526941226 ] } },
{ "type": "Feature", "properties": { "Label": "1E35A to STS01 -- Lane 1 Truck 1", "New_ID": "227_2", "dist_m": 669, "time_sec": 111.5, "latitude": 8.370618, "longitude": 76.995296, "bay_no": 0, "direction": "U to D" }, "geometry": { "type": "Point", "coordinates": [ 76.995296056527422, 8.370617566911237 ] } },
{ "type": "Feature", "properties": { "Label": "1E35A to STS01 -- Lane 1 Truck 1", "New_ID": "228_2", "dist_m": 672, "time_sec": 112.0, "latitude": 8.370601, "longitude": 76.995275, "bay_no": 0, "direction": "U to D" }, "geometry": { "type": "Point", "coordinates": [ 76.995274806389389, 8.370600606879657 ] } },
{ "type": "Feature", "properties": { "Label": "1E35A to STS01 -- Lane 1 Truck 1", "New_ID": "229_2", "dist_m": 675, "time_sec": 112.5, "latitude": 8.370584, "longitude": 76.995254, "bay_no": 0, "direction": "U to D" }, "geometry": { "type": "Point", "coordinates": [ 76.995253556253118, 8.370583646846487 ] } },
{ "type": "Feature", "properties": { "Label": "1E35A to STS01 -- Lane 1 Truck 1", "New_ID": "230_2", "dist_m": 678, "time_sec": 113.0, "latitude": 8.370567, "longitude": 76.995232, "bay_no": 0, "direction": "U to D" }, "geometry": { "type": "Point", "coordinates": [ 76.995232306118567, 8.370566686811729 ] } },
{ "type": "Feature", "properties": { "Label": "1E35A to STS01 -- Lane 1 Truck 1", "New_ID": "231_2", "dist_m": 681, "time_sec": 113.5, "latitude": 8.37055, "longitude": 76.995211, "bay_no": 0, "direction": "U to D" }, "geometry": { "type": "Point", "coordinates": [ 76.995211055985777, 8.370549726775382 ] } },
{ "type": "Feature", "properties": { "Label": "1E35A to STS01 -- Lane 1 Truck 1", "New_ID": "232_2", "dist_m": 684, "time_sec": 114.0, "latitude": 8.370533, "longitude": 76.99519, "bay_no": 0, "direction": "U to D" }, "geometry": { "type": "Point", "coordinates": [ 76.995189805854736, 8.370532766737444 ] } },
{ "type": "Feature", "properties": { "Label": "1E35A to STS01 -- Lane 1 Truck 1", "New_ID": "233_2", "dist_m": 687, "time_sec": 114.5, "latitude": 8.370516, "longitude": 76.995169, "bay_no": 0, "direction": "L to R" }, "geometry": { "type": "Point", "coordinates": [ 76.995169333719005, 8.370515723948653 ] } },
{ "type": "Feature", "properties": { "Label": "1E35A to STS01 -- Lane 1 Truck 1", "New_ID": "234_2", "dist_m": 690, "time_sec": 115.0, "latitude": 8.370495, "longitude": 76.995187, "bay_no": 0, "direction": "L to R" }, "geometry": { "type": "Point", "coordinates": [ 76.995186507765851, 8.370494677020474 ] } },
{ "type": "Feature", "properties": { "Label": "1E35A to STS01 -- Lane 1 Truck 1", "New_ID": "235_2", "dist_m": 693, "time_sec": 115.5, "latitude": 8.370474, "longitude": 76.995204, "bay_no": 0, "direction": "L to R" }, "geometry": { "type": "Point", "coordinates": [ 76.995203681810949, 8.370473630091961 ] } },
{ "type": "Feature", "properties": { "Label": "1E35A to STS01 -- Lane 1 Truck 1", "New_ID": "236_2", "dist_m": 696, "time_sec": 116.0, "latitude": 8.370453, "longitude": 76.995221, "bay_no": 0, "direction": "L to R" }, "geometry": { "type": "Point", "coordinates": [ 76.995220855854271, 8.370452583163116 ] } },
{ "type": "Feature", "properties": { "Label": "1E35A to STS01 -- Lane 1 Truck 1", "New_ID": "237_2", "dist_m": 699, "time_sec": 116.5, "latitude": 8.370432, "longitude": 76.995238, "bay_no": 0, "direction": "L to R" }, "geometry": { "type": "Point", "coordinates": [ 76.995238029895859, 8.370431536233932 ] } },
{ "type": "Feature", "properties": { "Label": "1E35A to STS01 -- Lane 1 Truck 1", "New_ID": "238_2", "dist_m": 702, "time_sec": 117.0, "latitude": 8.37041, "longitude": 76.995255, "bay_no": 0, "direction": "L to R" }, "geometry": { "type": "Point", "coordinates": [ 76.99525520393567, 8.370410489304414 ] } },
{ "type": "Feature", "properties": { "Label": "1E35A to STS01 -- Lane 1 Truck 1", "New_ID": "239_2", "dist_m": 705, "time_sec": 117.5, "latitude": 8.370389, "longitude": 76.995272, "bay_no": 0, "direction": "L to R" }, "geometry": { "type": "Point", "coordinates": [ 76.995272377973748, 8.370389442374561 ] } },
{ "type": "Feature", "properties": { "Label": "1E35A to STS01 -- Lane 1 Truck 1", "New_ID": "240_2", "dist_m": 708, "time_sec": 118.0, "latitude": 8.370368, "longitude": 76.99529, "bay_no": 0, "direction": "L to R" }, "geometry": { "type": "Point", "coordinates": [ 76.995289552010064, 8.370368395444373 ] } },
{ "type": "Feature", "properties": { "Label": "1E35A to STS01 -- Lane 1 Truck 1", "New_ID": "241_2", "dist_m": 711, "time_sec": 118.5, "latitude": 8.370347, "longitude": 76.995307, "bay_no": 0, "direction": "L to R" }, "geometry": { "type": "Point", "coordinates": [ 76.995306726044618, 8.370347348513848 ] } },
{ "type": "Feature", "properties": { "Label": "1E35A to STS01 -- Lane 1 Truck 1", "New_ID": "242_2", "dist_m": 714, "time_sec": 119.0, "latitude": 8.370326, "longitude": 76.995324, "bay_no": 0, "direction": "L to R" }, "geometry": { "type": "Point", "coordinates": [ 76.995323900077423, 8.37032630158299 ] } },
{ "type": "Feature", "properties": { "Label": "1E35A to STS01 -- Lane 1 Truck 1", "New_ID": "243_2", "dist_m": 717, "time_sec": 119.5, "latitude": 8.370305, "longitude": 76.995341, "bay_no": 0, "direction": "L to R" }, "geometry": { "type": "Point", "coordinates": [ 76.995341074108453, 8.370305254651798 ] } },
{ "type": "Feature", "properties": { "Label": "1E35A to STS01 -- Lane 1 Truck 1", "New_ID": "244_2", "dist_m": 720, "time_sec": 120.0, "latitude": 8.370284, "longitude": 76.995358, "bay_no": 0, "direction": "L to R" }, "geometry": { "type": "Point", "coordinates": [ 76.995358248137748, 8.370284207720269 ] } },
{ "type": "Feature", "properties": { "Label": "1E35A to STS01 -- Lane 1 Truck 1", "New_ID": "245_2", "dist_m": 723, "time_sec": 120.5, "latitude": 8.370263, "longitude": 76.995375, "bay_no": 0, "direction": "L to R" }, "geometry": { "type": "Point", "coordinates": [ 76.995375422165296, 8.370263160788406 ] } },
{ "type": "Feature", "properties": { "Label": "1E35A to STS01 -- Lane 1 Truck 1", "New_ID": "246_2", "dist_m": 726, "time_sec": 121.0, "latitude": 8.370242, "longitude": 76.995393, "bay_no": 0, "direction": "L to R" }, "geometry": { "type": "Point", "coordinates": [ 76.995392596191067, 8.370242113856207 ] } },
{ "type": "Feature", "properties": { "Label": "1E35A to STS01 -- Lane 1 Truck 1", "New_ID": "247_2", "dist_m": 729, "time_sec": 121.5, "latitude": 8.370221, "longitude": 76.99541, "bay_no": 0, "direction": "L to R" }, "geometry": { "type": "Point", "coordinates": [ 76.99540977021509, 8.370221066923675 ] } },
{ "type": "Feature", "properties": { "Label": "1E35A to STS01 -- Lane 1 Truck 1", "New_ID": "248_2", "dist_m": 732, "time_sec": 122.0, "latitude": 8.3702, "longitude": 76.995427, "bay_no": 0, "direction": "L to R" }, "geometry": { "type": "Point", "coordinates": [ 76.995426944237366, 8.370200019990806 ] } },
{ "type": "Feature", "properties": { "Label": "1E35A to STS01 -- Lane 1 Truck 1", "New_ID": "249_2", "dist_m": 735, "time_sec": 122.5, "latitude": 8.370179, "longitude": 76.995444, "bay_no": 0, "direction": "L to R" }, "geometry": { "type": "Point", "coordinates": [ 76.995444118257865, 8.370178973057602 ] } },
{ "type": "Feature", "properties": { "Label": "1E35A to STS01 -- Lane 1 Truck 1", "New_ID": "250_2", "dist_m": 738, "time_sec": 123.0, "latitude": 8.370158, "longitude": 76.995461, "bay_no": 0, "direction": "L to R" }, "geometry": { "type": "Point", "coordinates": [ 76.99546129227663, 8.370157926124064 ] } },
{ "type": "Feature", "properties": { "Label": "1E35A to STS01 -- Lane 1 Truck 1", "New_ID": "251_2", "dist_m": 741, "time_sec": 123.5, "latitude": 8.370137, "longitude": 76.995478, "bay_no": 0, "direction": "L to R" }, "geometry": { "type": "Point", "coordinates": [ 76.995478466293619, 8.37013687919019 ] } },
{ "type": "Feature", "properties": { "Label": "1E35A to STS01 -- Lane 1 Truck 1", "New_ID": "252_2", "dist_m": 744, "time_sec": 124.0, "latitude": 8.370116, "longitude": 76.995496, "bay_no": 0, "direction": "L to R" }, "geometry": { "type": "Point", "coordinates": [ 76.99549564030886, 8.370115832255982 ] } },
{ "type": "Feature", "properties": { "Label": "1E35A to STS01 -- Lane 1 Truck 1", "New_ID": "253_2", "dist_m": 747, "time_sec": 124.5, "latitude": 8.370095, "longitude": 76.995513, "bay_no": 0, "direction": "L to R" }, "geometry": { "type": "Point", "coordinates": [ 76.995512814322353, 8.370094785321436 ] } },
{ "type": "Feature", "properties": { "Label": "1E35A to STS01 -- Lane 1 Truck 1", "New_ID": "254_2", "dist_m": 750, "time_sec": 125.0, "latitude": 8.370074, "longitude": 76.99553, "bay_no": 0, "direction": "L to R" }, "geometry": { "type": "Point", "coordinates": [ 76.995529988334084, 8.370073738386559 ] } },
{ "type": "Feature", "properties": { "Label": "1E35A to STS01 -- Lane 1 Truck 1", "New_ID": "255_2", "dist_m": 753, "time_sec": 125.5, "latitude": 8.370053, "longitude": 76.995547, "bay_no": 0, "direction": "L to R" }, "geometry": { "type": "Point", "coordinates": [ 76.995547162344067, 8.370052691451344 ] } },
{ "type": "Feature", "properties": { "Label": "1E35A to STS01 -- Lane 1 Truck 1", "New_ID": "256_2", "dist_m": 756, "time_sec": 126.0, "latitude": 8.370032, "longitude": 76.995564, "bay_no": 0, "direction": "L to R" }, "geometry": { "type": "Point", "coordinates": [ 76.995564336352288, 8.370031644515793 ] } },
{ "type": "Feature", "properties": { "Label": "1E35A to STS01 -- Lane 1 Truck 1", "New_ID": "257_2", "dist_m": 759, "time_sec": 126.5, "latitude": 8.370011, "longitude": 76.995582, "bay_no": 0, "direction": "L to R" }, "geometry": { "type": "Point", "coordinates": [ 76.995581510358747, 8.37001059757991 ] } },
{ "type": "Feature", "properties": { "Label": "1E35A to STS01 -- Lane 1 Truck 1", "New_ID": "258_2", "dist_m": 762, "time_sec": 127.0, "latitude": 8.36999, "longitude": 76.995599, "bay_no": 0, "direction": "L to R" }, "geometry": { "type": "Point", "coordinates": [ 76.995598684363472, 8.369989550643693 ] } },
{ "type": "Feature", "properties": { "Label": "1E35A to STS01 -- Lane 1 Truck 1", "New_ID": "259_2", "dist_m": 765, "time_sec": 127.5, "latitude": 8.369969, "longitude": 76.995616, "bay_no": 0, "direction": "L to R" }, "geometry": { "type": "Point", "coordinates": [ 76.995615858366421, 8.369968503707137 ] } },
{ "type": "Feature", "properties": { "Label": "1E35A to STS01 -- Lane 1 Truck 1", "New_ID": "260_2", "dist_m": 768, "time_sec": 128.0, "latitude": 8.369947, "longitude": 76.995633, "bay_no": 0, "direction": "L to R" }, "geometry": { "type": "Point", "coordinates": [ 76.995633032367621, 8.36994745677025 ] } },
{ "type": "Feature", "properties": { "Label": "1E35A to STS01 -- Lane 1 Truck 1", "New_ID": "261_2", "dist_m": 771, "time_sec": 128.5, "latitude": 8.369926, "longitude": 76.99565, "bay_no": 0, "direction": "L to R" }, "geometry": { "type": "Point", "coordinates": [ 76.99565020636706, 8.369926409833026 ] } },
{ "type": "Feature", "properties": { "Label": "1E35A to STS01 -- Lane 1 Truck 1", "New_ID": "262_2", "dist_m": 774, "time_sec": 129.0, "latitude": 8.369904, "longitude": 76.995669, "bay_no": 0, "direction": "L to R" }, "geometry": { "type": "Point", "coordinates": [ 76.99566851400391, 8.369903973607165 ] } },
{ "type": "Feature", "properties": { "Label": "1E35A to STS01 -- Lane 1 Truck 1", "New_ID": "53_2_1", "dist_m": 149, "time_sec": 24.9, "latitude": 8.373931, "longitude": 76.995709, "bay_no": 0, "direction": "R to L" }, "geometry": { "type": "Point", "coordinates": [ 76.995709376737068, 8.37393080617835 ] } },
{ "type": "Feature", "properties": { "Label": "1E35A to STS01 -- Lane 1 Truck 1", "New_ID": "212_2_1", "dist_m": 625, "time_sec": 104.2, "latitude": 8.370864, "longitude": 76.995605, "bay_no": 0, "direction": "L to R" }, "geometry": { "type": "Point", "coordinates": [ 76.995604894015173, 8.370864054081665 ] } }
]
}
