{
"type": "FeatureCollection",
"name": "1E35A to Parking Lane 1 Truck 1",
"crs": { "type": "name", "properties": { "name": "urn:ogc:def:crs:OGC:1.3:CRS84" } },
"xy_coordinate_resolution": 1e-15,
"features": [
{ "type": "Feature", "properties": { "Label": "1E35A to Parking Lane 1 Truck 1", "New_ID": "487_1", "dist_m": 1461, "time_sec": 243.5, "latitude": 8.372903, "longitude": 76.996548, "bay_no": 0, "direction": "R to L" }, "geometry": { "type": "Point", "coordinates": [ 76.996548076921258, 8.37290300514541 ] } },
{ "type": "Feature", "properties": { "Label": "1E35A to Parking Lane 1 Truck 1", "New_ID": "488_1", "dist_m": 1464, "time_sec": 244.0, "latitude": 8.372924, "longitude": 76.996531, "bay_no": 0, "direction": "R to L" }, "geometry": { "type": "Point", "coordinates": [ 76.996530902548997, 8.372924051864855 ] } },
{ "type": "Feature", "properties": { "Label": "1E35A to Parking Lane 1 Truck 1", "New_ID": "489_1", "dist_m": 1467, "time_sec": 244.5, "latitude": 8.372945, "longitude": 76.996514, "bay_no": 0, "direction": "R to L" }, "geometry": { "type": "Point", "coordinates": [ 76.996513728175017, 8.372945098583962 ] } },
{ "type": "Feature", "properties": { "Label": "1E35A to Parking Lane 1 Truck 1", "New_ID": "490_1", "dist_m": 1470, "time_sec": 245.0, "latitude": 8.372966, "longitude": 76.996497, "bay_no": 0, "direction": "R to L" }, "geometry": { "type": "Point", "coordinates": [ 76.996496553799261, 8.372966145302735 ] } },
{ "type": "Feature", "properties": { "Label": "1E35A to Parking Lane 1 Truck 1", "New_ID": "491_1", "dist_m": 1473, "time_sec": 245.5, "latitude": 8.372987, "longitude": 76.996479, "bay_no": 0, "direction": "R to L" }, "geometry": { "type": "Point", "coordinates": [ 76.996479379421757, 8.372987192021172 ] } },
{ "type": "Feature", "properties": { "Label": "1E35A to Parking Lane 1 Truck 1", "New_ID": "492_1", "dist_m": 1476, "time_sec": 246.0, "latitude": 8.373008, "longitude": 76.996462, "bay_no": 0, "direction": "R to L" }, "geometry": { "type": "Point", "coordinates": [ 76.996462205042477, 8.373008238739274 ] } },
{ "type": "Feature", "properties": { "Label": "1E35A to Parking Lane 1 Truck 1", "New_ID": "493_1", "dist_m": 1479, "time_sec": 246.5, "latitude": 8.373029, "longitude": 76.996445, "bay_no": 0, "direction": "R to L" }, "geometry": { "type": "Point", "coordinates": [ 76.996445030661476, 8.373029285457042 ] } },
{ "type": "Feature", "properties": { "Label": "1E35A to Parking Lane 1 Truck 1", "New_ID": "494_1", "dist_m": 1482, "time_sec": 247.0, "latitude": 8.37305, "longitude": 76.996428, "bay_no": 0, "direction": "R to L" }, "geometry": { "type": "Point", "coordinates": [ 76.996427856278686, 8.373050332174476 ] } },
{ "type": "Feature", "properties": { "Label": "1E35A to Parking Lane 1 Truck 1", "New_ID": "495_1", "dist_m": 1485, "time_sec": 247.5, "latitude": 8.373071, "longitude": 76.996411, "bay_no": 0, "direction": "R to L" }, "geometry": { "type": "Point", "coordinates": [ 76.996410681894147, 8.373071378891572 ] } },
{ "type": "Feature", "properties": { "Label": "1E35A to Parking Lane 1 Truck 1", "New_ID": "496_1", "dist_m": 1488, "time_sec": 248.0, "latitude": 8.373092, "longitude": 76.996394, "bay_no": 0, "direction": "R to L" }, "geometry": { "type": "Point", "coordinates": [ 76.996393507507861, 8.373092425608336 ] } },
{ "type": "Feature", "properties": { "Label": "1E35A to Parking Lane 1 Truck 1", "New_ID": "497_1", "dist_m": 1491, "time_sec": 248.5, "latitude": 8.373113, "longitude": 76.996376, "bay_no": 0, "direction": "R to L" }, "geometry": { "type": "Point", "coordinates": [ 76.996376333119812, 8.373113472324761 ] } },
{ "type": "Feature", "properties": { "Label": "1E35A to Parking Lane 1 Truck 1", "New_ID": "498_1", "dist_m": 1494, "time_sec": 249.0, "latitude": 8.373135, "longitude": 76.996359, "bay_no": 0, "direction": "R to L" }, "geometry": { "type": "Point", "coordinates": [ 76.996359158730002, 8.373134519040853 ] } },
{ "type": "Feature", "properties": { "Label": "1E35A to Parking Lane 1 Truck 1", "New_ID": "499_1", "dist_m": 1497, "time_sec": 249.5, "latitude": 8.373156, "longitude": 76.996342, "bay_no": 0, "direction": "R to L" }, "geometry": { "type": "Point", "coordinates": [ 76.996341984338457, 8.37315556575661 ] } },
{ "type": "Feature", "properties": { "Label": "1E35A to Parking Lane 1 Truck 1", "New_ID": "500_1", "dist_m": 1500, "time_sec": 250.0, "latitude": 8.373177, "longitude": 76.996325, "bay_no": 0, "direction": "R to L" }, "geometry": { "type": "Point", "coordinates": [ 76.99632480994515, 8.373176612472031 ] } },
{ "type": "Feature", "properties": { "Label": "1E35A to Parking Lane 1 Truck 1", "New_ID": "501_1", "dist_m": 1503, "time_sec": 250.5, "latitude": 8.373198, "longitude": 76.996308, "bay_no": 0, "direction": "R to L" }, "geometry": { "type": "Point", "coordinates": [ 76.996307635550068, 8.373197659187118 ] } },
{ "type": "Feature", "properties": { "Label": "1E35A to Parking Lane 1 Truck 1", "New_ID": "502_1", "dist_m": 1506, "time_sec": 251.0, "latitude": 8.373219, "longitude": 76.99629, "bay_no": 0, "direction": "R to L" }, "geometry": { "type": "Point", "coordinates": [ 76.996290461153237, 8.37321870590187 ] } },
{ "type": "Feature", "properties": { "Label": "1E35A to Parking Lane 1 Truck 1", "New_ID": "503_1", "dist_m": 1509, "time_sec": 251.5, "latitude": 8.37324, "longitude": 76.996273, "bay_no": 0, "direction": "R to L" }, "geometry": { "type": "Point", "coordinates": [ 76.996273286754658, 8.373239752616287 ] } },
{ "type": "Feature", "properties": { "Label": "1E35A to Parking Lane 1 Truck 1", "New_ID": "504_1", "dist_m": 1512, "time_sec": 252.0, "latitude": 8.373261, "longitude": 76.996256, "bay_no": 0, "direction": "R to L" }, "geometry": { "type": "Point", "coordinates": [ 76.996256112354317, 8.373260799330366 ] } },
{ "type": "Feature", "properties": { "Label": "1E35A to Parking Lane 1 Truck 1", "New_ID": "505_1", "dist_m": 1515, "time_sec": 252.5, "latitude": 8.373282, "longitude": 76.996239, "bay_no": 0, "direction": "R to L" }, "geometry": { "type": "Point", "coordinates": [ 76.996238937952214, 8.373281846044113 ] } },
{ "type": "Feature", "properties": { "Label": "1E35A to Parking Lane 1 Truck 1", "New_ID": "506_1", "dist_m": 1518, "time_sec": 253.0, "latitude": 8.373303, "longitude": 76.996222, "bay_no": 0, "direction": "R to L" }, "geometry": { "type": "Point", "coordinates": [ 76.996221763548377, 8.373302892757524 ] } },
{ "type": "Feature", "properties": { "Label": "1E35A to Parking Lane 1 Truck 1", "New_ID": "507_1", "dist_m": 1521, "time_sec": 253.5, "latitude": 8.373324, "longitude": 76.996205, "bay_no": 0, "direction": "R to L" }, "geometry": { "type": "Point", "coordinates": [ 76.996204589142749, 8.373323939470598 ] } },
{ "type": "Feature", "properties": { "Label": "1E35A to Parking Lane 1 Truck 1", "New_ID": "508_1", "dist_m": 1524, "time_sec": 254.0, "latitude": 8.373345, "longitude": 76.996187, "bay_no": 0, "direction": "R to L" }, "geometry": { "type": "Point", "coordinates": [ 76.996187414735388, 8.373344986183341 ] } },
{ "type": "Feature", "properties": { "Label": "1E35A to Parking Lane 1 Truck 1", "New_ID": "509_1", "dist_m": 1527, "time_sec": 254.5, "latitude": 8.373366, "longitude": 76.99617, "bay_no": 0, "direction": "R to L" }, "geometry": { "type": "Point", "coordinates": [ 76.996170240326279, 8.373366032895744 ] } },
{ "type": "Feature", "properties": { "Label": "1E35A to Parking Lane 1 Truck 1", "New_ID": "510_1", "dist_m": 1530, "time_sec": 255.0, "latitude": 8.373387, "longitude": 76.996153, "bay_no": 0, "direction": "R to L" }, "geometry": { "type": "Point", "coordinates": [ 76.996153065915394, 8.373387079607815 ] } },
{ "type": "Feature", "properties": { "Label": "1E35A to Parking Lane 1 Truck 1", "New_ID": "511_1", "dist_m": 1533, "time_sec": 255.5, "latitude": 8.373408, "longitude": 76.996136, "bay_no": 0, "direction": "R to L" }, "geometry": { "type": "Point", "coordinates": [ 76.99613589150276, 8.37340812631955 ] } },
{ "type": "Feature", "properties": { "Label": "1E35A to Parking Lane 1 Truck 1", "New_ID": "512_1", "dist_m": 1536, "time_sec": 256.0, "latitude": 8.373429, "longitude": 76.996119, "bay_no": 0, "direction": "R to L" }, "geometry": { "type": "Point", "coordinates": [ 76.996118717088365, 8.373429173030949 ] } },
{ "type": "Feature", "properties": { "Label": "1E35A to Parking Lane 1 Truck 1", "New_ID": "513_1", "dist_m": 1539, "time_sec": 256.5, "latitude": 8.37345, "longitude": 76.996102, "bay_no": 0, "direction": "R to L" }, "geometry": { "type": "Point", "coordinates": [ 76.996101542672221, 8.373450219742015 ] } },
{ "type": "Feature", "properties": { "Label": "1E35A to Parking Lane 1 Truck 1", "New_ID": "514_1", "dist_m": 1542, "time_sec": 257.0, "latitude": 8.373471, "longitude": 76.996084, "bay_no": 0, "direction": "R to L" }, "geometry": { "type": "Point", "coordinates": [ 76.996084368254316, 8.373471266452741 ] } },
{ "type": "Feature", "properties": { "Label": "1E35A to Parking Lane 1 Truck 1", "New_ID": "515_1", "dist_m": 1545, "time_sec": 257.5, "latitude": 8.373492, "longitude": 76.996067, "bay_no": 0, "direction": "R to L" }, "geometry": { "type": "Point", "coordinates": [ 76.996067193834662, 8.373492313163133 ] } },
{ "type": "Feature", "properties": { "Label": "1E35A to Parking Lane 1 Truck 1", "New_ID": "516_1", "dist_m": 1548, "time_sec": 258.0, "latitude": 8.373513, "longitude": 76.99605, "bay_no": 0, "direction": "R to L" }, "geometry": { "type": "Point", "coordinates": [ 76.996050019413232, 8.373513359873195 ] } },
{ "type": "Feature", "properties": { "Label": "1E35A to Parking Lane 1 Truck 1", "New_ID": "517_1", "dist_m": 1551, "time_sec": 258.5, "latitude": 8.373534, "longitude": 76.996033, "bay_no": 0, "direction": "R to L" }, "geometry": { "type": "Point", "coordinates": [ 76.996032844990069, 8.373534406582918 ] } },
{ "type": "Feature", "properties": { "Label": "1E35A to Parking Lane 1 Truck 1", "New_ID": "518_1", "dist_m": 1554, "time_sec": 259.0, "latitude": 8.373555, "longitude": 76.996016, "bay_no": 0, "direction": "R to L" }, "geometry": { "type": "Point", "coordinates": [ 76.996015670565129, 8.373555453292305 ] } },
{ "type": "Feature", "properties": { "Label": "1E35A to Parking Lane 1 Truck 1", "New_ID": "519_1", "dist_m": 1557, "time_sec": 259.5, "latitude": 8.373577, "longitude": 76.995998, "bay_no": 0, "direction": "R to L" }, "geometry": { "type": "Point", "coordinates": [ 76.995998496138441, 8.373576500001356 ] } },
{ "type": "Feature", "properties": { "Label": "1E35A to Parking Lane 1 Truck 1", "New_ID": "520_1", "dist_m": 1560, "time_sec": 260.0, "latitude": 8.373598, "longitude": 76.995981, "bay_no": 0, "direction": "R to L" }, "geometry": { "type": "Point", "coordinates": [ 76.995981321710005, 8.373597546710075 ] } },
{ "type": "Feature", "properties": { "Label": "1E35A to Parking Lane 1 Truck 1", "New_ID": "521_1", "dist_m": 1563, "time_sec": 260.5, "latitude": 8.373619, "longitude": 76.995964, "bay_no": 0, "direction": "R to L" }, "geometry": { "type": "Point", "coordinates": [ 76.995964147279807, 8.373618593418458 ] } },
{ "type": "Feature", "properties": { "Label": "1E35A to Parking Lane 1 Truck 1", "New_ID": "522_1", "dist_m": 1566, "time_sec": 261.0, "latitude": 8.37364, "longitude": 76.995947, "bay_no": 0, "direction": "R to L" }, "geometry": { "type": "Point", "coordinates": [ 76.995946972847861, 8.373639640126504 ] } },
{ "type": "Feature", "properties": { "Label": "1E35A to Parking Lane 1 Truck 1", "New_ID": "523_1", "dist_m": 1569, "time_sec": 261.5, "latitude": 8.373661, "longitude": 76.99593, "bay_no": 0, "direction": "R to L" }, "geometry": { "type": "Point", "coordinates": [ 76.995929798414153, 8.373660686834215 ] } },
{ "type": "Feature", "properties": { "Label": "1E35A to Parking Lane 1 Truck 1", "New_ID": "524_1", "dist_m": 1572, "time_sec": 262.0, "latitude": 8.373682, "longitude": 76.995913, "bay_no": 0, "direction": "R to L" }, "geometry": { "type": "Point", "coordinates": [ 76.995912623978668, 8.373681733541591 ] } },
{ "type": "Feature", "properties": { "Label": "1E35A to Parking Lane 1 Truck 1", "New_ID": "525_1", "dist_m": 1575, "time_sec": 262.5, "latitude": 8.373703, "longitude": 76.995895, "bay_no": 0, "direction": "R to L" }, "geometry": { "type": "Point", "coordinates": [ 76.99589544954145, 8.373702780248632 ] } },
{ "type": "Feature", "properties": { "Label": "1E35A to Parking Lane 1 Truck 1", "New_ID": "526_1", "dist_m": 1578, "time_sec": 263.0, "latitude": 8.373724, "longitude": 76.995878, "bay_no": 0, "direction": "R to L" }, "geometry": { "type": "Point", "coordinates": [ 76.99587827510247, 8.373723826955338 ] } },
{ "type": "Feature", "properties": { "Label": "1E35A to Parking Lane 1 Truck 1", "New_ID": "527_1", "dist_m": 1581, "time_sec": 263.5, "latitude": 8.373745, "longitude": 76.995861, "bay_no": 0, "direction": "R to L" }, "geometry": { "type": "Point", "coordinates": [ 76.995861100661728, 8.373744873661709 ] } },
{ "type": "Feature", "properties": { "Label": "1E35A to Parking Lane 1 Truck 1", "New_ID": "528_1", "dist_m": 1584, "time_sec": 264.0, "latitude": 8.373766, "longitude": 76.995844, "bay_no": 0, "direction": "R to L" }, "geometry": { "type": "Point", "coordinates": [ 76.995843926219251, 8.373765920367743 ] } },
{ "type": "Feature", "properties": { "Label": "1E35A to Parking Lane 1 Truck 1", "New_ID": "529_1", "dist_m": 1587, "time_sec": 264.5, "latitude": 8.373787, "longitude": 76.995827, "bay_no": 0, "direction": "R to L" }, "geometry": { "type": "Point", "coordinates": [ 76.995826751774985, 8.373786967073444 ] } },
{ "type": "Feature", "properties": { "Label": "1E35A to Parking Lane 1 Truck 1", "New_ID": "530_1", "dist_m": 1590, "time_sec": 265.0, "latitude": 8.373808, "longitude": 76.99581, "bay_no": 0, "direction": "R to L" }, "geometry": { "type": "Point", "coordinates": [ 76.995809577328984, 8.37380801377881 ] } },
{ "type": "Feature", "properties": { "Label": "1E35A to Parking Lane 1 Truck 1", "New_ID": "531_1", "dist_m": 1593, "time_sec": 265.5, "latitude": 8.373829, "longitude": 76.995792, "bay_no": 0, "direction": "R to L" }, "geometry": { "type": "Point", "coordinates": [ 76.995792402881222, 8.373829060483839 ] } },
{ "type": "Feature", "properties": { "Label": "1E35A to Parking Lane 1 Truck 1", "New_ID": "532_1", "dist_m": 1596, "time_sec": 266.0, "latitude": 8.37385, "longitude": 76.995775, "bay_no": 0, "direction": "R to L" }, "geometry": { "type": "Point", "coordinates": [ 76.995775228431697, 8.373850107188531 ] } },
{ "type": "Feature", "properties": { "Label": "1E35A to Parking Lane 1 Truck 1", "New_ID": "533_1", "dist_m": 1599, "time_sec": 266.5, "latitude": 8.373871, "longitude": 76.995758, "bay_no": 0, "direction": "R to L" }, "geometry": { "type": "Point", "coordinates": [ 76.995758053980424, 8.373871153892889 ] } },
{ "type": "Feature", "properties": { "Label": "1E35A to Parking Lane 1 Truck 1", "New_ID": "534_1", "dist_m": 1602, "time_sec": 267.0, "latitude": 8.373892, "longitude": 76.995741, "bay_no": 0, "direction": "R to L" }, "geometry": { "type": "Point", "coordinates": [ 76.995740879527389, 8.373892200596913 ] } },
{ "type": "Feature", "properties": { "Label": "1E35A to Parking Lane 1 Truck 1", "New_ID": "535_1", "dist_m": 1605, "time_sec": 267.5, "latitude": 8.373913, "longitude": 76.995724, "bay_no": 0, "direction": "R to L" }, "geometry": { "type": "Point", "coordinates": [ 76.995723705072606, 8.373913247300599 ] } },
{ "type": "Feature", "properties": { "Label": "1E35A to Parking Lane 1 Truck 1", "New_ID": "536_1", "dist_m": 1608, "time_sec": 268.0, "latitude": 8.373934, "longitude": 76.995707, "bay_no": 0, "direction": "R to L" }, "geometry": { "type": "Point", "coordinates": [ 76.995706530616062, 8.373934294003952 ] } },
{ "type": "Feature", "properties": { "Label": "1E35A to Parking Lane 1 Truck 1", "New_ID": "537_1", "dist_m": 1611, "time_sec": 268.5, "latitude": 8.373955, "longitude": 76.995689, "bay_no": 0, "direction": "R to L" }, "geometry": { "type": "Point", "coordinates": [ 76.995689356157754, 8.373955340706969 ] } },
{ "type": "Feature", "properties": { "Label": "1E35A to Parking Lane 1 Truck 1", "New_ID": "538_1", "dist_m": 1614, "time_sec": 269.0, "latitude": 8.373973, "longitude": 76.995703, "bay_no": 0, "direction": "D to U" }, "geometry": { "type": "Point", "coordinates": [ 76.995702800464144, 8.373973444171542 ] } },
{ "type": "Feature", "properties": { "Label": "1E35A to Parking Lane 1 Truck 1", "New_ID": "539_1", "dist_m": 1617, "time_sec": 269.5, "latitude": 8.373991, "longitude": 76.995724, "bay_no": 0, "direction": "D to U" }, "geometry": { "type": "Point", "coordinates": [ 76.995723700104051, 8.373990830988648 ] } },
{ "type": "Feature", "properties": { "Label": "1E35A to Parking Lane 1 Truck 1", "New_ID": "540_1", "dist_m": 1620, "time_sec": 270.0, "latitude": 8.374008, "longitude": 76.995745, "bay_no": 0, "direction": "D to U" }, "geometry": { "type": "Point", "coordinates": [ 76.995744599745748, 8.374008217804196 ] } },
{ "type": "Feature", "properties": { "Label": "1E35A to Parking Lane 1 Truck 1", "New_ID": "541_1", "dist_m": 1623, "time_sec": 270.5, "latitude": 8.374026, "longitude": 76.995765, "bay_no": 0, "direction": "D to U" }, "geometry": { "type": "Point", "coordinates": [ 76.995765499389222, 8.374025604618184 ] } },
{ "type": "Feature", "properties": { "Label": "1E35A to Parking Lane 1 Truck 1", "New_ID": "542_1", "dist_m": 1626, "time_sec": 271.0, "latitude": 8.374043, "longitude": 76.995786, "bay_no": 0, "direction": "D to U" }, "geometry": { "type": "Point", "coordinates": [ 76.995786399034472, 8.374042991430617 ] } },
{ "type": "Feature", "properties": { "Label": "1E35A to Parking Lane 1 Truck 1", "New_ID": "543_1", "dist_m": 1629, "time_sec": 271.5, "latitude": 8.37406, "longitude": 76.995807, "bay_no": 0, "direction": "D to U" }, "geometry": { "type": "Point", "coordinates": [ 76.995807298681498, 8.374060378241495 ] } },
{ "type": "Feature", "properties": { "Label": "1E35A to Parking Lane 1 Truck 1", "New_ID": "544_1", "dist_m": 1632, "time_sec": 272.0, "latitude": 8.374078, "longitude": 76.995828, "bay_no": 0, "direction": "D to U" }, "geometry": { "type": "Point", "coordinates": [ 76.995828198330301, 8.374077765050815 ] } },
{ "type": "Feature", "properties": { "Label": "1E35A to Parking Lane 1 Truck 1", "New_ID": "545_1", "dist_m": 1635, "time_sec": 272.5, "latitude": 8.374095, "longitude": 76.995849, "bay_no": 0, "direction": "D to U" }, "geometry": { "type": "Point", "coordinates": [ 76.99584909798088, 8.374095151858578 ] } },
{ "type": "Feature", "properties": { "Label": "1E35A to Parking Lane 1 Truck 1", "New_ID": "546_1", "dist_m": 1638, "time_sec": 273.0, "latitude": 8.374113, "longitude": 76.99587, "bay_no": 0, "direction": "D to U" }, "geometry": { "type": "Point", "coordinates": [ 76.99586999763325, 8.374112538664784 ] } },
{ "type": "Feature", "properties": { "Label": "1E35A to Parking Lane 1 Truck 1", "New_ID": "547_1", "dist_m": 1641, "time_sec": 273.5, "latitude": 8.37413, "longitude": 76.995891, "bay_no": 0, "direction": "D to U" }, "geometry": { "type": "Point", "coordinates": [ 76.995890897287381, 8.374129925469434 ] } },
{ "type": "Feature", "properties": { "Label": "1E35A to Parking Lane 1 Truck 1", "New_ID": "548_1", "dist_m": 1644, "time_sec": 274.0, "latitude": 8.374147, "longitude": 76.995912, "bay_no": 0, "direction": "D to U" }, "geometry": { "type": "Point", "coordinates": [ 76.995911796943318, 8.374147312272527 ] } },
{ "type": "Feature", "properties": { "Label": "1E35A to Parking Lane 1 Truck 1", "New_ID": "549_1", "dist_m": 1647, "time_sec": 274.5, "latitude": 8.374165, "longitude": 76.995933, "bay_no": 0, "direction": "D to U" }, "geometry": { "type": "Point", "coordinates": [ 76.995932696601002, 8.374164699074063 ] } },
{ "type": "Feature", "properties": { "Label": "1E35A to Parking Lane 1 Truck 1", "New_ID": "550_1", "dist_m": 1650, "time_sec": 275.0, "latitude": 8.374182, "longitude": 76.995954, "bay_no": 0, "direction": "D to U" }, "geometry": { "type": "Point", "coordinates": [ 76.995953596260478, 8.374182085874041 ] } },
{ "type": "Feature", "properties": { "Label": "1E35A to Parking Lane 1 Truck 1", "New_ID": "551_1", "dist_m": 1653, "time_sec": 275.5, "latitude": 8.374199, "longitude": 76.995974, "bay_no": 0, "direction": "D to U" }, "geometry": { "type": "Point", "coordinates": [ 76.995974495921729, 8.374199472672464 ] } },
{ "type": "Feature", "properties": { "Label": "1E35A to Parking Lane 1 Truck 1", "New_ID": "552_1", "dist_m": 1656, "time_sec": 276.0, "latitude": 8.374217, "longitude": 76.995995, "bay_no": 0, "direction": "D to U" }, "geometry": { "type": "Point", "coordinates": [ 76.995995395584771, 8.37421685946933 ] } },
{ "type": "Feature", "properties": { "Label": "1E35A to Parking Lane 1 Truck 1", "New_ID": "553_1", "dist_m": 1659, "time_sec": 276.5, "latitude": 8.374234, "longitude": 76.996016, "bay_no": 0, "direction": "D to U" }, "geometry": { "type": "Point", "coordinates": [ 76.996016295249575, 8.374234246264637 ] } },
{ "type": "Feature", "properties": { "Label": "1E35A to Parking Lane 1 Truck 1", "New_ID": "554_1", "dist_m": 1662, "time_sec": 277.0, "latitude": 8.374252, "longitude": 76.996037, "bay_no": 0, "direction": "D to U" }, "geometry": { "type": "Point", "coordinates": [ 76.996037194916155, 8.374251633058389 ] } },
{ "type": "Feature", "properties": { "Label": "1E35A to Parking Lane 1 Truck 1", "New_ID": "555_1", "dist_m": 1665, "time_sec": 277.5, "latitude": 8.374269, "longitude": 76.996058, "bay_no": 0, "direction": "D to U" }, "geometry": { "type": "Point", "coordinates": [ 76.996058094584527, 8.374269019850583 ] } },
{ "type": "Feature", "properties": { "Label": "1E35A to Parking Lane 1 Truck 1", "New_ID": "556_1", "dist_m": 1668, "time_sec": 278.0, "latitude": 8.374286, "longitude": 76.996079, "bay_no": 0, "direction": "D to U" }, "geometry": { "type": "Point", "coordinates": [ 76.996078994254674, 8.374286406641222 ] } },
{ "type": "Feature", "properties": { "Label": "1E35A to Parking Lane 1 Truck 1", "New_ID": "557_1", "dist_m": 1671, "time_sec": 278.5, "latitude": 8.374304, "longitude": 76.9961, "bay_no": 0, "direction": "D to U" }, "geometry": { "type": "Point", "coordinates": [ 76.996099893926583, 8.3743037934303 ] } },
{ "type": "Feature", "properties": { "Label": "1E35A to Parking Lane 1 Truck 1", "New_ID": "558_1", "dist_m": 1674, "time_sec": 279.0, "latitude": 8.374321, "longitude": 76.996121, "bay_no": 0, "direction": "D to U" }, "geometry": { "type": "Point", "coordinates": [ 76.996120793600298, 8.374321180217827 ] } },
{ "type": "Feature", "properties": { "Label": "1E35A to Parking Lane 1 Truck 1", "New_ID": "559_1", "dist_m": 1677, "time_sec": 279.5, "latitude": 8.374339, "longitude": 76.996142, "bay_no": 0, "direction": "D to U" }, "geometry": { "type": "Point", "coordinates": [ 76.996141693275774, 8.374338567003793 ] } },
{ "type": "Feature", "properties": { "Label": "1E35A to Parking Lane 1 Truck 1", "New_ID": "560_1", "dist_m": 1680, "time_sec": 280.0, "latitude": 8.374356, "longitude": 76.996163, "bay_no": 0, "direction": "D to U" }, "geometry": { "type": "Point", "coordinates": [ 76.996162592953013, 8.374355953788204 ] } },
{ "type": "Feature", "properties": { "Label": "1E35A to Parking Lane 1 Truck 1", "New_ID": "561_1", "dist_m": 1683, "time_sec": 280.5, "latitude": 8.374373, "longitude": 76.996183, "bay_no": 0, "direction": "D to U" }, "geometry": { "type": "Point", "coordinates": [ 76.996183492632056, 8.374373340571056 ] } },
{ "type": "Feature", "properties": { "Label": "1E35A to Parking Lane 1 Truck 1", "New_ID": "562_1", "dist_m": 1686, "time_sec": 281.0, "latitude": 8.374391, "longitude": 76.996204, "bay_no": 0, "direction": "D to U" }, "geometry": { "type": "Point", "coordinates": [ 76.996204392312862, 8.374390727352353 ] } },
{ "type": "Feature", "properties": { "Label": "1E35A to Parking Lane 1 Truck 1", "New_ID": "563_1", "dist_m": 1689, "time_sec": 281.5, "latitude": 8.374381, "longitude": 76.996223, "bay_no": 0, "direction": "L to R" }, "geometry": { "type": "Point", "coordinates": [ 76.99622264083834, 8.374380807856134 ] } },
{ "type": "Feature", "properties": { "Label": "1E35A to Parking Lane 1 Truck 1", "New_ID": "564_1", "dist_m": 1692, "time_sec": 282.0, "latitude": 8.37436, "longitude": 76.99624, "bay_no": 0, "direction": "L to R" }, "geometry": { "type": "Point", "coordinates": [ 76.996239771730757, 8.37435972606478 ] } },
{ "type": "Feature", "properties": { "Label": "1E35A to Parking Lane 1 Truck 1", "New_ID": "565_1", "dist_m": 1695, "time_sec": 282.5, "latitude": 8.374339, "longitude": 76.996257, "bay_no": 0, "direction": "L to R" }, "geometry": { "type": "Point", "coordinates": [ 76.996256834016222, 8.374338589070213 ] } },
{ "type": "Feature", "properties": { "Label": "1E35A to Parking Lane 1 Truck 1", "New_ID": "566_1", "dist_m": 1698, "time_sec": 283.0, "latitude": 8.374317, "longitude": 76.996274, "bay_no": 0, "direction": "L to R" }, "geometry": { "type": "Point", "coordinates": [ 76.996273896299954, 8.374317452075321 ] } },
{ "type": "Feature", "properties": { "Label": "1E35A to Parking Lane 1 Truck 1", "New_ID": "1131_1", "dist_m": 1458, "time_sec": 243.0, "latitude": 8.372882, "longitude": 76.996565, "bay_no": 0, "direction": "R to L" }, "geometry": { "type": "Point", "coordinates": [ 76.996565251291727, 8.372881958425634 ] } },
{ "type": "Feature", "properties": { "Label": "1E35A to Parking Lane 1 Truck 1", "New_ID": "562_1_1", "dist_m": 1687, "time_sec": 281.2, "latitude": 8.374396, "longitude": 76.99621, "bay_no": 0, "direction": "D to U" }, "geometry": { "type": "Point", "coordinates": [ 76.996210445643626, 8.374395762480979 ] } },
{ "type": "Feature", "properties": { "Label": "1E35A to Parking Lane 1 Truck 1", "New_ID": "537_1_1", "dist_m": 1612, "time_sec": 268.6, "latitude": 8.373959, "longitude": 76.995686, "bay_no": 0, "direction": "R to L" }, "geometry": { "type": "Point", "coordinates": [ 76.995685994791032, 8.373959459945025 ] } }
]
}
