{
"type": "FeatureCollection",
"name": "STS 02 to 1E35A Lane 2 Truck 2",
"crs": { "type": "name", "properties": { "name": "urn:ogc:def:crs:OGC:1.3:CRS84" } },
"xy_coordinate_resolution": 1e-15,
"features": [
{ "type": "Feature", "properties": { "Label": "STS 02 to 1E35A Lane 2 Truck 2", "New_ID": "829_1", "dist_m": 789, "time_sec": 131.5, "latitude": 8.36933, "longitude": 76.99619, "bay_no": 0, "direction": "L to R" }, "geometry": { "type": "Point", "coordinates": [ 76.996189653987713, 8.369329596366368 ] } },
{ "type": "Feature", "properties": { "Label": "STS 02 to 1E35A Lane 2 Truck 2", "New_ID": "830_1", "dist_m": 792, "time_sec": 132.0, "latitude": 8.369309, "longitude": 76.996207, "bay_no": 0, "direction": "L to R" }, "geometry": { "type": "Point", "coordinates": [ 76.996206827933577, 8.369308549418752 ] } },
{ "type": "Feature", "properties": { "Label": "STS 02 to 1E35A Lane 2 Truck 2", "New_ID": "831_1", "dist_m": 795, "time_sec": 132.5, "latitude": 8.369288, "longitude": 76.996224, "bay_no": 0, "direction": "L to R" }, "geometry": { "type": "Point", "coordinates": [ 76.996224001877678, 8.369287502470801 ] } },
{ "type": "Feature", "properties": { "Label": "STS 02 to 1E35A Lane 2 Truck 2", "New_ID": "832_1", "dist_m": 798, "time_sec": 133.0, "latitude": 8.369266, "longitude": 76.996241, "bay_no": 0, "direction": "L to R" }, "geometry": { "type": "Point", "coordinates": [ 76.996241175820018, 8.369266455522515 ] } },
{ "type": "Feature", "properties": { "Label": "STS 02 to 1E35A Lane 2 Truck 2", "New_ID": "833_1", "dist_m": 801, "time_sec": 133.5, "latitude": 8.369245, "longitude": 76.996258, "bay_no": 0, "direction": "L to R" }, "geometry": { "type": "Point", "coordinates": [ 76.996258349760623, 8.369245408573896 ] } },
{ "type": "Feature", "properties": { "Label": "STS 02 to 1E35A Lane 2 Truck 2", "New_ID": "834_1", "dist_m": 804, "time_sec": 134.0, "latitude": 8.369224, "longitude": 76.996276, "bay_no": 0, "direction": "L to R" }, "geometry": { "type": "Point", "coordinates": [ 76.996275523699452, 8.369224361624942 ] } },
{ "type": "Feature", "properties": { "Label": "STS 02 to 1E35A Lane 2 Truck 2", "New_ID": "835_1", "dist_m": 807, "time_sec": 134.5, "latitude": 8.369203, "longitude": 76.996293, "bay_no": 0, "direction": "L to R" }, "geometry": { "type": "Point", "coordinates": [ 76.996292697636534, 8.369203314675653 ] } },
{ "type": "Feature", "properties": { "Label": "STS 02 to 1E35A Lane 2 Truck 2", "New_ID": "836_1", "dist_m": 810, "time_sec": 135.0, "latitude": 8.369182, "longitude": 76.99631, "bay_no": 0, "direction": "L to R" }, "geometry": { "type": "Point", "coordinates": [ 76.996309871571867, 8.369182267726028 ] } },
{ "type": "Feature", "properties": { "Label": "STS 02 to 1E35A Lane 2 Truck 2", "New_ID": "837_1", "dist_m": 813, "time_sec": 135.5, "latitude": 8.369161, "longitude": 76.996327, "bay_no": 0, "direction": "L to R" }, "geometry": { "type": "Point", "coordinates": [ 76.996327045505438, 8.369161220776069 ] } },
{ "type": "Feature", "properties": { "Label": "STS 02 to 1E35A Lane 2 Truck 2", "New_ID": "838_1", "dist_m": 816, "time_sec": 136.0, "latitude": 8.36914, "longitude": 76.996344, "bay_no": 0, "direction": "L to R" }, "geometry": { "type": "Point", "coordinates": [ 76.996344219437262, 8.369140173825775 ] } },
{ "type": "Feature", "properties": { "Label": "STS 02 to 1E35A Lane 2 Truck 2", "New_ID": "839_1", "dist_m": 819, "time_sec": 136.5, "latitude": 8.369119, "longitude": 76.996361, "bay_no": 0, "direction": "L to R" }, "geometry": { "type": "Point", "coordinates": [ 76.996361393367323, 8.36911912687515 ] } },
{ "type": "Feature", "properties": { "Label": "STS 02 to 1E35A Lane 2 Truck 2", "New_ID": "840_1", "dist_m": 822, "time_sec": 137.0, "latitude": 8.369098, "longitude": 76.996379, "bay_no": 0, "direction": "L to R" }, "geometry": { "type": "Point", "coordinates": [ 76.996378567295622, 8.369098079924187 ] } },
{ "type": "Feature", "properties": { "Label": "STS 02 to 1E35A Lane 2 Truck 2", "New_ID": "841_1", "dist_m": 825, "time_sec": 137.5, "latitude": 8.369077, "longitude": 76.996396, "bay_no": 0, "direction": "L to R" }, "geometry": { "type": "Point", "coordinates": [ 76.996395741222173, 8.369077032972886 ] } },
{ "type": "Feature", "properties": { "Label": "STS 02 to 1E35A Lane 2 Truck 2", "New_ID": "842_1", "dist_m": 828, "time_sec": 138.0, "latitude": 8.369056, "longitude": 76.996413, "bay_no": 0, "direction": "L to R" }, "geometry": { "type": "Point", "coordinates": [ 76.996412915146962, 8.369055986021255 ] } },
{ "type": "Feature", "properties": { "Label": "STS 02 to 1E35A Lane 2 Truck 2", "New_ID": "843_1", "dist_m": 831, "time_sec": 138.5, "latitude": 8.369035, "longitude": 76.99643, "bay_no": 0, "direction": "L to R" }, "geometry": { "type": "Point", "coordinates": [ 76.996430089070003, 8.369034939069287 ] } },
{ "type": "Feature", "properties": { "Label": "STS 02 to 1E35A Lane 2 Truck 2", "New_ID": "844_1", "dist_m": 834, "time_sec": 139.0, "latitude": 8.369014, "longitude": 76.996447, "bay_no": 0, "direction": "L to R" }, "geometry": { "type": "Point", "coordinates": [ 76.996447262991296, 8.369013892116985 ] } },
{ "type": "Feature", "properties": { "Label": "STS 02 to 1E35A Lane 2 Truck 2", "New_ID": "845_1", "dist_m": 837, "time_sec": 139.5, "latitude": 8.368993, "longitude": 76.996464, "bay_no": 0, "direction": "L to R" }, "geometry": { "type": "Point", "coordinates": [ 76.996464436910813, 8.36899284516435 ] } },
{ "type": "Feature", "properties": { "Label": "STS 02 to 1E35A Lane 2 Truck 2", "New_ID": "846_1", "dist_m": 840, "time_sec": 140.0, "latitude": 8.368972, "longitude": 76.996482, "bay_no": 0, "direction": "L to R" }, "geometry": { "type": "Point", "coordinates": [ 76.996481610828596, 8.368971798211378 ] } },
{ "type": "Feature", "properties": { "Label": "STS 02 to 1E35A Lane 2 Truck 2", "New_ID": "847_1", "dist_m": 843, "time_sec": 140.5, "latitude": 8.368976, "longitude": 76.996501, "bay_no": 0, "direction": "D to U" }, "geometry": { "type": "Point", "coordinates": [ 76.996501489138879, 8.368975967610121 ] } },
{ "type": "Feature", "properties": { "Label": "STS 02 to 1E35A Lane 2 Truck 2", "New_ID": "848_1", "dist_m": 846, "time_sec": 141.0, "latitude": 8.368993, "longitude": 76.996523, "bay_no": 0, "direction": "D to U" }, "geometry": { "type": "Point", "coordinates": [ 76.996522739209595, 8.3689929275852 ] } },
{ "type": "Feature", "properties": { "Label": "STS 02 to 1E35A Lane 2 Truck 2", "New_ID": "849_1", "dist_m": 849, "time_sec": 141.5, "latitude": 8.36901, "longitude": 76.996544, "bay_no": 0, "direction": "D to U" }, "geometry": { "type": "Point", "coordinates": [ 76.996543989282046, 8.369009887558688 ] } },
{ "type": "Feature", "properties": { "Label": "STS 02 to 1E35A Lane 2 Truck 2", "New_ID": "850_1", "dist_m": 852, "time_sec": 142.0, "latitude": 8.369027, "longitude": 76.996565, "bay_no": 0, "direction": "D to U" }, "geometry": { "type": "Point", "coordinates": [ 76.996565239356244, 8.369026847530588 ] } },
{ "type": "Feature", "properties": { "Label": "STS 02 to 1E35A Lane 2 Truck 2", "New_ID": "851_1", "dist_m": 855, "time_sec": 142.5, "latitude": 8.369044, "longitude": 76.996586, "bay_no": 0, "direction": "D to U" }, "geometry": { "type": "Point", "coordinates": [ 76.996586489432175, 8.369043807500896 ] } },
{ "type": "Feature", "properties": { "Label": "STS 02 to 1E35A Lane 2 Truck 2", "New_ID": "852_1", "dist_m": 858, "time_sec": 143.0, "latitude": 8.369061, "longitude": 76.996608, "bay_no": 0, "direction": "D to U" }, "geometry": { "type": "Point", "coordinates": [ 76.996607739509884, 8.369060767469618 ] } },
{ "type": "Feature", "properties": { "Label": "STS 02 to 1E35A Lane 2 Truck 2", "New_ID": "853_1", "dist_m": 861, "time_sec": 143.5, "latitude": 8.369078, "longitude": 76.996629, "bay_no": 0, "direction": "D to U" }, "geometry": { "type": "Point", "coordinates": [ 76.996628989589297, 8.36907772743675 ] } },
{ "type": "Feature", "properties": { "Label": "STS 02 to 1E35A Lane 2 Truck 2", "New_ID": "854_1", "dist_m": 864, "time_sec": 144.0, "latitude": 8.369095, "longitude": 76.99665, "bay_no": 0, "direction": "D to U" }, "geometry": { "type": "Point", "coordinates": [ 76.996650239670487, 8.36909468740229 ] } },
{ "type": "Feature", "properties": { "Label": "STS 02 to 1E35A Lane 2 Truck 2", "New_ID": "855_1", "dist_m": 867, "time_sec": 144.5, "latitude": 8.369112, "longitude": 76.996671, "bay_no": 0, "direction": "D to U" }, "geometry": { "type": "Point", "coordinates": [ 76.99667148975341, 8.369111647366241 ] } },
{ "type": "Feature", "properties": { "Label": "STS 02 to 1E35A Lane 2 Truck 2", "New_ID": "856_1", "dist_m": 870, "time_sec": 145.0, "latitude": 8.369129, "longitude": 76.996693, "bay_no": 0, "direction": "D to U" }, "geometry": { "type": "Point", "coordinates": [ 76.996692739838068, 8.369128607328605 ] } },
{ "type": "Feature", "properties": { "Label": "STS 02 to 1E35A Lane 2 Truck 2", "New_ID": "857_1", "dist_m": 873, "time_sec": 145.5, "latitude": 8.369146, "longitude": 76.996714, "bay_no": 0, "direction": "D to U" }, "geometry": { "type": "Point", "coordinates": [ 76.996713989924473, 8.369145567289378 ] } },
{ "type": "Feature", "properties": { "Label": "STS 02 to 1E35A Lane 2 Truck 2", "New_ID": "858_1", "dist_m": 876, "time_sec": 146.0, "latitude": 8.369163, "longitude": 76.996735, "bay_no": 0, "direction": "D to U" }, "geometry": { "type": "Point", "coordinates": [ 76.996735240012626, 8.369162527248561 ] } },
{ "type": "Feature", "properties": { "Label": "STS 02 to 1E35A Lane 2 Truck 2", "New_ID": "859_1", "dist_m": 879, "time_sec": 146.5, "latitude": 8.369179, "longitude": 76.996756, "bay_no": 0, "direction": "D to U" }, "geometry": { "type": "Point", "coordinates": [ 76.996756490102527, 8.369179487206154 ] } },
{ "type": "Feature", "properties": { "Label": "STS 02 to 1E35A Lane 2 Truck 2", "New_ID": "860_1", "dist_m": 882, "time_sec": 147.0, "latitude": 8.369196, "longitude": 76.996778, "bay_no": 0, "direction": "D to U" }, "geometry": { "type": "Point", "coordinates": [ 76.996777740194162, 8.369196447162157 ] } },
{ "type": "Feature", "properties": { "Label": "STS 02 to 1E35A Lane 2 Truck 2", "New_ID": "861_1", "dist_m": 885, "time_sec": 147.5, "latitude": 8.369213, "longitude": 76.996799, "bay_no": 0, "direction": "D to U" }, "geometry": { "type": "Point", "coordinates": [ 76.996798990287559, 8.369213407116574 ] } },
{ "type": "Feature", "properties": { "Label": "STS 02 to 1E35A Lane 2 Truck 2", "New_ID": "862_1", "dist_m": 888, "time_sec": 148.0, "latitude": 8.36923, "longitude": 76.99682, "bay_no": 0, "direction": "D to U" }, "geometry": { "type": "Point", "coordinates": [ 76.996820240382689, 8.369230367069399 ] } },
{ "type": "Feature", "properties": { "Label": "STS 02 to 1E35A Lane 2 Truck 2", "New_ID": "863_1", "dist_m": 891, "time_sec": 148.5, "latitude": 8.36925, "longitude": 76.996815, "bay_no": 0, "direction": "R to L" }, "geometry": { "type": "Point", "coordinates": [ 76.996815439853933, 8.369250097684002 ] } },
{ "type": "Feature", "properties": { "Label": "STS 02 to 1E35A Lane 2 Truck 2", "New_ID": "864_1", "dist_m": 894, "time_sec": 149.0, "latitude": 8.369271, "longitude": 76.996798, "bay_no": 0, "direction": "R to L" }, "geometry": { "type": "Point", "coordinates": [ 76.9967982655577, 8.369271144333299 ] } },
{ "type": "Feature", "properties": { "Label": "STS 02 to 1E35A Lane 2 Truck 2", "New_ID": "865_1", "dist_m": 897, "time_sec": 149.5, "latitude": 8.369292, "longitude": 76.996781, "bay_no": 0, "direction": "R to L" }, "geometry": { "type": "Point", "coordinates": [ 76.996781091259706, 8.369292190982259 ] } },
{ "type": "Feature", "properties": { "Label": "STS 02 to 1E35A Lane 2 Truck 2", "New_ID": "866_1", "dist_m": 900, "time_sec": 150.0, "latitude": 8.369313, "longitude": 76.996764, "bay_no": 0, "direction": "R to L" }, "geometry": { "type": "Point", "coordinates": [ 76.996763916959964, 8.369313237630886 ] } },
{ "type": "Feature", "properties": { "Label": "STS 02 to 1E35A Lane 2 Truck 2", "New_ID": "867_1", "dist_m": 903, "time_sec": 150.5, "latitude": 8.369334, "longitude": 76.996747, "bay_no": 0, "direction": "R to L" }, "geometry": { "type": "Point", "coordinates": [ 76.996746742658459, 8.369334284279176 ] } },
{ "type": "Feature", "properties": { "Label": "STS 02 to 1E35A Lane 2 Truck 2", "New_ID": "868_1", "dist_m": 906, "time_sec": 151.0, "latitude": 8.369355, "longitude": 76.99673, "bay_no": 0, "direction": "R to L" }, "geometry": { "type": "Point", "coordinates": [ 76.996729568355192, 8.369355330927132 ] } },
{ "type": "Feature", "properties": { "Label": "STS 02 to 1E35A Lane 2 Truck 2", "New_ID": "869_1", "dist_m": 909, "time_sec": 151.5, "latitude": 8.369376, "longitude": 76.996712, "bay_no": 0, "direction": "R to L" }, "geometry": { "type": "Point", "coordinates": [ 76.996712394050192, 8.369376377574753 ] } },
{ "type": "Feature", "properties": { "Label": "STS 02 to 1E35A Lane 2 Truck 2", "New_ID": "870_1", "dist_m": 912, "time_sec": 152.0, "latitude": 8.369397, "longitude": 76.996695, "bay_no": 0, "direction": "R to L" }, "geometry": { "type": "Point", "coordinates": [ 76.996695219743415, 8.369397424222042 ] } },
{ "type": "Feature", "properties": { "Label": "STS 02 to 1E35A Lane 2 Truck 2", "New_ID": "871_1", "dist_m": 915, "time_sec": 152.5, "latitude": 8.369418, "longitude": 76.996678, "bay_no": 0, "direction": "R to L" }, "geometry": { "type": "Point", "coordinates": [ 76.996678045434891, 8.369418470868993 ] } },
{ "type": "Feature", "properties": { "Label": "STS 02 to 1E35A Lane 2 Truck 2", "New_ID": "872_1", "dist_m": 918, "time_sec": 153.0, "latitude": 8.36944, "longitude": 76.996661, "bay_no": 0, "direction": "R to L" }, "geometry": { "type": "Point", "coordinates": [ 76.996660871124604, 8.369439517515611 ] } },
{ "type": "Feature", "properties": { "Label": "STS 02 to 1E35A Lane 2 Truck 2", "New_ID": "873_1", "dist_m": 921, "time_sec": 153.5, "latitude": 8.369461, "longitude": 76.996644, "bay_no": 0, "direction": "R to L" }, "geometry": { "type": "Point", "coordinates": [ 76.996643696812569, 8.369460564161892 ] } },
{ "type": "Feature", "properties": { "Label": "STS 02 to 1E35A Lane 2 Truck 2", "New_ID": "874_1", "dist_m": 924, "time_sec": 154.0, "latitude": 8.369482, "longitude": 76.996627, "bay_no": 0, "direction": "R to L" }, "geometry": { "type": "Point", "coordinates": [ 76.996626522498786, 8.369481610807842 ] } },
{ "type": "Feature", "properties": { "Label": "STS 02 to 1E35A Lane 2 Truck 2", "New_ID": "875_1", "dist_m": 927, "time_sec": 154.5, "latitude": 8.369503, "longitude": 76.996609, "bay_no": 0, "direction": "R to L" }, "geometry": { "type": "Point", "coordinates": [ 76.996609348183242, 8.369502657453454 ] } },
{ "type": "Feature", "properties": { "Label": "STS 02 to 1E35A Lane 2 Truck 2", "New_ID": "876_1", "dist_m": 930, "time_sec": 155.0, "latitude": 8.369524, "longitude": 76.996592, "bay_no": 0, "direction": "R to L" }, "geometry": { "type": "Point", "coordinates": [ 76.996592173865935, 8.369523704098734 ] } },
{ "type": "Feature", "properties": { "Label": "STS 02 to 1E35A Lane 2 Truck 2", "New_ID": "877_1", "dist_m": 933, "time_sec": 155.5, "latitude": 8.369545, "longitude": 76.996575, "bay_no": 0, "direction": "R to L" }, "geometry": { "type": "Point", "coordinates": [ 76.99657499954688, 8.369544750743678 ] } },
{ "type": "Feature", "properties": { "Label": "STS 02 to 1E35A Lane 2 Truck 2", "New_ID": "878_1", "dist_m": 936, "time_sec": 156.0, "latitude": 8.369566, "longitude": 76.996558, "bay_no": 0, "direction": "R to L" }, "geometry": { "type": "Point", "coordinates": [ 76.996557825226063, 8.369565797388287 ] } },
{ "type": "Feature", "properties": { "Label": "STS 02 to 1E35A Lane 2 Truck 2", "New_ID": "879_1", "dist_m": 939, "time_sec": 156.5, "latitude": 8.369587, "longitude": 76.996541, "bay_no": 0, "direction": "R to L" }, "geometry": { "type": "Point", "coordinates": [ 76.996540650903498, 8.369586844032561 ] } },
{ "type": "Feature", "properties": { "Label": "STS 02 to 1E35A Lane 2 Truck 2", "New_ID": "880_1", "dist_m": 942, "time_sec": 157.0, "latitude": 8.369608, "longitude": 76.996523, "bay_no": 0, "direction": "R to L" }, "geometry": { "type": "Point", "coordinates": [ 76.996523476579171, 8.369607890676502 ] } },
{ "type": "Feature", "properties": { "Label": "STS 02 to 1E35A Lane 2 Truck 2", "New_ID": "881_1", "dist_m": 945, "time_sec": 157.5, "latitude": 8.369629, "longitude": 76.996506, "bay_no": 0, "direction": "R to L" }, "geometry": { "type": "Point", "coordinates": [ 76.996506302253096, 8.369628937320108 ] } },
{ "type": "Feature", "properties": { "Label": "STS 02 to 1E35A Lane 2 Truck 2", "New_ID": "882_1", "dist_m": 948, "time_sec": 158.0, "latitude": 8.36965, "longitude": 76.996489, "bay_no": 0, "direction": "R to L" }, "geometry": { "type": "Point", "coordinates": [ 76.996489127925258, 8.369649983963377 ] } },
{ "type": "Feature", "properties": { "Label": "STS 02 to 1E35A Lane 2 Truck 2", "New_ID": "883_1", "dist_m": 951, "time_sec": 158.5, "latitude": 8.369671, "longitude": 76.996472, "bay_no": 0, "direction": "R to L" }, "geometry": { "type": "Point", "coordinates": [ 76.996471953595673, 8.369671030606311 ] } },
{ "type": "Feature", "properties": { "Label": "STS 02 to 1E35A Lane 2 Truck 2", "New_ID": "884_1", "dist_m": 954, "time_sec": 159.0, "latitude": 8.369692, "longitude": 76.996455, "bay_no": 0, "direction": "R to L" }, "geometry": { "type": "Point", "coordinates": [ 76.996454779264326, 8.369692077248914 ] } },
{ "type": "Feature", "properties": { "Label": "STS 02 to 1E35A Lane 2 Truck 2", "New_ID": "885_1", "dist_m": 957, "time_sec": 159.5, "latitude": 8.369713, "longitude": 76.996438, "bay_no": 0, "direction": "R to L" }, "geometry": { "type": "Point", "coordinates": [ 76.996437604931216, 8.369713123891177 ] } },
{ "type": "Feature", "properties": { "Label": "STS 02 to 1E35A Lane 2 Truck 2", "New_ID": "886_1", "dist_m": 960, "time_sec": 160.0, "latitude": 8.369734, "longitude": 76.99642, "bay_no": 0, "direction": "R to L" }, "geometry": { "type": "Point", "coordinates": [ 76.996420430596359, 8.369734170533109 ] } },
{ "type": "Feature", "properties": { "Label": "STS 02 to 1E35A Lane 2 Truck 2", "New_ID": "887_1", "dist_m": 963, "time_sec": 160.5, "latitude": 8.369755, "longitude": 76.996403, "bay_no": 0, "direction": "R to L" }, "geometry": { "type": "Point", "coordinates": [ 76.996403256259754, 8.369755217174704 ] } },
{ "type": "Feature", "properties": { "Label": "STS 02 to 1E35A Lane 2 Truck 2", "New_ID": "888_1", "dist_m": 966, "time_sec": 161.0, "latitude": 8.369776, "longitude": 76.996386, "bay_no": 0, "direction": "R to L" }, "geometry": { "type": "Point", "coordinates": [ 76.996386081921386, 8.369776263815968 ] } },
{ "type": "Feature", "properties": { "Label": "STS 02 to 1E35A Lane 2 Truck 2", "New_ID": "889_1", "dist_m": 969, "time_sec": 161.5, "latitude": 8.369797, "longitude": 76.996369, "bay_no": 0, "direction": "R to L" }, "geometry": { "type": "Point", "coordinates": [ 76.996368907581257, 8.369797310456892 ] } },
{ "type": "Feature", "properties": { "Label": "STS 02 to 1E35A Lane 2 Truck 2", "New_ID": "890_1", "dist_m": 972, "time_sec": 162.0, "latitude": 8.369818, "longitude": 76.996352, "bay_no": 0, "direction": "R to L" }, "geometry": { "type": "Point", "coordinates": [ 76.996351733239379, 8.369818357097484 ] } },
{ "type": "Feature", "properties": { "Label": "STS 02 to 1E35A Lane 2 Truck 2", "New_ID": "891_1", "dist_m": 975, "time_sec": 162.5, "latitude": 8.369839, "longitude": 76.996335, "bay_no": 0, "direction": "R to L" }, "geometry": { "type": "Point", "coordinates": [ 76.99633455889574, 8.369839403737739 ] } },
{ "type": "Feature", "properties": { "Label": "STS 02 to 1E35A Lane 2 Truck 2", "New_ID": "892_1", "dist_m": 978, "time_sec": 163.0, "latitude": 8.36986, "longitude": 76.996317, "bay_no": 0, "direction": "R to L" }, "geometry": { "type": "Point", "coordinates": [ 76.996317384550352, 8.369860450377665 ] } },
{ "type": "Feature", "properties": { "Label": "STS 02 to 1E35A Lane 2 Truck 2", "New_ID": "893_1", "dist_m": 981, "time_sec": 163.5, "latitude": 8.369881, "longitude": 76.9963, "bay_no": 0, "direction": "R to L" }, "geometry": { "type": "Point", "coordinates": [ 76.996300210203202, 8.36988149701725 ] } },
{ "type": "Feature", "properties": { "Label": "STS 02 to 1E35A Lane 2 Truck 2", "New_ID": "894_1", "dist_m": 984, "time_sec": 164.0, "latitude": 8.369903, "longitude": 76.996283, "bay_no": 0, "direction": "R to L" }, "geometry": { "type": "Point", "coordinates": [ 76.996283035854304, 8.369902543656504 ] } },
{ "type": "Feature", "properties": { "Label": "STS 02 to 1E35A Lane 2 Truck 2", "New_ID": "895_1", "dist_m": 987, "time_sec": 164.5, "latitude": 8.369924, "longitude": 76.996266, "bay_no": 0, "direction": "R to L" }, "geometry": { "type": "Point", "coordinates": [ 76.996265861503645, 8.369923590295418 ] } },
{ "type": "Feature", "properties": { "Label": "STS 02 to 1E35A Lane 2 Truck 2", "New_ID": "896_1", "dist_m": 990, "time_sec": 165.0, "latitude": 8.369945, "longitude": 76.996249, "bay_no": 0, "direction": "R to L" }, "geometry": { "type": "Point", "coordinates": [ 76.996248687151237, 8.369944636934001 ] } },
{ "type": "Feature", "properties": { "Label": "STS 02 to 1E35A Lane 2 Truck 2", "New_ID": "897_1", "dist_m": 993, "time_sec": 165.5, "latitude": 8.369966, "longitude": 76.996232, "bay_no": 0, "direction": "R to L" }, "geometry": { "type": "Point", "coordinates": [ 76.996231512797067, 8.369965683572248 ] } },
{ "type": "Feature", "properties": { "Label": "STS 02 to 1E35A Lane 2 Truck 2", "New_ID": "898_1", "dist_m": 996, "time_sec": 166.0, "latitude": 8.369987, "longitude": 76.996214, "bay_no": 0, "direction": "R to L" }, "geometry": { "type": "Point", "coordinates": [ 76.996214338441135, 8.369986730210162 ] } },
{ "type": "Feature", "properties": { "Label": "STS 02 to 1E35A Lane 2 Truck 2", "New_ID": "899_1", "dist_m": 999, "time_sec": 166.5, "latitude": 8.370008, "longitude": 76.996197, "bay_no": 0, "direction": "R to L" }, "geometry": { "type": "Point", "coordinates": [ 76.996197164083469, 8.370007776847741 ] } },
{ "type": "Feature", "properties": { "Label": "STS 02 to 1E35A Lane 2 Truck 2", "New_ID": "900_1", "dist_m": 1002, "time_sec": 167.0, "latitude": 8.370029, "longitude": 76.99618, "bay_no": 0, "direction": "R to L" }, "geometry": { "type": "Point", "coordinates": [ 76.996179989724041, 8.370028823484983 ] } },
{ "type": "Feature", "properties": { "Label": "STS 02 to 1E35A Lane 2 Truck 2", "New_ID": "901_1", "dist_m": 1005, "time_sec": 167.5, "latitude": 8.37005, "longitude": 76.996163, "bay_no": 0, "direction": "R to L" }, "geometry": { "type": "Point", "coordinates": [ 76.996162815362851, 8.370049870121891 ] } },
{ "type": "Feature", "properties": { "Label": "STS 02 to 1E35A Lane 2 Truck 2", "New_ID": "902_1", "dist_m": 1008, "time_sec": 168.0, "latitude": 8.370071, "longitude": 76.996146, "bay_no": 0, "direction": "R to L" }, "geometry": { "type": "Point", "coordinates": [ 76.996145640999899, 8.370070916758465 ] } },
{ "type": "Feature", "properties": { "Label": "STS 02 to 1E35A Lane 2 Truck 2", "New_ID": "903_1", "dist_m": 1011, "time_sec": 168.5, "latitude": 8.370092, "longitude": 76.996128, "bay_no": 0, "direction": "R to L" }, "geometry": { "type": "Point", "coordinates": [ 76.996128466635199, 8.370091963394703 ] } },
{ "type": "Feature", "properties": { "Label": "STS 02 to 1E35A Lane 2 Truck 2", "New_ID": "904_1", "dist_m": 1014, "time_sec": 169.0, "latitude": 8.370113, "longitude": 76.996111, "bay_no": 0, "direction": "R to L" }, "geometry": { "type": "Point", "coordinates": [ 76.996111292268736, 8.370113010030607 ] } },
{ "type": "Feature", "properties": { "Label": "STS 02 to 1E35A Lane 2 Truck 2", "New_ID": "905_1", "dist_m": 1017, "time_sec": 169.5, "latitude": 8.370134, "longitude": 76.996094, "bay_no": 0, "direction": "R to L" }, "geometry": { "type": "Point", "coordinates": [ 76.996094117900526, 8.370134056666174 ] } },
{ "type": "Feature", "properties": { "Label": "STS 02 to 1E35A Lane 2 Truck 2", "New_ID": "906_1", "dist_m": 1020, "time_sec": 170.0, "latitude": 8.370155, "longitude": 76.996077, "bay_no": 0, "direction": "R to L" }, "geometry": { "type": "Point", "coordinates": [ 76.996076943530554, 8.370155103301409 ] } },
{ "type": "Feature", "properties": { "Label": "STS 02 to 1E35A Lane 2 Truck 2", "New_ID": "907_1", "dist_m": 1023, "time_sec": 170.5, "latitude": 8.370176, "longitude": 76.99606, "bay_no": 0, "direction": "R to L" }, "geometry": { "type": "Point", "coordinates": [ 76.996059769158833, 8.370176149936306 ] } },
{ "type": "Feature", "properties": { "Label": "STS 02 to 1E35A Lane 2 Truck 2", "New_ID": "908_1", "dist_m": 1026, "time_sec": 171.0, "latitude": 8.370197, "longitude": 76.996043, "bay_no": 0, "direction": "R to L" }, "geometry": { "type": "Point", "coordinates": [ 76.996042594785351, 8.370197196570871 ] } },
{ "type": "Feature", "properties": { "Label": "STS 02 to 1E35A Lane 2 Truck 2", "New_ID": "909_1", "dist_m": 1029, "time_sec": 171.5, "latitude": 8.370218, "longitude": 76.996025, "bay_no": 0, "direction": "R to L" }, "geometry": { "type": "Point", "coordinates": [ 76.99602542041012, 8.3702182432051 ] } },
{ "type": "Feature", "properties": { "Label": "STS 02 to 1E35A Lane 2 Truck 2", "New_ID": "910_1", "dist_m": 1032, "time_sec": 172.0, "latitude": 8.370239, "longitude": 76.996008, "bay_no": 0, "direction": "R to L" }, "geometry": { "type": "Point", "coordinates": [ 76.996008246033128, 8.370239289838992 ] } },
{ "type": "Feature", "properties": { "Label": "STS 02 to 1E35A Lane 2 Truck 2", "New_ID": "911_1", "dist_m": 1035, "time_sec": 172.5, "latitude": 8.37026, "longitude": 76.995991, "bay_no": 0, "direction": "R to L" }, "geometry": { "type": "Point", "coordinates": [ 76.995991071654373, 8.370260336472551 ] } },
{ "type": "Feature", "properties": { "Label": "STS 02 to 1E35A Lane 2 Truck 2", "New_ID": "912_1", "dist_m": 1038, "time_sec": 173.0, "latitude": 8.370281, "longitude": 76.995974, "bay_no": 0, "direction": "R to L" }, "geometry": { "type": "Point", "coordinates": [ 76.995973897273871, 8.370281383105775 ] } },
{ "type": "Feature", "properties": { "Label": "STS 02 to 1E35A Lane 2 Truck 2", "New_ID": "913_1", "dist_m": 1041, "time_sec": 173.5, "latitude": 8.370302, "longitude": 76.995957, "bay_no": 0, "direction": "R to L" }, "geometry": { "type": "Point", "coordinates": [ 76.99595672289162, 8.370302429738663 ] } },
{ "type": "Feature", "properties": { "Label": "STS 02 to 1E35A Lane 2 Truck 2", "New_ID": "914_1", "dist_m": 1044, "time_sec": 174.0, "latitude": 8.370323, "longitude": 76.99594, "bay_no": 0, "direction": "R to L" }, "geometry": { "type": "Point", "coordinates": [ 76.995939548507593, 8.370323476371219 ] } },
{ "type": "Feature", "properties": { "Label": "STS 02 to 1E35A Lane 2 Truck 2", "New_ID": "915_1", "dist_m": 1047, "time_sec": 174.5, "latitude": 8.370345, "longitude": 76.995922, "bay_no": 0, "direction": "R to L" }, "geometry": { "type": "Point", "coordinates": [ 76.995922374121847, 8.370344523003437 ] } },
{ "type": "Feature", "properties": { "Label": "STS 02 to 1E35A Lane 2 Truck 2", "New_ID": "916_1", "dist_m": 1050, "time_sec": 175.0, "latitude": 8.370366, "longitude": 76.995905, "bay_no": 0, "direction": "R to L" }, "geometry": { "type": "Point", "coordinates": [ 76.99590519973431, 8.37036556963532 ] } },
{ "type": "Feature", "properties": { "Label": "STS 02 to 1E35A Lane 2 Truck 2", "New_ID": "917_1", "dist_m": 1053, "time_sec": 175.5, "latitude": 8.370387, "longitude": 76.995888, "bay_no": 0, "direction": "R to L" }, "geometry": { "type": "Point", "coordinates": [ 76.995888025345025, 8.370386616266869 ] } },
{ "type": "Feature", "properties": { "Label": "STS 02 to 1E35A Lane 2 Truck 2", "New_ID": "918_1", "dist_m": 1056, "time_sec": 176.0, "latitude": 8.370408, "longitude": 76.995871, "bay_no": 0, "direction": "R to L" }, "geometry": { "type": "Point", "coordinates": [ 76.995870850953992, 8.370407662898083 ] } },
{ "type": "Feature", "properties": { "Label": "STS 02 to 1E35A Lane 2 Truck 2", "New_ID": "919_1", "dist_m": 1059, "time_sec": 176.5, "latitude": 8.370429, "longitude": 76.995854, "bay_no": 0, "direction": "R to L" }, "geometry": { "type": "Point", "coordinates": [ 76.995853676561197, 8.370428709528962 ] } },
{ "type": "Feature", "properties": { "Label": "STS 02 to 1E35A Lane 2 Truck 2", "New_ID": "920_1", "dist_m": 1062, "time_sec": 177.0, "latitude": 8.37045, "longitude": 76.995837, "bay_no": 0, "direction": "R to L" }, "geometry": { "type": "Point", "coordinates": [ 76.995836502166654, 8.370449756159505 ] } },
{ "type": "Feature", "properties": { "Label": "STS 02 to 1E35A Lane 2 Truck 2", "New_ID": "921_1", "dist_m": 1065, "time_sec": 177.5, "latitude": 8.370468, "longitude": 76.995851, "bay_no": 0, "direction": "D to U" }, "geometry": { "type": "Point", "coordinates": [ 76.995850630800931, 8.370467793851333 ] } },
{ "type": "Feature", "properties": { "Label": "STS 02 to 1E35A Lane 2 Truck 2", "New_ID": "922_1", "dist_m": 1068, "time_sec": 178.0, "latitude": 8.370485, "longitude": 76.995872, "bay_no": 0, "direction": "D to U" }, "geometry": { "type": "Point", "coordinates": [ 76.995871530213961, 8.370485180714898 ] } },
{ "type": "Feature", "properties": { "Label": "STS 02 to 1E35A Lane 2 Truck 2", "New_ID": "923_1", "dist_m": 1071, "time_sec": 178.5, "latitude": 8.370503, "longitude": 76.995892, "bay_no": 0, "direction": "D to U" }, "geometry": { "type": "Point", "coordinates": [ 76.995892429628782, 8.370502567576903 ] } },
{ "type": "Feature", "properties": { "Label": "STS 02 to 1E35A Lane 2 Truck 2", "New_ID": "924_1", "dist_m": 1074, "time_sec": 179.0, "latitude": 8.37052, "longitude": 76.995913, "bay_no": 0, "direction": "D to U" }, "geometry": { "type": "Point", "coordinates": [ 76.995913329045365, 8.370519954437345 ] } },
{ "type": "Feature", "properties": { "Label": "STS 02 to 1E35A Lane 2 Truck 2", "New_ID": "925_1", "dist_m": 1077, "time_sec": 179.5, "latitude": 8.370537, "longitude": 76.995934, "bay_no": 0, "direction": "D to U" }, "geometry": { "type": "Point", "coordinates": [ 76.995934228463753, 8.370537341296227 ] } },
{ "type": "Feature", "properties": { "Label": "STS 02 to 1E35A Lane 2 Truck 2", "New_ID": "926_1", "dist_m": 1080, "time_sec": 180.0, "latitude": 8.370555, "longitude": 76.995955, "bay_no": 0, "direction": "D to U" }, "geometry": { "type": "Point", "coordinates": [ 76.995955127883903, 8.370554728153559 ] } },
{ "type": "Feature", "properties": { "Label": "STS 02 to 1E35A Lane 2 Truck 2", "New_ID": "927_1", "dist_m": 1083, "time_sec": 180.5, "latitude": 8.370572, "longitude": 76.995976, "bay_no": 0, "direction": "D to U" }, "geometry": { "type": "Point", "coordinates": [ 76.995976027305829, 8.370572115009335 ] } },
{ "type": "Feature", "properties": { "Label": "STS 02 to 1E35A Lane 2 Truck 2", "New_ID": "928_1", "dist_m": 1086, "time_sec": 181.0, "latitude": 8.37059, "longitude": 76.995997, "bay_no": 0, "direction": "D to U" }, "geometry": { "type": "Point", "coordinates": [ 76.995996926729546, 8.370589501863551 ] } },
{ "type": "Feature", "properties": { "Label": "STS 02 to 1E35A Lane 2 Truck 2", "New_ID": "929_1", "dist_m": 1089, "time_sec": 181.5, "latitude": 8.370607, "longitude": 76.996018, "bay_no": 0, "direction": "D to U" }, "geometry": { "type": "Point", "coordinates": [ 76.996017826155025, 8.37060688871621 ] } },
{ "type": "Feature", "properties": { "Label": "STS 02 to 1E35A Lane 2 Truck 2", "New_ID": "930_1", "dist_m": 1092, "time_sec": 182.0, "latitude": 8.370624, "longitude": 76.996039, "bay_no": 0, "direction": "D to U" }, "geometry": { "type": "Point", "coordinates": [ 76.996038725582281, 8.370624275567314 ] } },
{ "type": "Feature", "properties": { "Label": "STS 02 to 1E35A Lane 2 Truck 2", "New_ID": "931_1", "dist_m": 1095, "time_sec": 182.5, "latitude": 8.370642, "longitude": 76.99606, "bay_no": 0, "direction": "D to U" }, "geometry": { "type": "Point", "coordinates": [ 76.996059625011313, 8.370641662416862 ] } },
{ "type": "Feature", "properties": { "Label": "STS 02 to 1E35A Lane 2 Truck 2", "New_ID": "932_1", "dist_m": 1098, "time_sec": 183.0, "latitude": 8.370659, "longitude": 76.996081, "bay_no": 0, "direction": "D to U" }, "geometry": { "type": "Point", "coordinates": [ 76.996080524442135, 8.370659049264853 ] } },
{ "type": "Feature", "properties": { "Label": "STS 02 to 1E35A Lane 2 Truck 2", "New_ID": "933_1", "dist_m": 1101, "time_sec": 183.5, "latitude": 8.370676, "longitude": 76.996101, "bay_no": 0, "direction": "D to U" }, "geometry": { "type": "Point", "coordinates": [ 76.996101423874734, 8.370676436111289 ] } },
{ "type": "Feature", "properties": { "Label": "STS 02 to 1E35A Lane 2 Truck 2", "New_ID": "934_1", "dist_m": 1104, "time_sec": 184.0, "latitude": 8.370694, "longitude": 76.996122, "bay_no": 0, "direction": "D to U" }, "geometry": { "type": "Point", "coordinates": [ 76.996122323309095, 8.370693822956168 ] } },
{ "type": "Feature", "properties": { "Label": "STS 02 to 1E35A Lane 2 Truck 2", "New_ID": "935_1", "dist_m": 1107, "time_sec": 184.5, "latitude": 8.370711, "longitude": 76.996143, "bay_no": 0, "direction": "D to U" }, "geometry": { "type": "Point", "coordinates": [ 76.996143222745246, 8.370711209799492 ] } },
{ "type": "Feature", "properties": { "Label": "STS 02 to 1E35A Lane 2 Truck 2", "New_ID": "936_1", "dist_m": 1110, "time_sec": 185.0, "latitude": 8.370729, "longitude": 76.996164, "bay_no": 0, "direction": "D to U" }, "geometry": { "type": "Point", "coordinates": [ 76.996164122183174, 8.370728596641259 ] } },
{ "type": "Feature", "properties": { "Label": "STS 02 to 1E35A Lane 2 Truck 2", "New_ID": "937_1", "dist_m": 1113, "time_sec": 185.5, "latitude": 8.370746, "longitude": 76.996185, "bay_no": 0, "direction": "D to U" }, "geometry": { "type": "Point", "coordinates": [ 76.996185021622864, 8.370745983481466 ] } },
{ "type": "Feature", "properties": { "Label": "STS 02 to 1E35A Lane 2 Truck 2", "New_ID": "938_1", "dist_m": 1116, "time_sec": 186.0, "latitude": 8.370763, "longitude": 76.996206, "bay_no": 0, "direction": "D to U" }, "geometry": { "type": "Point", "coordinates": [ 76.996205921064345, 8.370763370320118 ] } },
{ "type": "Feature", "properties": { "Label": "STS 02 to 1E35A Lane 2 Truck 2", "New_ID": "939_1", "dist_m": 1119, "time_sec": 186.5, "latitude": 8.370781, "longitude": 76.996227, "bay_no": 0, "direction": "D to U" }, "geometry": { "type": "Point", "coordinates": [ 76.996226820507601, 8.370780757157215 ] } },
{ "type": "Feature", "properties": { "Label": "STS 02 to 1E35A Lane 2 Truck 2", "New_ID": "940_1", "dist_m": 1122, "time_sec": 187.0, "latitude": 8.370798, "longitude": 76.996248, "bay_no": 0, "direction": "D to U" }, "geometry": { "type": "Point", "coordinates": [ 76.996247719952649, 8.370798143992756 ] } },
{ "type": "Feature", "properties": { "Label": "STS 02 to 1E35A Lane 2 Truck 2", "New_ID": "941_1", "dist_m": 1125, "time_sec": 187.5, "latitude": 8.370816, "longitude": 76.996269, "bay_no": 0, "direction": "D to U" }, "geometry": { "type": "Point", "coordinates": [ 76.996268619399459, 8.370815530826738 ] } },
{ "type": "Feature", "properties": { "Label": "STS 02 to 1E35A Lane 2 Truck 2", "New_ID": "942_1", "dist_m": 1128, "time_sec": 188.0, "latitude": 8.370833, "longitude": 76.99629, "bay_no": 0, "direction": "D to U" }, "geometry": { "type": "Point", "coordinates": [ 76.996289518848045, 8.370832917659166 ] } },
{ "type": "Feature", "properties": { "Label": "STS 02 to 1E35A Lane 2 Truck 2", "New_ID": "943_1", "dist_m": 1131, "time_sec": 188.5, "latitude": 8.37085, "longitude": 76.99631, "bay_no": 0, "direction": "D to U" }, "geometry": { "type": "Point", "coordinates": [ 76.996310418298421, 8.370850304490036 ] } },
{ "type": "Feature", "properties": { "Label": "STS 02 to 1E35A Lane 2 Truck 2", "New_ID": "944_1", "dist_m": 1134, "time_sec": 189.0, "latitude": 8.370868, "longitude": 76.996331, "bay_no": 0, "direction": "D to U" }, "geometry": { "type": "Point", "coordinates": [ 76.99633131775056, 8.370867691319349 ] } },
{ "type": "Feature", "properties": { "Label": "STS 02 to 1E35A Lane 2 Truck 2", "New_ID": "945_1", "dist_m": 1137, "time_sec": 189.5, "latitude": 8.370885, "longitude": 76.996352, "bay_no": 0, "direction": "D to U" }, "geometry": { "type": "Point", "coordinates": [ 76.996352217204475, 8.370885078147108 ] } },
{ "type": "Feature", "properties": { "Label": "STS 02 to 1E35A Lane 2 Truck 2", "New_ID": "946_1", "dist_m": 1140, "time_sec": 190.0, "latitude": 8.370902, "longitude": 76.996373, "bay_no": 0, "direction": "D to U" }, "geometry": { "type": "Point", "coordinates": [ 76.99637311666018, 8.370902464973311 ] } },
{ "type": "Feature", "properties": { "Label": "STS 02 to 1E35A Lane 2 Truck 2", "New_ID": "947_1", "dist_m": 1143, "time_sec": 190.5, "latitude": 8.37092, "longitude": 76.996394, "bay_no": 0, "direction": "D to U" }, "geometry": { "type": "Point", "coordinates": [ 76.996394016117648, 8.370919851797956 ] } },
{ "type": "Feature", "properties": { "Label": "STS 02 to 1E35A Lane 2 Truck 2", "New_ID": "948_1", "dist_m": 1146, "time_sec": 191.0, "latitude": 8.370937, "longitude": 76.996415, "bay_no": 0, "direction": "D to U" }, "geometry": { "type": "Point", "coordinates": [ 76.996414915576892, 8.370937238621043 ] } },
{ "type": "Feature", "properties": { "Label": "STS 02 to 1E35A Lane 2 Truck 2", "New_ID": "949_1", "dist_m": 1149, "time_sec": 191.5, "latitude": 8.370955, "longitude": 76.996436, "bay_no": 0, "direction": "D to U" }, "geometry": { "type": "Point", "coordinates": [ 76.996435815037927, 8.370954625442574 ] } },
{ "type": "Feature", "properties": { "Label": "STS 02 to 1E35A Lane 2 Truck 2", "New_ID": "950_1", "dist_m": 1152, "time_sec": 192.0, "latitude": 8.370972, "longitude": 76.996457, "bay_no": 0, "direction": "D to U" }, "geometry": { "type": "Point", "coordinates": [ 76.996456714500738, 8.370972012262548 ] } },
{ "type": "Feature", "properties": { "Label": "STS 02 to 1E35A Lane 2 Truck 2", "New_ID": "951_1", "dist_m": 1155, "time_sec": 192.5, "latitude": 8.370989, "longitude": 76.996478, "bay_no": 0, "direction": "D to U" }, "geometry": { "type": "Point", "coordinates": [ 76.996477613965325, 8.370989399080965 ] } },
{ "type": "Feature", "properties": { "Label": "STS 02 to 1E35A Lane 2 Truck 2", "New_ID": "952_1", "dist_m": 1158, "time_sec": 193.0, "latitude": 8.371007, "longitude": 76.996499, "bay_no": 0, "direction": "D to U" }, "geometry": { "type": "Point", "coordinates": [ 76.996498513431689, 8.371006785897828 ] } },
{ "type": "Feature", "properties": { "Label": "STS 02 to 1E35A Lane 2 Truck 2", "New_ID": "953_1", "dist_m": 1161, "time_sec": 193.5, "latitude": 8.371024, "longitude": 76.996519, "bay_no": 0, "direction": "D to U" }, "geometry": { "type": "Point", "coordinates": [ 76.996519412899829, 8.371024172713133 ] } },
{ "type": "Feature", "properties": { "Label": "STS 02 to 1E35A Lane 2 Truck 2", "New_ID": "954_1", "dist_m": 1164, "time_sec": 194.0, "latitude": 8.371042, "longitude": 76.99654, "bay_no": 0, "direction": "D to U" }, "geometry": { "type": "Point", "coordinates": [ 76.996540312369746, 8.371041559526882 ] } },
{ "type": "Feature", "properties": { "Label": "STS 02 to 1E35A Lane 2 Truck 2", "New_ID": "955_1", "dist_m": 1167, "time_sec": 194.5, "latitude": 8.371059, "longitude": 76.996561, "bay_no": 0, "direction": "D to U" }, "geometry": { "type": "Point", "coordinates": [ 76.996561211841438, 8.371058946339074 ] } },
{ "type": "Feature", "properties": { "Label": "STS 02 to 1E35A Lane 2 Truck 2", "New_ID": "956_1", "dist_m": 1170, "time_sec": 195.0, "latitude": 8.371076, "longitude": 76.996582, "bay_no": 0, "direction": "D to U" }, "geometry": { "type": "Point", "coordinates": [ 76.996582111314908, 8.371076333149711 ] } },
{ "type": "Feature", "properties": { "Label": "STS 02 to 1E35A Lane 2 Truck 2", "New_ID": "957_1", "dist_m": 1173, "time_sec": 195.5, "latitude": 8.371094, "longitude": 76.996603, "bay_no": 0, "direction": "D to U" }, "geometry": { "type": "Point", "coordinates": [ 76.996603010790167, 8.37109371995879 ] } },
{ "type": "Feature", "properties": { "Label": "STS 02 to 1E35A Lane 2 Truck 2", "New_ID": "958_1", "dist_m": 1176, "time_sec": 196.0, "latitude": 8.371111, "longitude": 76.996624, "bay_no": 0, "direction": "D to U" }, "geometry": { "type": "Point", "coordinates": [ 76.996623910267189, 8.371111106766312 ] } },
{ "type": "Feature", "properties": { "Label": "STS 02 to 1E35A Lane 2 Truck 2", "New_ID": "959_1", "dist_m": 1179, "time_sec": 196.5, "latitude": 8.371128, "longitude": 76.996645, "bay_no": 0, "direction": "D to U" }, "geometry": { "type": "Point", "coordinates": [ 76.996644809746002, 8.371128493572277 ] } },
{ "type": "Feature", "properties": { "Label": "STS 02 to 1E35A Lane 2 Truck 2", "New_ID": "960_1", "dist_m": 1182, "time_sec": 197.0, "latitude": 8.371146, "longitude": 76.996666, "bay_no": 0, "direction": "D to U" }, "geometry": { "type": "Point", "coordinates": [ 76.996665709226576, 8.371145880376686 ] } },
{ "type": "Feature", "properties": { "Label": "STS 02 to 1E35A Lane 2 Truck 2", "New_ID": "961_1", "dist_m": 1185, "time_sec": 197.5, "latitude": 8.371163, "longitude": 76.996687, "bay_no": 0, "direction": "D to U" }, "geometry": { "type": "Point", "coordinates": [ 76.996686608708941, 8.37116326717954 ] } },
{ "type": "Feature", "properties": { "Label": "STS 02 to 1E35A Lane 2 Truck 2", "New_ID": "962_1", "dist_m": 1188, "time_sec": 198.0, "latitude": 8.371181, "longitude": 76.996708, "bay_no": 0, "direction": "D to U" }, "geometry": { "type": "Point", "coordinates": [ 76.996707508193069, 8.371180653980835 ] } },
{ "type": "Feature", "properties": { "Label": "STS 02 to 1E35A Lane 2 Truck 2", "New_ID": "963_1", "dist_m": 1191, "time_sec": 198.5, "latitude": 8.371198, "longitude": 76.996728, "bay_no": 0, "direction": "D to U" }, "geometry": { "type": "Point", "coordinates": [ 76.996728407678987, 8.371198040780573 ] } },
{ "type": "Feature", "properties": { "Label": "STS 02 to 1E35A Lane 2 Truck 2", "New_ID": "964_1", "dist_m": 1194, "time_sec": 199.0, "latitude": 8.371215, "longitude": 76.996749, "bay_no": 0, "direction": "D to U" }, "geometry": { "type": "Point", "coordinates": [ 76.996749307166681, 8.371215427578756 ] } },
{ "type": "Feature", "properties": { "Label": "STS 02 to 1E35A Lane 2 Truck 2", "New_ID": "965_1", "dist_m": 1197, "time_sec": 199.5, "latitude": 8.371233, "longitude": 76.99677, "bay_no": 0, "direction": "D to U" }, "geometry": { "type": "Point", "coordinates": [ 76.996770206656151, 8.371232814375382 ] } },
{ "type": "Feature", "properties": { "Label": "STS 02 to 1E35A Lane 2 Truck 2", "New_ID": "966_1", "dist_m": 1200, "time_sec": 200.0, "latitude": 8.37125, "longitude": 76.996791, "bay_no": 0, "direction": "D to U" }, "geometry": { "type": "Point", "coordinates": [ 76.996791106147398, 8.371250201170453 ] } },
{ "type": "Feature", "properties": { "Label": "STS 02 to 1E35A Lane 2 Truck 2", "New_ID": "967_1", "dist_m": 1203, "time_sec": 200.5, "latitude": 8.371268, "longitude": 76.996812, "bay_no": 0, "direction": "D to U" }, "geometry": { "type": "Point", "coordinates": [ 76.996812005640422, 8.371267587963965 ] } },
{ "type": "Feature", "properties": { "Label": "STS 02 to 1E35A Lane 2 Truck 2", "New_ID": "968_1", "dist_m": 1206, "time_sec": 201.0, "latitude": 8.371285, "longitude": 76.996833, "bay_no": 0, "direction": "D to U" }, "geometry": { "type": "Point", "coordinates": [ 76.996832905135221, 8.371284974755921 ] } },
{ "type": "Feature", "properties": { "Label": "STS 02 to 1E35A Lane 2 Truck 2", "New_ID": "969_1", "dist_m": 1209, "time_sec": 201.5, "latitude": 8.371302, "longitude": 76.996854, "bay_no": 0, "direction": "D to U" }, "geometry": { "type": "Point", "coordinates": [ 76.996853804631797, 8.37130236154632 ] } },
{ "type": "Feature", "properties": { "Label": "STS 02 to 1E35A Lane 2 Truck 2", "New_ID": "970_1", "dist_m": 1212, "time_sec": 202.0, "latitude": 8.37132, "longitude": 76.996875, "bay_no": 0, "direction": "D to U" }, "geometry": { "type": "Point", "coordinates": [ 76.99687470413015, 8.371319748335162 ] } },
{ "type": "Feature", "properties": { "Label": "STS 02 to 1E35A Lane 2 Truck 2", "New_ID": "971_1", "dist_m": 1215, "time_sec": 202.5, "latitude": 8.371337, "longitude": 76.996896, "bay_no": 0, "direction": "D to U" }, "geometry": { "type": "Point", "coordinates": [ 76.996895603630293, 8.371337135122447 ] } },
{ "type": "Feature", "properties": { "Label": "STS 02 to 1E35A Lane 2 Truck 2", "New_ID": "972_1", "dist_m": 1218, "time_sec": 203.0, "latitude": 8.371355, "longitude": 76.996917, "bay_no": 0, "direction": "D to U" }, "geometry": { "type": "Point", "coordinates": [ 76.996916503132198, 8.371354521908176 ] } },
{ "type": "Feature", "properties": { "Label": "STS 02 to 1E35A Lane 2 Truck 2", "New_ID": "973_1", "dist_m": 1221, "time_sec": 203.5, "latitude": 8.371372, "longitude": 76.996937, "bay_no": 0, "direction": "D to U" }, "geometry": { "type": "Point", "coordinates": [ 76.996937402635893, 8.37137190869235 ] } },
{ "type": "Feature", "properties": { "Label": "STS 02 to 1E35A Lane 2 Truck 2", "New_ID": "974_1", "dist_m": 1224, "time_sec": 204.0, "latitude": 8.371389, "longitude": 76.996958, "bay_no": 0, "direction": "D to U" }, "geometry": { "type": "Point", "coordinates": [ 76.996958302141365, 8.371389295474966 ] } },
{ "type": "Feature", "properties": { "Label": "STS 02 to 1E35A Lane 2 Truck 2", "New_ID": "975_1", "dist_m": 1227, "time_sec": 204.5, "latitude": 8.371407, "longitude": 76.996979, "bay_no": 0, "direction": "D to U" }, "geometry": { "type": "Point", "coordinates": [ 76.9969792016486, 8.371406682256026 ] } },
{ "type": "Feature", "properties": { "Label": "STS 02 to 1E35A Lane 2 Truck 2", "New_ID": "976_1", "dist_m": 1230, "time_sec": 205.0, "latitude": 8.371424, "longitude": 76.997, "bay_no": 0, "direction": "D to U" }, "geometry": { "type": "Point", "coordinates": [ 76.997000101157624, 8.371424069035527 ] } },
{ "type": "Feature", "properties": { "Label": "STS 02 to 1E35A Lane 2 Truck 2", "New_ID": "977_1", "dist_m": 1233, "time_sec": 205.5, "latitude": 8.371441, "longitude": 76.997021, "bay_no": 0, "direction": "D to U" }, "geometry": { "type": "Point", "coordinates": [ 76.997021000668425, 8.371441455813473 ] } },
{ "type": "Feature", "properties": { "Label": "STS 02 to 1E35A Lane 2 Truck 2", "New_ID": "978_1", "dist_m": 1236, "time_sec": 206.0, "latitude": 8.371459, "longitude": 76.997042, "bay_no": 0, "direction": "D to U" }, "geometry": { "type": "Point", "coordinates": [ 76.997041900180989, 8.371458842589862 ] } },
{ "type": "Feature", "properties": { "Label": "STS 02 to 1E35A Lane 2 Truck 2", "New_ID": "979_1", "dist_m": 1239, "time_sec": 206.5, "latitude": 8.371476, "longitude": 76.997063, "bay_no": 0, "direction": "D to U" }, "geometry": { "type": "Point", "coordinates": [ 76.997062799695343, 8.371476229364696 ] } },
{ "type": "Feature", "properties": { "Label": "STS 02 to 1E35A Lane 2 Truck 2", "New_ID": "980_1", "dist_m": 1242, "time_sec": 207.0, "latitude": 8.371494, "longitude": 76.997084, "bay_no": 0, "direction": "D to U" }, "geometry": { "type": "Point", "coordinates": [ 76.997083699211473, 8.37149361613797 ] } },
{ "type": "Feature", "properties": { "Label": "STS 02 to 1E35A Lane 2 Truck 2", "New_ID": "981_1", "dist_m": 1245, "time_sec": 207.5, "latitude": 8.371511, "longitude": 76.997105, "bay_no": 0, "direction": "D to U" }, "geometry": { "type": "Point", "coordinates": [ 76.997104598729379, 8.371511002909688 ] } },
{ "type": "Feature", "properties": { "Label": "STS 02 to 1E35A Lane 2 Truck 2", "New_ID": "982_1", "dist_m": 1248, "time_sec": 208.0, "latitude": 8.371528, "longitude": 76.997125, "bay_no": 0, "direction": "D to U" }, "geometry": { "type": "Point", "coordinates": [ 76.997125498249062, 8.371528389679849 ] } },
{ "type": "Feature", "properties": { "Label": "STS 02 to 1E35A Lane 2 Truck 2", "New_ID": "983_1", "dist_m": 1251, "time_sec": 208.5, "latitude": 8.371546, "longitude": 76.997146, "bay_no": 0, "direction": "D to U" }, "geometry": { "type": "Point", "coordinates": [ 76.997146397770535, 8.371545776448457 ] } },
{ "type": "Feature", "properties": { "Label": "STS 02 to 1E35A Lane 2 Truck 2", "New_ID": "984_1", "dist_m": 1254, "time_sec": 209.0, "latitude": 8.371563, "longitude": 76.997167, "bay_no": 0, "direction": "D to U" }, "geometry": { "type": "Point", "coordinates": [ 76.997167297293771, 8.371563163215502 ] } },
{ "type": "Feature", "properties": { "Label": "STS 02 to 1E35A Lane 2 Truck 2", "New_ID": "985_1", "dist_m": 1257, "time_sec": 209.5, "latitude": 8.371581, "longitude": 76.997188, "bay_no": 0, "direction": "D to U" }, "geometry": { "type": "Point", "coordinates": [ 76.997188196818797, 8.371580549980996 ] } },
{ "type": "Feature", "properties": { "Label": "STS 02 to 1E35A Lane 2 Truck 2", "New_ID": "986_1", "dist_m": 1260, "time_sec": 210.0, "latitude": 8.371598, "longitude": 76.997209, "bay_no": 0, "direction": "D to U" }, "geometry": { "type": "Point", "coordinates": [ 76.997209096345586, 8.371597936744932 ] } },
{ "type": "Feature", "properties": { "Label": "STS 02 to 1E35A Lane 2 Truck 2", "New_ID": "987_1", "dist_m": 1263, "time_sec": 210.5, "latitude": 8.371615, "longitude": 76.99723, "bay_no": 0, "direction": "D to U" }, "geometry": { "type": "Point", "coordinates": [ 76.997229995874164, 8.37161532350731 ] } },
{ "type": "Feature", "properties": { "Label": "STS 02 to 1E35A Lane 2 Truck 2", "New_ID": "988_1", "dist_m": 1266, "time_sec": 211.0, "latitude": 8.371633, "longitude": 76.997251, "bay_no": 0, "direction": "D to U" }, "geometry": { "type": "Point", "coordinates": [ 76.997250895404505, 8.37163271026813 ] } },
{ "type": "Feature", "properties": { "Label": "STS 02 to 1E35A Lane 2 Truck 2", "New_ID": "989_1", "dist_m": 1269, "time_sec": 211.5, "latitude": 8.37165, "longitude": 76.997272, "bay_no": 0, "direction": "D to U" }, "geometry": { "type": "Point", "coordinates": [ 76.997271794936651, 8.371650097027395 ] } },
{ "type": "Feature", "properties": { "Label": "STS 02 to 1E35A Lane 2 Truck 2", "New_ID": "990_1", "dist_m": 1272, "time_sec": 212.0, "latitude": 8.371667, "longitude": 76.997293, "bay_no": 0, "direction": "D to U" }, "geometry": { "type": "Point", "coordinates": [ 76.997292694470545, 8.371667483785101 ] } },
{ "type": "Feature", "properties": { "Label": "STS 02 to 1E35A Lane 2 Truck 2", "New_ID": "991_1", "dist_m": 1275, "time_sec": 212.5, "latitude": 8.371685, "longitude": 76.997314, "bay_no": 0, "direction": "D to U" }, "geometry": { "type": "Point", "coordinates": [ 76.997313594006229, 8.371684870541253 ] } },
{ "type": "Feature", "properties": { "Label": "STS 02 to 1E35A Lane 2 Truck 2", "New_ID": "992_1", "dist_m": 1278, "time_sec": 213.0, "latitude": 8.371702, "longitude": 76.997334, "bay_no": 0, "direction": "D to U" }, "geometry": { "type": "Point", "coordinates": [ 76.99733449354369, 8.371702257295846 ] } },
{ "type": "Feature", "properties": { "Label": "STS 02 to 1E35A Lane 2 Truck 2", "New_ID": "993_1", "dist_m": 1281, "time_sec": 213.5, "latitude": 8.37172, "longitude": 76.997355, "bay_no": 0, "direction": "D to U" }, "geometry": { "type": "Point", "coordinates": [ 76.997355393082927, 8.371719644048882 ] } },
{ "type": "Feature", "properties": { "Label": "STS 02 to 1E35A Lane 2 Truck 2", "New_ID": "994_1", "dist_m": 1284, "time_sec": 214.0, "latitude": 8.371737, "longitude": 76.997376, "bay_no": 0, "direction": "D to U" }, "geometry": { "type": "Point", "coordinates": [ 76.99737629262394, 8.371737030800364 ] } },
{ "type": "Feature", "properties": { "Label": "STS 02 to 1E35A Lane 2 Truck 2", "New_ID": "995_1", "dist_m": 1287, "time_sec": 214.5, "latitude": 8.371754, "longitude": 76.997397, "bay_no": 0, "direction": "D to U" }, "geometry": { "type": "Point", "coordinates": [ 76.997397192166744, 8.371754417550287 ] } },
{ "type": "Feature", "properties": { "Label": "STS 02 to 1E35A Lane 2 Truck 2", "New_ID": "996_1", "dist_m": 1290, "time_sec": 215.0, "latitude": 8.371772, "longitude": 76.997418, "bay_no": 0, "direction": "D to U" }, "geometry": { "type": "Point", "coordinates": [ 76.99741809171131, 8.371771804298655 ] } },
{ "type": "Feature", "properties": { "Label": "STS 02 to 1E35A Lane 2 Truck 2", "New_ID": "997_1", "dist_m": 1293, "time_sec": 215.5, "latitude": 8.371789, "longitude": 76.997439, "bay_no": 0, "direction": "D to U" }, "geometry": { "type": "Point", "coordinates": [ 76.997438991257653, 8.371789191045464 ] } },
{ "type": "Feature", "properties": { "Label": "STS 02 to 1E35A Lane 2 Truck 2", "New_ID": "998_1", "dist_m": 1296, "time_sec": 216.0, "latitude": 8.371808, "longitude": 76.997441, "bay_no": 0, "direction": "R to L" }, "geometry": { "type": "Point", "coordinates": [ 76.997441314671818, 8.371808363492599 ] } },
{ "type": "Feature", "properties": { "Label": "STS 02 to 1E35A Lane 2 Truck 2", "New_ID": "999_1", "dist_m": 1299, "time_sec": 216.5, "latitude": 8.371829, "longitude": 76.997424, "bay_no": 0, "direction": "R to L" }, "geometry": { "type": "Point", "coordinates": [ 76.997424140390919, 8.371829410229465 ] } },
{ "type": "Feature", "properties": { "Label": "STS 02 to 1E35A Lane 2 Truck 2", "New_ID": "1000_1", "dist_m": 1302, "time_sec": 217.0, "latitude": 8.37185, "longitude": 76.997407, "bay_no": 0, "direction": "R to L" }, "geometry": { "type": "Point", "coordinates": [ 76.997406966108258, 8.371850456965996 ] } },
{ "type": "Feature", "properties": { "Label": "STS 02 to 1E35A Lane 2 Truck 2", "New_ID": "1001_1", "dist_m": 1305, "time_sec": 217.5, "latitude": 8.371872, "longitude": 76.99739, "bay_no": 0, "direction": "R to L" }, "geometry": { "type": "Point", "coordinates": [ 76.997389791823849, 8.371871503702193 ] } },
{ "type": "Feature", "properties": { "Label": "STS 02 to 1E35A Lane 2 Truck 2", "New_ID": "1002_1", "dist_m": 1308, "time_sec": 218.0, "latitude": 8.371893, "longitude": 76.997373, "bay_no": 0, "direction": "R to L" }, "geometry": { "type": "Point", "coordinates": [ 76.997372617537678, 8.371892550438055 ] } },
{ "type": "Feature", "properties": { "Label": "STS 02 to 1E35A Lane 2 Truck 2", "New_ID": "1003_1", "dist_m": 1311, "time_sec": 218.5, "latitude": 8.371914, "longitude": 76.997355, "bay_no": 0, "direction": "R to L" }, "geometry": { "type": "Point", "coordinates": [ 76.997355443249745, 8.371913597173577 ] } },
{ "type": "Feature", "properties": { "Label": "STS 02 to 1E35A Lane 2 Truck 2", "New_ID": "1004_1", "dist_m": 1314, "time_sec": 219.0, "latitude": 8.371935, "longitude": 76.997338, "bay_no": 0, "direction": "R to L" }, "geometry": { "type": "Point", "coordinates": [ 76.997338268960064, 8.371934643908768 ] } },
{ "type": "Feature", "properties": { "Label": "STS 02 to 1E35A Lane 2 Truck 2", "New_ID": "1005_1", "dist_m": 1317, "time_sec": 219.5, "latitude": 8.371956, "longitude": 76.997321, "bay_no": 0, "direction": "R to L" }, "geometry": { "type": "Point", "coordinates": [ 76.997321094668607, 8.371955690643622 ] } },
{ "type": "Feature", "properties": { "Label": "STS 02 to 1E35A Lane 2 Truck 2", "New_ID": "1006_1", "dist_m": 1320, "time_sec": 220.0, "latitude": 8.371977, "longitude": 76.997304, "bay_no": 0, "direction": "R to L" }, "geometry": { "type": "Point", "coordinates": [ 76.997303920375415, 8.371976737378139 ] } },
{ "type": "Feature", "properties": { "Label": "STS 02 to 1E35A Lane 2 Truck 2", "New_ID": "1007_1", "dist_m": 1323, "time_sec": 220.5, "latitude": 8.371998, "longitude": 76.997287, "bay_no": 0, "direction": "R to L" }, "geometry": { "type": "Point", "coordinates": [ 76.997286746080462, 8.371997784112324 ] } },
{ "type": "Feature", "properties": { "Label": "STS 02 to 1E35A Lane 2 Truck 2", "New_ID": "1008_1", "dist_m": 1326, "time_sec": 221.0, "latitude": 8.372019, "longitude": 76.99727, "bay_no": 0, "direction": "R to L" }, "geometry": { "type": "Point", "coordinates": [ 76.997269571783761, 8.372018830846176 ] } },
{ "type": "Feature", "properties": { "Label": "STS 02 to 1E35A Lane 2 Truck 2", "New_ID": "1009_1", "dist_m": 1329, "time_sec": 221.5, "latitude": 8.37204, "longitude": 76.997252, "bay_no": 0, "direction": "R to L" }, "geometry": { "type": "Point", "coordinates": [ 76.997252397485283, 8.372039877579688 ] } },
{ "type": "Feature", "properties": { "Label": "STS 02 to 1E35A Lane 2 Truck 2", "New_ID": "1010_1", "dist_m": 1332, "time_sec": 222.0, "latitude": 8.372061, "longitude": 76.997235, "bay_no": 0, "direction": "R to L" }, "geometry": { "type": "Point", "coordinates": [ 76.997235223185072, 8.372060924312869 ] } },
{ "type": "Feature", "properties": { "Label": "STS 02 to 1E35A Lane 2 Truck 2", "New_ID": "1011_1", "dist_m": 1335, "time_sec": 222.5, "latitude": 8.372082, "longitude": 76.997218, "bay_no": 0, "direction": "R to L" }, "geometry": { "type": "Point", "coordinates": [ 76.997218048883084, 8.372081971045715 ] } },
{ "type": "Feature", "properties": { "Label": "STS 02 to 1E35A Lane 2 Truck 2", "New_ID": "1012_1", "dist_m": 1338, "time_sec": 223.0, "latitude": 8.372103, "longitude": 76.997201, "bay_no": 0, "direction": "R to L" }, "geometry": { "type": "Point", "coordinates": [ 76.997200874579363, 8.372103017778226 ] } },
{ "type": "Feature", "properties": { "Label": "STS 02 to 1E35A Lane 2 Truck 2", "New_ID": "1013_1", "dist_m": 1341, "time_sec": 223.5, "latitude": 8.372124, "longitude": 76.997184, "bay_no": 0, "direction": "R to L" }, "geometry": { "type": "Point", "coordinates": [ 76.997183700273865, 8.3721240645104 ] } },
{ "type": "Feature", "properties": { "Label": "STS 02 to 1E35A Lane 2 Truck 2", "New_ID": "1014_1", "dist_m": 1344, "time_sec": 224.0, "latitude": 8.372145, "longitude": 76.997167, "bay_no": 0, "direction": "R to L" }, "geometry": { "type": "Point", "coordinates": [ 76.99716652596662, 8.37214511124224 ] } },
{ "type": "Feature", "properties": { "Label": "STS 02 to 1E35A Lane 2 Truck 2", "New_ID": "1015_1", "dist_m": 1347, "time_sec": 224.5, "latitude": 8.372166, "longitude": 76.997149, "bay_no": 0, "direction": "R to L" }, "geometry": { "type": "Point", "coordinates": [ 76.997149351657626, 8.372166157973748 ] } },
{ "type": "Feature", "properties": { "Label": "STS 02 to 1E35A Lane 2 Truck 2", "New_ID": "1016_1", "dist_m": 1350, "time_sec": 225.0, "latitude": 8.372187, "longitude": 76.997132, "bay_no": 0, "direction": "R to L" }, "geometry": { "type": "Point", "coordinates": [ 76.99713217734687, 8.372187204704916 ] } },
{ "type": "Feature", "properties": { "Label": "STS 02 to 1E35A Lane 2 Truck 2", "New_ID": "1017_1", "dist_m": 1353, "time_sec": 225.5, "latitude": 8.372208, "longitude": 76.997115, "bay_no": 0, "direction": "R to L" }, "geometry": { "type": "Point", "coordinates": [ 76.997115003034352, 8.372208251435755 ] } },
{ "type": "Feature", "properties": { "Label": "STS 02 to 1E35A Lane 2 Truck 2", "New_ID": "1018_1", "dist_m": 1356, "time_sec": 226.0, "latitude": 8.372229, "longitude": 76.997098, "bay_no": 0, "direction": "R to L" }, "geometry": { "type": "Point", "coordinates": [ 76.997097828720072, 8.372229298166255 ] } },
{ "type": "Feature", "properties": { "Label": "STS 02 to 1E35A Lane 2 Truck 2", "New_ID": "1019_1", "dist_m": 1359, "time_sec": 226.5, "latitude": 8.37225, "longitude": 76.997081, "bay_no": 0, "direction": "R to L" }, "geometry": { "type": "Point", "coordinates": [ 76.997080654404058, 8.37225034489642 ] } },
{ "type": "Feature", "properties": { "Label": "STS 02 to 1E35A Lane 2 Truck 2", "New_ID": "1020_1", "dist_m": 1362, "time_sec": 227.0, "latitude": 8.372271, "longitude": 76.997063, "bay_no": 0, "direction": "R to L" }, "geometry": { "type": "Point", "coordinates": [ 76.997063480086283, 8.372271391626255 ] } },
{ "type": "Feature", "properties": { "Label": "STS 02 to 1E35A Lane 2 Truck 2", "New_ID": "1021_1", "dist_m": 1365, "time_sec": 227.5, "latitude": 8.372292, "longitude": 76.997046, "bay_no": 0, "direction": "R to L" }, "geometry": { "type": "Point", "coordinates": [ 76.997046305766744, 8.372292438355748 ] } },
{ "type": "Feature", "properties": { "Label": "STS 02 to 1E35A Lane 2 Truck 2", "New_ID": "1022_1", "dist_m": 1368, "time_sec": 228.0, "latitude": 8.372313, "longitude": 76.997029, "bay_no": 0, "direction": "R to L" }, "geometry": { "type": "Point", "coordinates": [ 76.997029131445444, 8.372313485084909 ] } },
{ "type": "Feature", "properties": { "Label": "STS 02 to 1E35A Lane 2 Truck 2", "New_ID": "1023_1", "dist_m": 1371, "time_sec": 228.5, "latitude": 8.372335, "longitude": 76.997012, "bay_no": 0, "direction": "R to L" }, "geometry": { "type": "Point", "coordinates": [ 76.997011957122396, 8.372334531813737 ] } },
{ "type": "Feature", "properties": { "Label": "STS 02 to 1E35A Lane 2 Truck 2", "New_ID": "1024_1", "dist_m": 1374, "time_sec": 229.0, "latitude": 8.372356, "longitude": 76.996995, "bay_no": 0, "direction": "R to L" }, "geometry": { "type": "Point", "coordinates": [ 76.996994782797586, 8.372355578542226 ] } },
{ "type": "Feature", "properties": { "Label": "STS 02 to 1E35A Lane 2 Truck 2", "New_ID": "1025_1", "dist_m": 1377, "time_sec": 229.5, "latitude": 8.372377, "longitude": 76.996978, "bay_no": 0, "direction": "R to L" }, "geometry": { "type": "Point", "coordinates": [ 76.996977608471028, 8.372376625270384 ] } },
{ "type": "Feature", "properties": { "Label": "STS 02 to 1E35A Lane 2 Truck 2", "New_ID": "1026_1", "dist_m": 1380, "time_sec": 230.0, "latitude": 8.372398, "longitude": 76.99696, "bay_no": 0, "direction": "R to L" }, "geometry": { "type": "Point", "coordinates": [ 76.996960434142707, 8.372397671998204 ] } },
{ "type": "Feature", "properties": { "Label": "STS 02 to 1E35A Lane 2 Truck 2", "New_ID": "1027_1", "dist_m": 1383, "time_sec": 230.5, "latitude": 8.372419, "longitude": 76.996943, "bay_no": 0, "direction": "R to L" }, "geometry": { "type": "Point", "coordinates": [ 76.996943259812639, 8.372418718725692 ] } },
{ "type": "Feature", "properties": { "Label": "STS 02 to 1E35A Lane 2 Truck 2", "New_ID": "1028_1", "dist_m": 1386, "time_sec": 231.0, "latitude": 8.37244, "longitude": 76.996926, "bay_no": 0, "direction": "R to L" }, "geometry": { "type": "Point", "coordinates": [ 76.996926085480808, 8.372439765452846 ] } },
{ "type": "Feature", "properties": { "Label": "STS 02 to 1E35A Lane 2 Truck 2", "New_ID": "1029_1", "dist_m": 1389, "time_sec": 231.5, "latitude": 8.372461, "longitude": 76.996909, "bay_no": 17, "direction": "R to L" }, "geometry": { "type": "Point", "coordinates": [ 76.996908911147216, 8.372460812179661 ] } },
{ "type": "Feature", "properties": { "Label": "STS 02 to 1E35A Lane 2 Truck 2", "New_ID": "1030_1", "dist_m": 1392, "time_sec": 232.0, "latitude": 8.372482, "longitude": 76.996892, "bay_no": 0, "direction": "R to L" }, "geometry": { "type": "Point", "coordinates": [ 76.996891736811875, 8.372481858906145 ] } },
{ "type": "Feature", "properties": { "Label": "STS 02 to 1E35A Lane 2 Truck 2", "New_ID": "1031_1", "dist_m": 1395, "time_sec": 232.5, "latitude": 8.372503, "longitude": 76.996875, "bay_no": 19, "direction": "R to L" }, "geometry": { "type": "Point", "coordinates": [ 76.996874562474773, 8.37250290563229 ] } },
{ "type": "Feature", "properties": { "Label": "STS 02 to 1E35A Lane 2 Truck 2", "New_ID": "1032_1", "dist_m": 1398, "time_sec": 233.0, "latitude": 8.372524, "longitude": 76.996857, "bay_no": 0, "direction": "R to L" }, "geometry": { "type": "Point", "coordinates": [ 76.996857388135922, 8.372523952358103 ] } },
{ "type": "Feature", "properties": { "Label": "STS 02 to 1E35A Lane 2 Truck 2", "New_ID": "1133_1", "dist_m": 786, "time_sec": 131.0, "latitude": 8.369351, "longitude": 76.996172, "bay_no": 0, "direction": "L to R" }, "geometry": { "type": "Point", "coordinates": [ 76.996172480040102, 8.369350643313648 ] } },
{ "type": "Feature", "properties": { "Label": "STS 02 to 1E35A Lane 2 Truck 2", "New_ID": "1033_1", "dist_m": 1401, "time_sec": 233.5, "latitude": 8.372545, "longitude": 76.99684, "bay_no": 21, "direction": "R to L" }, "geometry": { "type": "Point", "coordinates": [ 76.996840213795309, 8.37254499908358 ] } },
{ "type": "Feature", "properties": { "Label": "STS 02 to 1E35A Lane 2 Truck 2", "New_ID": "1034_1", "dist_m": 1404, "time_sec": 234.0, "latitude": 8.372566, "longitude": 76.996823, "bay_no": 0, "direction": "R to L" }, "geometry": { "type": "Point", "coordinates": [ 76.996823039452948, 8.372566045808721 ] } },
{ "type": "Feature", "properties": { "Label": "STS 02 to 1E35A Lane 2 Truck 2", "New_ID": "1035_1", "dist_m": 1407, "time_sec": 234.5, "latitude": 8.372587, "longitude": 76.996806, "bay_no": 0, "direction": "R to L" }, "geometry": { "type": "Point", "coordinates": [ 76.996805865108811, 8.372587092533529 ] } },
{ "type": "Feature", "properties": { "Label": "STS 02 to 1E35A Lane 2 Truck 2", "New_ID": "1036_1", "dist_m": 1410, "time_sec": 235.0, "latitude": 8.372608, "longitude": 76.996789, "bay_no": 23, "direction": "R to L" }, "geometry": { "type": "Point", "coordinates": [ 76.996788690762941, 8.372608139257999 ] } },
{ "type": "Feature", "properties": { "Label": "STS 02 to 1E35A Lane 2 Truck 2", "New_ID": "1037_1", "dist_m": 1413, "time_sec": 235.5, "latitude": 8.372629, "longitude": 76.996772, "bay_no": 0, "direction": "R to L" }, "geometry": { "type": "Point", "coordinates": [ 76.996771516415308, 8.372629185982138 ] } },
{ "type": "Feature", "properties": { "Label": "STS 02 to 1E35A Lane 2 Truck 2", "New_ID": "1038_1", "dist_m": 1416, "time_sec": 236.0, "latitude": 8.37265, "longitude": 76.996754, "bay_no": 25, "direction": "R to L" }, "geometry": { "type": "Point", "coordinates": [ 76.996754342065913, 8.37265023270594 ] } },
{ "type": "Feature", "properties": { "Label": "STS 02 to 1E35A Lane 2 Truck 2", "New_ID": "1039_1", "dist_m": 1419, "time_sec": 236.5, "latitude": 8.372671, "longitude": 76.996737, "bay_no": 0, "direction": "R to L" }, "geometry": { "type": "Point", "coordinates": [ 76.996737167714755, 8.372671279429408 ] } },
{ "type": "Feature", "properties": { "Label": "STS 02 to 1E35A Lane 2 Truck 2", "New_ID": "1040_1", "dist_m": 1422, "time_sec": 237.0, "latitude": 8.372692, "longitude": 76.99672, "bay_no": 27, "direction": "R to L" }, "geometry": { "type": "Point", "coordinates": [ 76.996719993361864, 8.37269232615254 ] } },
{ "type": "Feature", "properties": { "Label": "STS 02 to 1E35A Lane 2 Truck 2", "New_ID": "1041_1", "dist_m": 1425, "time_sec": 237.5, "latitude": 8.372713, "longitude": 76.996703, "bay_no": 0, "direction": "R to L" }, "geometry": { "type": "Point", "coordinates": [ 76.996702819007197, 8.372713372875337 ] } },
{ "type": "Feature", "properties": { "Label": "STS 02 to 1E35A Lane 2 Truck 2", "New_ID": "1042_1", "dist_m": 1428, "time_sec": 238.0, "latitude": 8.372734, "longitude": 76.996686, "bay_no": 29, "direction": "R to L" }, "geometry": { "type": "Point", "coordinates": [ 76.996685644650796, 8.372734419597798 ] } },
{ "type": "Feature", "properties": { "Label": "STS 02 to 1E35A Lane 2 Truck 2", "New_ID": "1043_1", "dist_m": 1431, "time_sec": 238.5, "latitude": 8.372755, "longitude": 76.996668, "bay_no": 0, "direction": "R to L" }, "geometry": { "type": "Point", "coordinates": [ 76.996668470292619, 8.372755466319925 ] } },
{ "type": "Feature", "properties": { "Label": "STS 02 to 1E35A Lane 2 Truck 2", "New_ID": "1044_1", "dist_m": 1434, "time_sec": 239.0, "latitude": 8.372777, "longitude": 76.996651, "bay_no": 0, "direction": "R to L" }, "geometry": { "type": "Point", "coordinates": [ 76.996651295932679, 8.372776513041718 ] } },
{ "type": "Feature", "properties": { "Label": "STS 02 to 1E35A Lane 2 Truck 2", "New_ID": "1045_1", "dist_m": 1437, "time_sec": 239.5, "latitude": 8.372798, "longitude": 76.996634, "bay_no": 31, "direction": "R to L" }, "geometry": { "type": "Point", "coordinates": [ 76.996634121571006, 8.372797559763175 ] } },
{ "type": "Feature", "properties": { "Label": "STS 02 to 1E35A Lane 2 Truck 2", "New_ID": "1046_1", "dist_m": 1440, "time_sec": 240.0, "latitude": 8.372819, "longitude": 76.996617, "bay_no": 0, "direction": "R to L" }, "geometry": { "type": "Point", "coordinates": [ 76.996616947207556, 8.372818606484296 ] } },
{ "type": "Feature", "properties": { "Label": "STS 02 to 1E35A Lane 2 Truck 2", "New_ID": "1047_1", "dist_m": 1443, "time_sec": 240.5, "latitude": 8.37284, "longitude": 76.9966, "bay_no": 33, "direction": "R to L" }, "geometry": { "type": "Point", "coordinates": [ 76.996599772842359, 8.372839653205082 ] } },
{ "type": "Feature", "properties": { "Label": "STS 02 to 1E35A Lane 2 Truck 2", "New_ID": "1048_1", "dist_m": 1446, "time_sec": 241.0, "latitude": 8.372861, "longitude": 76.996583, "bay_no": 0, "direction": "R to L" }, "geometry": { "type": "Point", "coordinates": [ 76.996582598475413, 8.372860699925534 ] } },
{ "type": "Feature", "properties": { "Label": "STS 02 to 1E35A Lane 2 Truck 2", "New_ID": "1049_1", "dist_m": 1449, "time_sec": 241.5, "latitude": 8.372882, "longitude": 76.996565, "bay_no": 35, "direction": "R to L" }, "geometry": { "type": "Point", "coordinates": [ 76.996565424106691, 8.372881746645652 ] } },
{ "type": "Feature", "properties": { "Label": "STS 02 to 1E35A Lane 2 Truck 2", "New_ID": "846_1_1", "dist_m": 841, "time_sec": 140.2, "latitude": 8.368965, "longitude": 76.996487, "bay_no": 0, "direction": "D to U" }, "geometry": { "type": "Point", "coordinates": [ 76.996487390414529, 8.36896471522175 ] } },
{ "type": "Feature", "properties": { "Label": "STS 02 to 1E35A Lane 2 Truck 2", "New_ID": "862_1_1", "dist_m": 889, "time_sec": 148.2, "latitude": 8.369236, "longitude": 76.996827, "bay_no": 0, "direction": "D to U" }, "geometry": { "type": "Point", "coordinates": [ 76.996827069821833, 8.369235817725119 ] } },
{ "type": "Feature", "properties": { "Label": "STS 02 to 1E35A Lane 2 Truck 2", "New_ID": "997_1_1", "dist_m": 1294, "time_sec": 215.7, "latitude": 8.371798, "longitude": 76.99745, "bay_no": 0, "direction": "D to U" }, "geometry": { "type": "Point", "coordinates": [ 76.997449693963745, 8.371798094837516 ] } }
]
}
