<configuration>
    <!-- Define the logging pattern -->
    <property name="LOG_PATTERN" value="%d{yyyy-MM-dd HH:mm:ss.SSS} [%thread] %-5level %logger{36} - %msg%n" />

    <!-- Console appender for logging to the console -->
    <appender name="CONSOLE" class="ch.qos.logback.core.ConsoleAppender">
        <encoder>
            <pattern>${LOG_PATTERN}</pattern>
        </encoder>
    </appender>

    <!-- File appender for general logs -->
    <appender name="FILE" class="ch.qos.logback.core.rolling.RollingFileAppender">
        <file>C:/i-BPM_logs/i-BPM.log</file>
        <rollingPolicy class="ch.qos.logback.core.rolling.TimeBasedRollingPolicy">
            <fileNamePattern>C:/i-BPM_logs/i-BPM-%d{yyyy-MM-dd}.%i.log</fileNamePattern>
            <timeBasedFileNamingAndTriggeringPolicy class="ch.qos.logback.core.rolling.SizeAndTimeBasedFNATP">
                <maxFileSize>10MB</maxFileSize>
            </timeBasedFileNamingAndTriggeringPolicy>
            <maxHistory>30</maxHistory>
        </rollingPolicy>
        <encoder>
            <pattern>${LOG_PATTERN}</pattern>
        </encoder>
    </appender>

    <!-- File appender for API logs -->
    <appender name="API_FILE" class="ch.qos.logback.core.rolling.RollingFileAppender">
        <file>C:/i-BPM_logs/front-end-log.log</file>
        <rollingPolicy class="ch.qos.logback.core.rolling.TimeBasedRollingPolicy">
            <fileNamePattern>C:/i-BPM_logs/front-end-log-%d{yyyy-MM-dd}.%i.log</fileNamePattern>
            <timeBasedFileNamingAndTriggeringPolicy class="ch.qos.logback.core.rolling.SizeAndTimeBasedFNATP">
                <maxFileSize>5MB</maxFileSize>
            </timeBasedFileNamingAndTriggeringPolicy>
            <maxHistory>15</maxHistory>
        </rollingPolicy>
        <encoder>
            <pattern>${LOG_PATTERN}</pattern>
        </encoder>
    </appender>

    <!-- Root logger configuration -->
    <root level="info">
        <appender-ref ref="CONSOLE" />
        <appender-ref ref="FILE" />
    </root>

    <!-- Logger for POST API -->
    <logger name="com.igosolutions.uniSync.FrontEndLogController" level="info" additivity="false">
        <appender-ref ref="API_FILE" />
    </logger>
</configuration>