{
"type": "FeatureCollection",
"name": "centre_line_truck_traffic_point",
"crs": { "type": "name", "properties": { "name": "urn:ogc:def:crs:OGC:1.3:CRS84" } },
"features": [
{ "type": "Feature", "properties": { "LAYER": "centre line truck traffic", "Label": "5" }, "geometry": { "type": "Point", "coordinates": [ 76.994580020321507, 8.371495101788175 ] } },
{ "type": "Feature", "properties": { "LAYER": "centre line truck traffic", "Label": "1" }, "geometry": { "type": "Point", "coordinates": [ 76.994455003972831, 8.371391092396005 ] } },
{ "type": "Feature", "properties": { "LAYER": "centre line truck traffic", "Label": "2" }, "geometry": { "type": "Point", "coordinates": [ 76.994486249694532, 8.37141708742702 ] } },
{ "type": "Feature", "properties": { "LAYER": "centre line truck traffic", "Label": "3" }, "geometry": { "type": "Point", "coordinates": [ 76.994517495416275, 8.37144308245804 ] } },
{ "type": "Feature", "properties": { "LAYER": "centre line truck traffic", "Label": "4" }, "geometry": { "type": "Point", "coordinates": [ 76.994548741138018, 8.371469077489055 ] } },
{ "type": "Feature", "properties": { "LAYER": "centre line truck traffic", "Label": "6" }, "geometry": { "type": "Point", "coordinates": [ 76.994611232581491, 8.371521067551093 ] } },
{ "type": "Feature", "properties": { "LAYER": "centre line truck traffic", "Label": "Utility Lane" }, "geometry": { "type": "Point", "coordinates": [ 76.994424439106439, 8.37136430845416 ] } },
{ "type": "Feature", "properties": { "LAYER": "centre line truck traffic", "Label": "5" }, "geometry": { "type": "Point", "coordinates": [ 76.999065834993587, 8.365998100859803 ] } },
{ "type": "Feature", "properties": { "LAYER": "centre line truck traffic", "Label": "6" }, "geometry": { "type": "Point", "coordinates": [ 76.999097047253571, 8.366024066622728 ] } },
{ "type": "Feature", "properties": { "LAYER": "centre line truck traffic", "Label": "Utility Lane" }, "geometry": { "type": "Point", "coordinates": [ 76.998910253778519, 8.365867307525795 ] } },
{ "type": "Feature", "properties": { "LAYER": "centre line truck traffic", "Label": "4" }, "geometry": { "type": "Point", "coordinates": [ 76.999034555810098, 8.36597207656069 ] } },
{ "type": "Feature", "properties": { "LAYER": "centre line truck traffic", "Label": "2" }, "geometry": { "type": "Point", "coordinates": [ 76.998972064366612, 8.365920086498654 ] } },
{ "type": "Feature", "properties": { "LAYER": "centre line truck traffic", "Label": "3" }, "geometry": { "type": "Point", "coordinates": [ 76.999003310088355, 8.365946081529675 ] } },
{ "type": "Feature", "properties": { "LAYER": "centre line truck traffic", "Label": "1" }, "geometry": { "type": "Point", "coordinates": [ 76.998940818644911, 8.36589409146764 ] } },
{ "type": "Feature", "properties": { "LAYER": "centre line truck traffic", "Label": "5" }, "geometry": { "type": "Point", "coordinates": [ 76.996675868508092, 8.368926675496038 ] } },
{ "type": "Feature", "properties": { "LAYER": "centre line truck traffic", "Label": "6" }, "geometry": { "type": "Point", "coordinates": [ 76.996707080768076, 8.368952641258963 ] } },
{ "type": "Feature", "properties": { "LAYER": "centre line truck traffic", "Label": "4" }, "geometry": { "type": "Point", "coordinates": [ 76.996644589324603, 8.368900651196924 ] } },
{ "type": "Feature", "properties": { "LAYER": "centre line truck traffic", "Label": "Utility Lane" }, "geometry": { "type": "Point", "coordinates": [ 76.996520287293023, 8.368795882162029 ] } },
{ "type": "Feature", "properties": { "LAYER": "centre line truck traffic", "Label": "1" }, "geometry": { "type": "Point", "coordinates": [ 76.996550852159416, 8.368822666103874 ] } },
{ "type": "Feature", "properties": { "LAYER": "centre line truck traffic", "Label": "2" }, "geometry": { "type": "Point", "coordinates": [ 76.996582097881117, 8.368848661134889 ] } },
{ "type": "Feature", "properties": { "LAYER": "centre line truck traffic", "Label": "3" }, "geometry": { "type": "Point", "coordinates": [ 76.99661334360286, 8.368874656165909 ] } }
]
}
