{
  "type": "FeatureCollection",
  "name": "Ycrane_point_route_gcs",
  "crs": {
    "type": "name",
    "properties": {
      "name": "urn:ogc:def:crs:OGC:1.3:CRS84"
    }
  },
  "features": [
    {
      "type": "Feature",
      "properties": {
        "bay": "17",
        "ID": 10,
        "time_sec": 50.0,
        "latitude": 8.372594,
        "longitude": 76.99707,
        "dist_m": 58.5
      },
      "geometry": {
        "type": "Point",
        "coordinates": [76.997070071272887, 8.372594276351208]
      }
    },
    {
      "type": "Feature",
      "properties": {
        "bay": "19",
        "ID": 9,
        "time_sec": 45.0,
        "latitude": 8.37264,
        "longitude": 76.997032,
        "dist_m": 52.0
      },
      "geometry": {
        "type": "Point",
        "coordinates": [76.997032455274805, 8.372640373472684]
      }
    },
    {
      "type": "Feature",
      "properties": {
        "bay": "21",
        "ID": 8,
        "time_sec": 40.0,
        "latitude": 8.372686,
        "longitude": 76.996995,
        "dist_m": 45.5
      },
      "geometry": {
        "type": "Point",
        "coordinates": [76.996994839555938, 8.372686470518481]
      }
    },
    {
      "type": "Feature",
      "properties": {
        "bay": "23",
        "ID": 7,
        "time_sec": 35.0,
        "latitude": 8.372733,
        "longitude": 76.996957,
        "dist_m": 39.0
      },
      "geometry": {
        "type": "Point",
        "coordinates": [76.996957223884976, 8.372732567324034]
      }
    },
    {
      "type": "Feature",
      "properties": {
        "bay": "25",
        "ID": 6,
        "time_sec": 30.0,
        "latitude": 8.372779,
        "longitude": 76.99692,
        "dist_m": 32.5
      },
      "geometry": {
        "type": "Point",
        "coordinates": [76.996919608019098, 8.37277866478361]
      }
    },
    {
      "type": "Feature",
      "properties": {
        "bay": "27",
        "ID": 5,
        "time_sec": 24.0,
        "latitude": 8.372825,
        "longitude": 76.996882,
        "dist_m": 26.0
      },
      "geometry": {
        "type": "Point",
        "coordinates": [76.996881992432648, 8.372824761707928]
      }
    },
    {
      "type": "Feature",
      "properties": {
        "bay": "29",
        "ID": 4,
        "time_sec": 18.0,
        "latitude": 8.372871,
        "longitude": 76.996844,
        "dist_m": 19.5
      },
      "geometry": {
        "type": "Point",
        "coordinates": [76.996844376668477, 8.372870858845079]
      }
    },
    {
      "type": "Feature",
      "properties": {
        "bay": "31",
        "ID": 3,
        "time_sec": 12.0,
        "latitude": 8.372917,
        "longitude": 76.996807,
        "dist_m": 13.0
      },
      "geometry": {
        "type": "Point",
        "coordinates": [76.996806760763391, 8.372916956094539]
      }
    },
    {
      "type": "Feature",
      "properties": {
        "bay": "33",
        "ID": 2,
        "time_sec": 6.0,
        "latitude": 8.372963,
        "longitude": 76.996769,
        "dist_m": 6.5
      },
      "geometry": {
        "type": "Point",
        "coordinates": [76.996769145349305, 8.372963052807622]
      }
    },
    {
      "type": "Feature",
      "properties": {
        "bay": "35",
        "ID": 1,
        "time_sec": 0.0,
        "latitude": 8.373009,
        "longitude": 76.996732,
        "dist_m": 0.0
      },
      "geometry": {
        "type": "Point",
        "coordinates": [76.996731529507258, 8.373009149960534]
      }
    }
  ]
}
