{
"type": "FeatureCollection",
"name": "container_type_point",
"crs": { "type": "name", "properties": { "name": "urn:ogc:def:crs:OGC:1.3:CRS84" } },
"features": [
{ "type": "Feature", "properties": { "Label": "Empty" }, "geometry": { "type": "Point", "coordinates": [ 76.995318506435922, 8.373102232432823 ] } },
{ "type": "Feature", "properties": { "Label": "Damaged containers" }, "geometry": { "type": "Point", "coordinates": [ 76.996601349737048, 8.37400473467584 ] } },
{ "type": "Feature", "properties": { "Label": "Empty" }, "geometry": { "type": "Point", "coordinates": [ 76.997384584193, 8.373031022965673 ] } },
{ "type": "Feature", "properties": { "Label": "ODC Cargo" }, "geometry": { "type": "Point", "coordinates": [ 76.996890940064716, 8.373649849055642 ] } },
{ "type": "Feature", "properties": { "Label": "Reefer Pre Trip Inspection" }, "geometry": { "type": "Point", "coordinates": [ 76.997732551406813, 8.372603154265008 ] } },
{ "type": "Feature", "properties": { "Label": "Empty" }, "geometry": { "type": "Point", "coordinates": [ 76.998434917442509, 8.371743869989976 ] } },
{ "type": "Feature", "properties": { "Label": "Empty" }, "geometry": { "type": "Point", "coordinates": [ 76.999262462576439, 8.370729735038987 ] } },
{ "type": "Feature", "properties": { "Label": "Empty" }, "geometry": { "type": "Point", "coordinates": [ 77.000169640326845, 8.369623805148324 ] } },
{ "type": "Feature", "properties": { "Label": "Empty" }, "geometry": { "type": "Point", "coordinates": [ 77.001034802182375, 8.368563572820273 ] } },
{ "type": "Feature", "properties": { "Label": "Hazardous Cargo" }, "geometry": { "type": "Point", "coordinates": [ 77.000742652427704, 8.368129755649656 ] } },
{ "type": "Feature", "properties": { "Label": "Empty" }, "geometry": { "type": "Point", "coordinates": [ 77.000004245512841, 8.367359987459629 ] } },
{ "type": "Feature", "properties": { "Label": "Reefer Area" }, "geometry": { "type": "Point", "coordinates": [ 76.999676104293712, 8.369400809037916 ] } },
{ "type": "Feature", "properties": { "Label": "Reefer Area" }, "geometry": { "type": "Point", "coordinates": [ 76.997247457312227, 8.372377049001219 ] } }
]
}
