{
"type": "FeatureCollection",
"name": "itv_trucks",
"crs": { "type": "name", "properties": { "name": "urn:ogc:def:crs:OGC:1.3:CRS84" } },
"features": [
{ "type": "Feature", "properties": { "LAYER": "U to D" }, "geometry": { "type": "Point", "coordinates": [ 76.996654413733381, 8.371088372182781 ] } },
{ "type": "Feature", "properties": { "LAYER": "D to U" }, "geometry": { "type": "Point", "coordinates": [ 76.998284788427227, 8.368958971698607 ] } },
{ "type": "Feature", "properties": { "LAYER": "R to L" }, "geometry": { "type": "Point", "coordinates": [ 76.997142974321918, 8.372857159291774 ] } },
{ "type": "Feature", "properties": { "LAYER": "R to L" }, "geometry": { "type": "Point", "coordinates": [ 76.998965143534079, 8.3706241404566 ] } },
{ "type": "Feature", "properties": { "LAYER": "R to L" }, "geometry": { "type": "Point", "coordinates": [ 77.00085404143843, 8.368309347423136 ] } },
{ "type": "Feature", "properties": { "LAYER": "L to R" }, "geometry": { "type": "Point", "coordinates": [ 76.996284117636733, 8.373240026063501 ] } },
{ "type": "Feature", "properties": { "LAYER": "R to L" }, "geometry": { "type": "Point", "coordinates": [ 76.997929959738173, 8.371075911486486 ] } },
{ "type": "Feature", "properties": { "LAYER": "R to L" }, "geometry": { "type": "Point", "coordinates": [ 77.000622728125052, 8.36777599702932 ] } },
{ "type": "Feature", "properties": { "LAYER": "R to L" }, "geometry": { "type": "Point", "coordinates": [ 76.999083350800191, 8.368845643522789 ] } },
{ "type": "Feature", "properties": { "LAYER": "R to L" }, "geometry": { "type": "Point", "coordinates": [ 76.995859817180744, 8.372795996344021 ] } },
{ "type": "Feature", "properties": { "LAYER": "R to L" }, "geometry": { "type": "Point", "coordinates": [ 76.996109548599819, 8.370986340840753 ] } },
{ "type": "Feature", "properties": { "LAYER": "L to R" }, "geometry": { "type": "Point", "coordinates": [ 76.99753215789508, 8.369405496278397 ] } },
{ "type": "Feature", "properties": { "LAYER": "R to L" }, "geometry": { "type": "Point", "coordinates": [ 76.998321820157855, 8.368275262185392 ] } },
{ "type": "Feature", "properties": { "LAYER": "L to R" }, "geometry": { "type": "Point", "coordinates": [ 76.999489325582616, 8.367003430082214 ] } },
{ "type": "Feature", "properties": { "LAYER": "L to R" }, "geometry": { "type": "Point", "coordinates": [ 76.999985214708985, 8.36790295843223 ] } },
{ "type": "Feature", "properties": { "LAYER": "L to R" }, "geometry": { "type": "Point", "coordinates": [ 76.999831748677011, 8.36890423495964 ] } },
{ "type": "Feature", "properties": { "LAYER": "L to R" }, "geometry": { "type": "Point", "coordinates": [ 76.9979940086684, 8.370343127181503 ] } },
{ "type": "Feature", "properties": { "LAYER": "L to R" }, "geometry": { "type": "Point", "coordinates": [ 76.996769938853646, 8.371843191387864 ] } },
{ "type": "Feature", "properties": { "LAYER": "L to R" }, "geometry": { "type": "Point", "coordinates": [ 76.995320920200086, 8.372102472371608 ] } },
{ "type": "Feature", "properties": { "LAYER": "L to R" }, "geometry": { "type": "Point", "coordinates": [ 76.994896852357357, 8.371183123927434 ] } },
{ "type": "Feature", "properties": { "LAYER": "L to R" }, "geometry": { "type": "Point", "coordinates": [ 76.996260101196199, 8.369383110496134 ] } },
{ "type": "Feature", "properties": { "LAYER": "L to R" }, "geometry": { "type": "Point", "coordinates": [ 76.998201550433762, 8.366812465151506 ] } },
{ "type": "Feature", "properties": { "LAYER": "D to U" }, "geometry": { "type": "Point", "coordinates": [ 76.995015638806535, 8.373401775627048 ] } },
{ "type": "Feature", "properties": { "LAYER": "U to D" }, "geometry": { "type": "Point", "coordinates": [ 77.000128048106859, 8.36684603105429 ] } },
{ "type": "Feature", "properties": { "LAYER": "R to L" }, "geometry": { "type": "Point", "coordinates": [ 76.99780314850986, 8.368068327992411 ] } },
{ "type": "Feature", "properties": { "LAYER": "L to R" }, "geometry": { "type": "Point", "coordinates": [ 76.996124522976174, 8.370313696023121 ] } }
]
}
