{
"type": "FeatureCollection",
"name": "rfid_wifi_pole_v1",
"crs": { "type": "name", "properties": { "name": "urn:ogc:def:crs:OGC:1.3:CRS84" } },
"features": [
{ "type": "Feature", "properties": { "name": "RFID Reader", "RFID": "RF38" }, "geometry": { "type": "Point", "coordinates": [ 77.001276423235709, 8.368019318573767 ] } },
{ "type": "Feature", "properties": { "name": "RFID Reader", "RFID": "RF36,37" }, "geometry": { "type": "Point", "coordinates": [ 77.000480883293861, 8.368973524773057 ] } },
{ "type": "Feature", "properties": { "name": "RFID Reader", "RFID": "RF35" }, "geometry": { "type": "Point", "coordinates": [ 76.999735196210736, 8.36990784434642 ] } },
{ "type": "Feature", "properties": { "name": "RFID Reader", "RFID": "RF34" }, "geometry": { "type": "Point", "coordinates": [ 76.999562367866716, 8.370125883421306 ] } },
{ "type": "Feature", "properties": { "name": "RFID Reader", "RFID": "RF32,33" }, "geometry": { "type": "Point", "coordinates": [ 76.998746993375718, 8.371086564231849 ] } },
{ "type": "Feature", "properties": { "name": "RFID Reader", "RFID": "RF31" }, "geometry": { "type": "Point", "coordinates": [ 76.997993734774184, 8.372051402363184 ] } },
{ "type": "Feature", "properties": { "name": "RFID Reader", "RFID": "RF30" }, "geometry": { "type": "Point", "coordinates": [ 76.997823308381797, 8.372260091211409 ] } },
{ "type": "Feature", "properties": { "name": "RFID Reader", "RFID": "RF28,29" }, "geometry": { "type": "Point", "coordinates": [ 76.996941390229281, 8.373312454482331 ] } },
{ "type": "Feature", "properties": { "name": "RFID Reader", "RFID": "RF26" }, "geometry": { "type": "Point", "coordinates": [ 77.001149546164385, 8.367895127922901 ] } },
{ "type": "Feature", "properties": { "name": "RFID Reader", "RFID": "RF24" }, "geometry": { "type": "Point", "coordinates": [ 77.000750775188664, 8.367563381803222 ] } },
{ "type": "Feature", "properties": { "name": "RFID Reader", "RFID": "RF22" }, "geometry": { "type": "Point", "coordinates": [ 77.000353758630382, 8.367233095221007 ] } },
{ "type": "Feature", "properties": { "name": "RFID Reader", "RFID": "RF25" }, "geometry": { "type": "Point", "coordinates": [ 77.000864488540145, 8.367657982376997 ] } },
{ "type": "Feature", "properties": { "name": "RFID Reader", "RFID": "RF23" }, "geometry": { "type": "Point", "coordinates": [ 77.000465865944108, 8.367326359697568 ] } },
{ "type": "Feature", "properties": { "name": "RFID Reader", "RFID": "RF21" }, "geometry": { "type": "Point", "coordinates": [ 76.99959382895689, 8.369801586344295 ] } },
{ "type": "Feature", "properties": { "name": "RFID Reader", "RFID": "RF19" }, "geometry": { "type": "Point", "coordinates": [ 76.999195057669752, 8.369469839483312 ] } },
{ "type": "Feature", "properties": { "name": "RFID Reader", "RFID": "RF20" }, "geometry": { "type": "Point", "coordinates": [ 76.999306424529209, 8.36956248809477 ] } },
{ "type": "Feature", "properties": { "name": "RFID Reader", "RFID": "RF18" }, "geometry": { "type": "Point", "coordinates": [ 76.998910728517515, 8.369233299625048 ] } },
{ "type": "Feature", "properties": { "name": "RFID Reader", "RFID": "RF17," }, "geometry": { "type": "Point", "coordinates": [ 76.999423601522608, 8.370010167093941 ] } },
{ "type": "Feature", "properties": { "name": "RFID Reader", "RFID": "RF15," }, "geometry": { "type": "Point", "coordinates": [ 76.999025277781783, 8.369677696631276 ] } },
{ "type": "Feature", "properties": { "name": "RFID Reader", "RFID": "RF16," }, "geometry": { "type": "Point", "coordinates": [ 76.999138843180944, 8.369773543642657 ] } },
{ "type": "Feature", "properties": { "name": "RFID Reader", "RFID": "RF14," }, "geometry": { "type": "Point", "coordinates": [ 76.998740251391666, 8.369441946105319 ] } },
{ "type": "Feature", "properties": { "name": "RFID Reader", "RFID": "RF13" }, "geometry": { "type": "Point", "coordinates": [ 76.997853296735315, 8.371934568780603 ] } },
{ "type": "Feature", "properties": { "name": "RFID Reader", "RFID": "RF11" }, "geometry": { "type": "Point", "coordinates": [ 76.997454525446315, 8.371602821921284 ] } },
{ "type": "Feature", "properties": { "name": "RFID Reader", "RFID": "RF12" }, "geometry": { "type": "Point", "coordinates": [ 76.997569656289073, 8.371698601874726 ] } },
{ "type": "Feature", "properties": { "name": "RFID Reader", "RFID": "RF10" }, "geometry": { "type": "Point", "coordinates": [ 76.997171848218414, 8.371367656338531 ] } },
{ "type": "Feature", "properties": { "name": "RFID Reader", "RFID": "RF9," }, "geometry": { "type": "Point", "coordinates": [ 76.997682950150761, 8.372143324021115 ] } },
{ "type": "Feature", "properties": { "name": "RFID Reader", "RFID": "RF7," }, "geometry": { "type": "Point", "coordinates": [ 76.997284178848631, 8.371811577146172 ] } },
{ "type": "Feature", "properties": { "name": "RFID Reader", "RFID": "RF8," }, "geometry": { "type": "Point", "coordinates": [ 76.997400156513876, 8.371908061591775 ] } },
{ "type": "Feature", "properties": { "name": "RFID Reader", "RFID": "RF6," }, "geometry": { "type": "Point", "coordinates": [ 76.996999546176994, 8.371574784782174 ] } },
{ "type": "Feature", "properties": { "name": "RFID Reader", "RFID": "RF27" }, "geometry": { "type": "Point", "coordinates": [ 76.996231305169246, 8.374213826891529 ] } },
{ "type": "Feature", "properties": { "name": "RFID Reader", "RFID": "RF5" }, "geometry": { "type": "Point", "coordinates": [ 76.996089596675972, 8.374095936388024 ] } },
{ "type": "Feature", "properties": { "name": "RFID Reader", "RFID": "RF3" }, "geometry": { "type": "Point", "coordinates": [ 76.995690825388834, 8.373764189527018 ] } },
{ "type": "Feature", "properties": { "name": "RFID Reader", "RFID": "RF1" }, "geometry": { "type": "Point", "coordinates": [ 76.995293809562824, 8.373433903073847 ] } },
{ "type": "Feature", "properties": { "name": "RFID Reader", "RFID": "RF4" }, "geometry": { "type": "Point", "coordinates": [ 76.995805177527359, 8.373859321659708 ] } },
{ "type": "Feature", "properties": { "name": "RFID Reader", "RFID": "RF2" }, "geometry": { "type": "Point", "coordinates": [ 76.995410187462127, 8.373530720482805 ] } },
{ "type": "Feature", "properties": { "name": "RFID Reader", "RFID": null }, "geometry": { "type": "Point", "coordinates": [ 76.996536551212387, 8.371189608788296 ] } },
{ "type": "Feature", "properties": { "name": "RFID Reader", "RFID": null }, "geometry": { "type": "Point", "coordinates": [ 76.996620137282662, 8.371259145932669 ] } },
{ "type": "Feature", "properties": { "name": "RFID Reader", "RFID": null }, "geometry": { "type": "Point", "coordinates": [ 76.996887163010996, 8.371481290681874 ] } },
{ "type": "Feature", "properties": { "name": "RFID Reader", "RFID": null }, "geometry": { "type": "Point", "coordinates": [ 76.99962292358785, 8.36662509728894 ] } },
{ "type": "Feature", "properties": { "name": "RFID Reader", "RFID": null }, "geometry": { "type": "Point", "coordinates": [ 76.999735033235993, 8.366718364307205 ] } },
{ "type": "Feature", "properties": { "name": "RFID Reader", "RFID": null }, "geometry": { "type": "Point", "coordinates": [ 76.998627702706813, 8.369348314305238 ] } },
{ "type": "Feature", "properties": { "name": "RFID Reader", "RFID": null }, "geometry": { "type": "Point", "coordinates": [ 76.997896867783822, 8.368740316179876 ] } },
{ "type": "Feature", "properties": { "name": "RFID Reader", "RFID": null }, "geometry": { "type": "Point", "coordinates": [ 76.998008996772867, 8.36883359882551 ] } },
{ "type": "Feature", "properties": { "name": "wifi-pole", "RFID": null }, "geometry": { "type": "Point", "coordinates": [ 77.000945251331302, 8.368137612232418 ] } },
{ "type": "Feature", "properties": { "name": "wifi-pole", "RFID": null }, "geometry": { "type": "Point", "coordinates": [ 77.000308845248227, 8.368917510573763 ] } },
{ "type": "Feature", "properties": { "name": "wifi-pole", "RFID": null }, "geometry": { "type": "Point", "coordinates": [ 77.000374624017724, 8.36825762086929 ] } },
{ "type": "Feature", "properties": { "name": "wifi-pole", "RFID": null }, "geometry": { "type": "Point", "coordinates": [ 76.999911857942294, 8.368587248090728 ] } },
{ "type": "Feature", "properties": { "name": "wifi-pole", "RFID": null }, "geometry": { "type": "Point", "coordinates": [ 76.999678603750738, 8.369107336535739 ] } },
{ "type": "Feature", "properties": { "name": "wifi-pole", "RFID": null }, "geometry": { "type": "Point", "coordinates": [ 76.999282430513404, 8.368778761474783 ] } },
{ "type": "Feature", "properties": { "name": "wifi-pole", "RFID": null }, "geometry": { "type": "Point", "coordinates": [ 76.999977581534296, 8.367925618262831 ] } },
{ "type": "Feature", "properties": { "name": "wifi-pole", "RFID": null }, "geometry": { "type": "Point", "coordinates": [ 77.000548264019926, 8.367807349744849 ] } },
{ "type": "Feature", "properties": { "name": "wifi-pole", "RFID": null }, "geometry": { "type": "Point", "coordinates": [ 77.000149129230323, 8.367475300722855 ] } },
{ "type": "Feature", "properties": { "name": "wifi-pole", "RFID": null }, "geometry": { "type": "Point", "coordinates": [ 76.999512723152705, 8.368255199068734 ] } },
{ "type": "Feature", "properties": { "name": "wifi-pole", "RFID": null }, "geometry": { "type": "Point", "coordinates": [ 76.999248497613564, 8.367321130898006 ] } },
{ "type": "Feature", "properties": { "name": "wifi-pole", "RFID": null }, "geometry": { "type": "Point", "coordinates": [ 76.99855401030652, 8.3681696971419 ] } },
{ "type": "Feature", "properties": { "name": "wifi-pole", "RFID": null }, "geometry": { "type": "Point", "coordinates": [ 76.999418279960366, 8.366867291118979 ] } },
{ "type": "Feature", "properties": { "name": "wifi-pole", "RFID": null }, "geometry": { "type": "Point", "coordinates": [ 76.998781873882734, 8.367647189464861 ] } },
{ "type": "Feature", "properties": { "name": "wifi-pole", "RFID": null }, "geometry": { "type": "Point", "coordinates": [ 76.998619552598839, 8.367273995384707 ] } },
{ "type": "Feature", "properties": { "name": "wifi-pole", "RFID": null }, "geometry": { "type": "Point", "coordinates": [ 76.999177129083279, 8.370304397947347 ] } },
{ "type": "Feature", "properties": { "name": "wifi-pole", "RFID": null }, "geometry": { "type": "Point", "coordinates": [ 76.99854072300019, 8.371084296288689 ] } },
{ "type": "Feature", "properties": { "name": "wifi-pole", "RFID": null }, "geometry": { "type": "Point", "coordinates": [ 76.998604742683881, 8.370423324059843 ] } },
{ "type": "Feature", "properties": { "name": "wifi-pole", "RFID": null }, "geometry": { "type": "Point", "coordinates": [ 76.998143735694256, 8.370754033805655 ] } },
{ "type": "Feature", "properties": { "name": "wifi-pole", "RFID": null }, "geometry": { "type": "Point", "coordinates": [ 76.997910261243319, 8.371276399428178 ] } },
{ "type": "Feature", "properties": { "name": "wifi-pole", "RFID": null }, "geometry": { "type": "Point", "coordinates": [ 76.997517154737267, 8.37094582251393 ] } },
{ "type": "Feature", "properties": { "name": "wifi-pole", "RFID": null }, "geometry": { "type": "Point", "coordinates": [ 76.998210801392815, 8.370094522863667 ] } },
{ "type": "Feature", "properties": { "name": "wifi-pole", "RFID": null }, "geometry": { "type": "Point", "coordinates": [ 76.998780141771888, 8.369974135459776 ] } },
{ "type": "Feature", "properties": { "name": "wifi-pole", "RFID": null }, "geometry": { "type": "Point", "coordinates": [ 76.998381006982299, 8.36964208643778 ] } },
{ "type": "Feature", "properties": { "name": "wifi-pole", "RFID": null }, "geometry": { "type": "Point", "coordinates": [ 76.997744600904667, 8.370421984783661 ] } },
{ "type": "Feature", "properties": { "name": "wifi-pole", "RFID": null }, "geometry": { "type": "Point", "coordinates": [ 76.997479760844982, 8.369487415157817 ] } },
{ "type": "Feature", "properties": { "name": "wifi-pole", "RFID": null }, "geometry": { "type": "Point", "coordinates": [ 76.996785745477041, 8.370338413935091 ] } },
{ "type": "Feature", "properties": { "name": "wifi-pole", "RFID": null }, "geometry": { "type": "Point", "coordinates": [ 76.997650157712329, 8.369034076833906 ] } },
{ "type": "Feature", "properties": { "name": "wifi-pole", "RFID": null }, "geometry": { "type": "Point", "coordinates": [ 76.997013751634697, 8.369813975179788 ] } },
{ "type": "Feature", "properties": { "name": "wifi-pole", "RFID": null }, "geometry": { "type": "Point", "coordinates": [ 76.996856867647693, 8.369442146850703 ] } },
{ "type": "Feature", "properties": { "name": "wifi-pole", "RFID": null }, "geometry": { "type": "Point", "coordinates": [ 76.997412646168854, 8.372471240077376 ] } },
{ "type": "Feature", "properties": { "name": "wifi-pole", "RFID": null }, "geometry": { "type": "Point", "coordinates": [ 76.996773726938699, 8.37324970189264 ] } },
{ "type": "Feature", "properties": { "name": "wifi-pole", "RFID": null }, "geometry": { "type": "Point", "coordinates": [ 76.996840521803534, 8.372589970527152 ] } },
{ "type": "Feature", "properties": { "name": "wifi-pole", "RFID": null }, "geometry": { "type": "Point", "coordinates": [ 76.996376739632765, 8.372919439409607 ] } },
{ "type": "Feature", "properties": { "name": "wifi-pole", "RFID": null }, "geometry": { "type": "Point", "coordinates": [ 76.996143123933336, 8.373441689780636 ] } },
{ "type": "Feature", "properties": { "name": "wifi-pole", "RFID": null }, "geometry": { "type": "Point", "coordinates": [ 76.995752892082209, 8.373110387466452 ] } },
{ "type": "Feature", "properties": { "name": "wifi-pole", "RFID": null }, "geometry": { "type": "Point", "coordinates": [ 76.996443918396778, 8.372261044443279 ] } },
{ "type": "Feature", "properties": { "name": "wifi-pole", "RFID": null }, "geometry": { "type": "Point", "coordinates": [ 76.997013145710397, 8.372139541063728 ] } },
{ "type": "Feature", "properties": { "name": "wifi-pole", "RFID": null }, "geometry": { "type": "Point", "coordinates": [ 76.996614010920808, 8.37180749204173 ] } },
{ "type": "Feature", "properties": { "name": "wifi-pole", "RFID": null }, "geometry": { "type": "Point", "coordinates": [ 76.995977604843176, 8.372587390387613 ] } },
{ "type": "Feature", "properties": { "name": "wifi-pole", "RFID": null }, "geometry": { "type": "Point", "coordinates": [ 76.995712428522893, 8.371651727399192 ] } },
{ "type": "Feature", "properties": { "name": "wifi-pole", "RFID": null }, "geometry": { "type": "Point", "coordinates": [ 76.995017274566223, 8.372502616046773 ] } },
{ "type": "Feature", "properties": { "name": "wifi-pole", "RFID": null }, "geometry": { "type": "Point", "coordinates": [ 76.995883161650838, 8.371199482437857 ] } },
{ "type": "Feature", "properties": { "name": "wifi-pole", "RFID": null }, "geometry": { "type": "Point", "coordinates": [ 76.995246755573206, 8.371979380783738 ] } },
{ "type": "Feature", "properties": { "name": "wifi-pole", "RFID": null }, "geometry": { "type": "Point", "coordinates": [ 76.995088677932586, 8.371608011619333 ] } },
{ "type": "Feature", "properties": { "name": "wifi-pole", "RFID": null }, "geometry": { "type": "Point", "coordinates": [ 76.994495633767556, 8.372789808590731 ] } },
{ "type": "Feature", "properties": { "name": "wifi-pole", "RFID": null }, "geometry": { "type": "Point", "coordinates": [ 76.994714341864636, 8.372971756673502 ] } },
{ "type": "Feature", "properties": { "name": "wifi-pole", "RFID": null }, "geometry": { "type": "Point", "coordinates": [ 76.994315053726481, 8.37263958007747 ] } }
]
}
