{
  "assetId": 190,
  "emissions": {
    "active": [
      {
        "date": "2025-03-04",
        "totalActiveHours": 0.39,
        "engineLoadPercent": 71,
        "CO2_percent": 8.51,
        "CO_percent": 0.0044,
        "HC_ppm": 1.58,
        "NO_ppm": 13.9,
        "NO2_ppm": 4.1,
        "NOx_ppm": 18,
        "PM_ug_per_m3": 1609,
        "PN_num_per_cm3": 6.32e6,
        "CO2_kg_per_hr": 114.15,
        "CO_g_per_hr": 36.7,
        "HC_g_per_hr": 2.09,
        "NO_g_per_hr": 23.6,
        "NO2_g_per_hr": 6.1,
        "NOx_g_per_hr": 30,
        "PM_g_per_hr": 1.191,
        "PN_num_per_hr": 4.65e15,
        "CO2_kg_per_gal_fuel": 11.16,
        "CO_g_per_gal_fuel": 3.59,
        "HC_g_per_gal_fuel": 0.2,
        "NO_g_per_gal_fuel": 2.3,
        "NO2_g_per_gal_fuel": 0.6,
        "NOx_g_per_gal_fuel": 3,
        "PM_g_per_gal_fuel": 0.12,
        "PN_num_per_gal_fuel": 4.55e14
      },
      {
        "date": "2025-03-06",
        "totalActiveHours": 1.7,
        "engineLoadPercent": 45,
        "CO2_percent": 5.89,
        "CO_percent": 0.0014,
        "HC_ppm": 4.82,
        "NO_ppm": 43.9,
        "NO2_ppm": 8.5,
        "NOx_ppm": 52,
        "PM_ug_per_m3": 1485,
        "PN_num_per_cm3": 7.15e6,
        "CO2_kg_per_hr": 54.97,
        "CO_g_per_hr": 7.26,
        "HC_g_per_hr": 4.11,
        "NO_g_per_hr": 44.8,
        "NO2_g_per_hr": 8.0,
        "NOx_g_per_hr": 53,
        "PM_g_per_hr": 0.752,
        "PN_num_per_hr": 3.5e15,
        "CO2_kg_per_gal_fuel": 10.59,
        "CO_g_per_gal_fuel": 0.62,
        "HC_g_per_gal_fuel": 0.35,
        "NO_g_per_gal_fuel": 8.6,
        "NO2_g_per_gal_fuel": 1.5,
        "NOx_g_per_gal_fuel": 10,
        "PM_g_per_gal_fuel": 0.14,
        "PN_num_per_gal_fuel": 6.75e14
      },
      {
        "date": "2025-03-07",
        "totalActiveHours": 1.87,
        "engineLoadPercent": 44,
        "CO2_percent": 5.7,
        "CO_percent": 0.0019,
        "HC_ppm": 0.32,
        "NO_ppm": 13.6,
        "NO2_ppm": 1.3,
        "NOx_ppm": 15,
        "PM_ug_per_m3": 1279,
        "PN_num_per_cm3": 6.91e6,
        "CO2_kg_per_hr": 53.32,
        "CO_g_per_hr": 9.64,
        "HC_g_per_hr": 0.26,
        "NO_g_per_hr": 11.3,
        "NO2_g_per_hr": 1.4,
        "NOx_g_per_hr": 13,
        "PM_g_per_hr": 0.672,
        "PN_num_per_hr": 3.42e15,
        "CO2_kg_per_gal_fuel": 10.58,
        "CO_g_per_gal_fuel": 1.65,
        "HC_g_per_gal_fuel": 0.05,
        "NO_g_per_gal_fuel": 2.2,
        "NO2_g_per_gal_fuel": 0.3,
        "NOx_g_per_gal_fuel": 3,
        "PM_g_per_gal_fuel": 0.13,
        "PN_num_per_gal_fuel": 6.78e14
      }
    ],
    "idle": [
      {
        "date": "2025-03-04",
        "totalIdleHours": 0.02,
        "engineLoadPercent": 24,
        "CO2_percent": 2.68,
        "CO_percent": 0.0035,
        "HC_ppm": 1.85,
        "NO_ppm": 19.9,
        "NO2_ppm": 1.9,
        "NOx_ppm": 22,
        "PM_ug_per_m3": 1127,
        "PN_num_per_cm3": 5.21e6,
        "CO2_kg_per_hr": 10.37,
        "CO_g_per_hr": 8.46,
        "HC_g_per_hr": 0.72,
        "NO_g_per_hr": 7.7,
        "NO2_g_per_hr": 0.7,
        "NOx_g_per_hr": 8,
        "PM_g_per_hr": 0.241,
        "PN_num_per_hr": 1.12e15,
        "CO2_kg_per_gal_fuel": 9.68,
        "CO_g_per_gal_fuel": 7.89,
        "HC_g_per_gal_fuel": 0.67,
        "NO_g_per_gal_fuel": 7.2,
        "NO2_g_per_gal_fuel": 0.7,
        "NOx_g_per_gal_fuel": 8,
        "PM_g_per_gal_fuel": 0.23,
        "PN_num_per_gal_fuel": 1.04e15
      },
      {
        "date": "2025-03-06",
        "totalIdleHours": 4.69,
        "engineLoadPercent": 21,
        "CO2_percent": 2.56,
        "CO_percent": -0.0002,
        "HC_ppm": 5.17,
        "NO_ppm": 74.3,
        "NO2_ppm": 11.5,
        "NOx_ppm": 86,
        "PM_ug_per_m3": 1054,
        "PN_num_per_cm3": 5.64e6,
        "CO2_kg_per_hr": 9.91,
        "CO_g_per_hr": -0.4,
        "HC_g_per_hr": 2.03,
        "NO_g_per_hr": 30.4,
        "NO2_g_per_hr": 4.7,
        "NOx_g_per_hr": 35,
        "PM_g_per_hr": 0.227,
        "PN_num_per_hr": 1.22e15,
        "CO2_kg_per_gal_fuel": 9.03,
        "CO_g_per_gal_fuel": -0.21,
        "HC_g_per_gal_fuel": 1.09,
        "NO_g_per_gal_fuel": 27.7,
        "NO2_g_per_gal_fuel": 4.3,
        "NOx_g_per_gal_fuel": 32,
        "PM_g_per_gal_fuel": 0.21,
        "PN_num_per_gal_fuel": 1.11e15
      },
      {
        "date": "2025-03-07",
        "totalIdleHours": 1.7,
        "engineLoadPercent": 28,
        "CO2_percent": 3.08,
        "CO_percent": 0.0019,
        "HC_ppm": 0.3,
        "NO_ppm": 7.7,
        "NO2_ppm": 0.7,
        "NOx_ppm": 8,
        "PM_ug_per_m3": 910,
        "PN_num_per_cm3": 5.59e6,
        "CO2_kg_per_hr": 11.99,
        "CO_g_per_hr": 4.58,
        "HC_g_per_hr": 0.12,
        "NO_g_per_hr": 3.2,
        "NO2_g_per_hr": 0.3,
        "NOx_g_per_hr": 3,
        "PM_g_per_hr": 0.197,
        "PN_num_per_hr": 1.2e15,
        "CO2_kg_per_gal_fuel": 8.54,
        "CO_g_per_gal_fuel": 2.94,
        "HC_g_per_gal_fuel": 0.08,
        "NO_g_per_gal_fuel": 2.2,
        "NO2_g_per_gal_fuel": 0.2,
        "NOx_g_per_gal_fuel": 2,
        "PM_g_per_gal_fuel": 0.14,
        "PN_num_per_gal_fuel": 8.58e14
      }
    ]
  }
}
