{
"type": "FeatureCollection",
"name": "1E35A to Parking Lane 2 Truck 2",
"crs": { "type": "name", "properties": { "name": "urn:ogc:def:crs:OGC:1.3:CRS84" } },
"xy_coordinate_resolution": 1e-15,
"features": [
{ "type": "Feature", "properties": { "Label": "1E35A to Parking Lane 2 Truck 2", "New_ID": "1050_1", "dist_m": 1452, "time_sec": 242.0, "latitude": 8.372903, "longitude": 76.996548, "bay_no": 0, "direction": "R to L" }, "geometry": { "type": "Point", "coordinates": [ 76.996548249736236, 8.372902793365434 ] } },
{ "type": "Feature", "properties": { "Label": "1E35A to Parking Lane 2 Truck 2", "New_ID": "1051_1", "dist_m": 1455, "time_sec": 242.5, "latitude": 8.372924, "longitude": 76.996531, "bay_no": 0, "direction": "R to L" }, "geometry": { "type": "Point", "coordinates": [ 76.996531075364004, 8.37292384008488 ] } },
{ "type": "Feature", "properties": { "Label": "1E35A to Parking Lane 2 Truck 2", "New_ID": "1052_1", "dist_m": 1458, "time_sec": 243.0, "latitude": 8.372945, "longitude": 76.996514, "bay_no": 0, "direction": "R to L" }, "geometry": { "type": "Point", "coordinates": [ 76.996513900990038, 8.372944886803991 ] } },
{ "type": "Feature", "properties": { "Label": "1E35A to Parking Lane 2 Truck 2", "New_ID": "1053_1", "dist_m": 1461, "time_sec": 243.5, "latitude": 8.372966, "longitude": 76.996497, "bay_no": 0, "direction": "R to L" }, "geometry": { "type": "Point", "coordinates": [ 76.996496726614296, 8.372965933522766 ] } },
{ "type": "Feature", "properties": { "Label": "1E35A to Parking Lane 2 Truck 2", "New_ID": "1054_1", "dist_m": 1464, "time_sec": 244.0, "latitude": 8.372987, "longitude": 76.99648, "bay_no": 0, "direction": "R to L" }, "geometry": { "type": "Point", "coordinates": [ 76.996479552236806, 8.372986980241206 ] } },
{ "type": "Feature", "properties": { "Label": "1E35A to Parking Lane 2 Truck 2", "New_ID": "1055_1", "dist_m": 1467, "time_sec": 244.5, "latitude": 8.373008, "longitude": 76.996462, "bay_no": 0, "direction": "R to L" }, "geometry": { "type": "Point", "coordinates": [ 76.996462377857569, 8.373008026959313 ] } },
{ "type": "Feature", "properties": { "Label": "1E35A to Parking Lane 2 Truck 2", "New_ID": "1056_1", "dist_m": 1470, "time_sec": 245.0, "latitude": 8.373029, "longitude": 76.996445, "bay_no": 0, "direction": "R to L" }, "geometry": { "type": "Point", "coordinates": [ 76.996445203476569, 8.373029073677085 ] } },
{ "type": "Feature", "properties": { "Label": "1E35A to Parking Lane 2 Truck 2", "New_ID": "1057_1", "dist_m": 1473, "time_sec": 245.5, "latitude": 8.37305, "longitude": 76.996428, "bay_no": 0, "direction": "R to L" }, "geometry": { "type": "Point", "coordinates": [ 76.996428029093792, 8.37305012039452 ] } },
{ "type": "Feature", "properties": { "Label": "1E35A to Parking Lane 2 Truck 2", "New_ID": "1058_1", "dist_m": 1476, "time_sec": 246.0, "latitude": 8.373071, "longitude": 76.996411, "bay_no": 0, "direction": "R to L" }, "geometry": { "type": "Point", "coordinates": [ 76.996410854709282, 8.373071167111624 ] } },
{ "type": "Feature", "properties": { "Label": "1E35A to Parking Lane 2 Truck 2", "New_ID": "1059_1", "dist_m": 1479, "time_sec": 246.5, "latitude": 8.373092, "longitude": 76.996394, "bay_no": 0, "direction": "R to L" }, "geometry": { "type": "Point", "coordinates": [ 76.996393680323024, 8.373092213828388 ] } },
{ "type": "Feature", "properties": { "Label": "1E35A to Parking Lane 2 Truck 2", "New_ID": "1060_1", "dist_m": 1482, "time_sec": 247.0, "latitude": 8.373113, "longitude": 76.996377, "bay_no": 0, "direction": "R to L" }, "geometry": { "type": "Point", "coordinates": [ 76.996376505934975, 8.373113260544818 ] } },
{ "type": "Feature", "properties": { "Label": "1E35A to Parking Lane 2 Truck 2", "New_ID": "1061_1", "dist_m": 1485, "time_sec": 247.5, "latitude": 8.373134, "longitude": 76.996359, "bay_no": 0, "direction": "R to L" }, "geometry": { "type": "Point", "coordinates": [ 76.996359331545207, 8.373134307260912 ] } },
{ "type": "Feature", "properties": { "Label": "1E35A to Parking Lane 2 Truck 2", "New_ID": "1062_1", "dist_m": 1488, "time_sec": 248.0, "latitude": 8.373155, "longitude": 76.996342, "bay_no": 0, "direction": "R to L" }, "geometry": { "type": "Point", "coordinates": [ 76.996342157153663, 8.373155353976673 ] } },
{ "type": "Feature", "properties": { "Label": "1E35A to Parking Lane 2 Truck 2", "New_ID": "1063_1", "dist_m": 1491, "time_sec": 248.5, "latitude": 8.373176, "longitude": 76.996325, "bay_no": 0, "direction": "R to L" }, "geometry": { "type": "Point", "coordinates": [ 76.99632498276037, 8.373176400692099 ] } },
{ "type": "Feature", "properties": { "Label": "1E35A to Parking Lane 2 Truck 2", "New_ID": "1064_1", "dist_m": 1494, "time_sec": 249.0, "latitude": 8.373197, "longitude": 76.996308, "bay_no": 0, "direction": "R to L" }, "geometry": { "type": "Point", "coordinates": [ 76.996307808365302, 8.373197447407186 ] } },
{ "type": "Feature", "properties": { "Label": "1E35A to Parking Lane 2 Truck 2", "New_ID": "1065_1", "dist_m": 1497, "time_sec": 249.5, "latitude": 8.373218, "longitude": 76.996291, "bay_no": 0, "direction": "R to L" }, "geometry": { "type": "Point", "coordinates": [ 76.996290633968499, 8.373218494121943 ] } },
{ "type": "Feature", "properties": { "Label": "1E35A to Parking Lane 2 Truck 2", "New_ID": "1066_1", "dist_m": 1500, "time_sec": 250.0, "latitude": 8.37324, "longitude": 76.996273, "bay_no": 0, "direction": "R to L" }, "geometry": { "type": "Point", "coordinates": [ 76.996273459569935, 8.373239540836362 ] } },
{ "type": "Feature", "properties": { "Label": "1E35A to Parking Lane 2 Truck 2", "New_ID": "1067_1", "dist_m": 1503, "time_sec": 250.5, "latitude": 8.373261, "longitude": 76.996256, "bay_no": 0, "direction": "R to L" }, "geometry": { "type": "Point", "coordinates": [ 76.996256112354345, 8.373260799330378 ] } },
{ "type": "Feature", "properties": { "Label": "1E35A to Parking Lane 2 Truck 2", "New_ID": "1068_1", "dist_m": 1506, "time_sec": 251.0, "latitude": 8.373282, "longitude": 76.996239, "bay_no": 0, "direction": "R to L" }, "geometry": { "type": "Point", "coordinates": [ 76.996238937952242, 8.373281846044124 ] } },
{ "type": "Feature", "properties": { "Label": "1E35A to Parking Lane 2 Truck 2", "New_ID": "1069_1", "dist_m": 1509, "time_sec": 251.5, "latitude": 8.373303, "longitude": 76.996222, "bay_no": 0, "direction": "R to L" }, "geometry": { "type": "Point", "coordinates": [ 76.996221763548391, 8.373302892757536 ] } },
{ "type": "Feature", "properties": { "Label": "1E35A to Parking Lane 2 Truck 2", "New_ID": "1070_1", "dist_m": 1512, "time_sec": 252.0, "latitude": 8.373324, "longitude": 76.996205, "bay_no": 0, "direction": "R to L" }, "geometry": { "type": "Point", "coordinates": [ 76.996204589142778, 8.373323939470609 ] } },
{ "type": "Feature", "properties": { "Label": "1E35A to Parking Lane 2 Truck 2", "New_ID": "1071_1", "dist_m": 1515, "time_sec": 252.5, "latitude": 8.373345, "longitude": 76.996187, "bay_no": 0, "direction": "R to L" }, "geometry": { "type": "Point", "coordinates": [ 76.996187414735417, 8.373344986183348 ] } },
{ "type": "Feature", "properties": { "Label": "1E35A to Parking Lane 2 Truck 2", "New_ID": "1072_1", "dist_m": 1518, "time_sec": 253.0, "latitude": 8.373366, "longitude": 76.99617, "bay_no": 0, "direction": "R to L" }, "geometry": { "type": "Point", "coordinates": [ 76.996170240326293, 8.373366032895753 ] } },
{ "type": "Feature", "properties": { "Label": "1E35A to Parking Lane 2 Truck 2", "New_ID": "1073_1", "dist_m": 1521, "time_sec": 253.5, "latitude": 8.373387, "longitude": 76.996153, "bay_no": 0, "direction": "R to L" }, "geometry": { "type": "Point", "coordinates": [ 76.996153065915422, 8.373387079607822 ] } },
{ "type": "Feature", "properties": { "Label": "1E35A to Parking Lane 2 Truck 2", "New_ID": "1074_1", "dist_m": 1524, "time_sec": 254.0, "latitude": 8.373408, "longitude": 76.996136, "bay_no": 0, "direction": "R to L" }, "geometry": { "type": "Point", "coordinates": [ 76.996135891502774, 8.373408126319557 ] } },
{ "type": "Feature", "properties": { "Label": "1E35A to Parking Lane 2 Truck 2", "New_ID": "1075_1", "dist_m": 1527, "time_sec": 254.5, "latitude": 8.373429, "longitude": 76.996119, "bay_no": 0, "direction": "R to L" }, "geometry": { "type": "Point", "coordinates": [ 76.996118717088379, 8.373429173030955 ] } },
{ "type": "Feature", "properties": { "Label": "1E35A to Parking Lane 2 Truck 2", "New_ID": "1076_1", "dist_m": 1530, "time_sec": 255.0, "latitude": 8.37345, "longitude": 76.996102, "bay_no": 0, "direction": "R to L" }, "geometry": { "type": "Point", "coordinates": [ 76.996101542672235, 8.373450219742018 ] } },
{ "type": "Feature", "properties": { "Label": "1E35A to Parking Lane 2 Truck 2", "New_ID": "1077_1", "dist_m": 1533, "time_sec": 255.5, "latitude": 8.373471, "longitude": 76.996084, "bay_no": 0, "direction": "R to L" }, "geometry": { "type": "Point", "coordinates": [ 76.99608436825433, 8.373471266452748 ] } },
{ "type": "Feature", "properties": { "Label": "1E35A to Parking Lane 2 Truck 2", "New_ID": "1078_1", "dist_m": 1536, "time_sec": 256.0, "latitude": 8.373492, "longitude": 76.996067, "bay_no": 0, "direction": "R to L" }, "geometry": { "type": "Point", "coordinates": [ 76.996067193834676, 8.37349231316314 ] } },
{ "type": "Feature", "properties": { "Label": "1E35A to Parking Lane 2 Truck 2", "New_ID": "1079_1", "dist_m": 1539, "time_sec": 256.5, "latitude": 8.373513, "longitude": 76.99605, "bay_no": 0, "direction": "R to L" }, "geometry": { "type": "Point", "coordinates": [ 76.996050019413246, 8.373513359873199 ] } },
{ "type": "Feature", "properties": { "Label": "1E35A to Parking Lane 2 Truck 2", "New_ID": "1080_1", "dist_m": 1542, "time_sec": 257.0, "latitude": 8.373534, "longitude": 76.996033, "bay_no": 0, "direction": "R to L" }, "geometry": { "type": "Point", "coordinates": [ 76.996032844990083, 8.373534406582921 ] } },
{ "type": "Feature", "properties": { "Label": "1E35A to Parking Lane 2 Truck 2", "New_ID": "1081_1", "dist_m": 1545, "time_sec": 257.5, "latitude": 8.373555, "longitude": 76.996016, "bay_no": 0, "direction": "R to L" }, "geometry": { "type": "Point", "coordinates": [ 76.996015670565143, 8.373555453292308 ] } },
{ "type": "Feature", "properties": { "Label": "1E35A to Parking Lane 2 Truck 2", "New_ID": "1082_1", "dist_m": 1548, "time_sec": 258.0, "latitude": 8.373577, "longitude": 76.995998, "bay_no": 0, "direction": "R to L" }, "geometry": { "type": "Point", "coordinates": [ 76.995998496138455, 8.373576500001361 ] } },
{ "type": "Feature", "properties": { "Label": "1E35A to Parking Lane 2 Truck 2", "New_ID": "1083_1", "dist_m": 1551, "time_sec": 258.5, "latitude": 8.373598, "longitude": 76.995981, "bay_no": 0, "direction": "R to L" }, "geometry": { "type": "Point", "coordinates": [ 76.995981321710019, 8.373597546710078 ] } },
{ "type": "Feature", "properties": { "Label": "1E35A to Parking Lane 2 Truck 2", "New_ID": "1084_1", "dist_m": 1554, "time_sec": 259.0, "latitude": 8.373619, "longitude": 76.995964, "bay_no": 0, "direction": "R to L" }, "geometry": { "type": "Point", "coordinates": [ 76.995964147279821, 8.37361859341846 ] } },
{ "type": "Feature", "properties": { "Label": "1E35A to Parking Lane 2 Truck 2", "New_ID": "1085_1", "dist_m": 1557, "time_sec": 259.5, "latitude": 8.37364, "longitude": 76.995947, "bay_no": 0, "direction": "R to L" }, "geometry": { "type": "Point", "coordinates": [ 76.995946972847875, 8.373639640126505 ] } },
{ "type": "Feature", "properties": { "Label": "1E35A to Parking Lane 2 Truck 2", "New_ID": "1086_1", "dist_m": 1560, "time_sec": 260.0, "latitude": 8.373661, "longitude": 76.99593, "bay_no": 0, "direction": "R to L" }, "geometry": { "type": "Point", "coordinates": [ 76.995929798414167, 8.373660686834217 ] } },
{ "type": "Feature", "properties": { "Label": "1E35A to Parking Lane 2 Truck 2", "New_ID": "1087_1", "dist_m": 1563, "time_sec": 260.5, "latitude": 8.373682, "longitude": 76.995913, "bay_no": 0, "direction": "R to L" }, "geometry": { "type": "Point", "coordinates": [ 76.995912623978683, 8.373681733541593 ] } },
{ "type": "Feature", "properties": { "Label": "1E35A to Parking Lane 2 Truck 2", "New_ID": "1088_1", "dist_m": 1566, "time_sec": 261.0, "latitude": 8.373703, "longitude": 76.995895, "bay_no": 0, "direction": "R to L" }, "geometry": { "type": "Point", "coordinates": [ 76.995895449541464, 8.373702780248632 ] } },
{ "type": "Feature", "properties": { "Label": "1E35A to Parking Lane 2 Truck 2", "New_ID": "1089_1", "dist_m": 1569, "time_sec": 261.5, "latitude": 8.373724, "longitude": 76.995878, "bay_no": 0, "direction": "R to L" }, "geometry": { "type": "Point", "coordinates": [ 76.99587827510247, 8.373723826955338 ] } },
{ "type": "Feature", "properties": { "Label": "1E35A to Parking Lane 2 Truck 2", "New_ID": "1090_1", "dist_m": 1572, "time_sec": 262.0, "latitude": 8.373745, "longitude": 76.995861, "bay_no": 0, "direction": "R to L" }, "geometry": { "type": "Point", "coordinates": [ 76.995861100661742, 8.373744873661709 ] } },
{ "type": "Feature", "properties": { "Label": "1E35A to Parking Lane 2 Truck 2", "New_ID": "1091_1", "dist_m": 1575, "time_sec": 262.5, "latitude": 8.373766, "longitude": 76.995844, "bay_no": 0, "direction": "R to L" }, "geometry": { "type": "Point", "coordinates": [ 76.995843926219251, 8.373765920367743 ] } },
{ "type": "Feature", "properties": { "Label": "1E35A to Parking Lane 2 Truck 2", "New_ID": "1092_1", "dist_m": 1578, "time_sec": 263.0, "latitude": 8.373787, "longitude": 76.995827, "bay_no": 0, "direction": "R to L" }, "geometry": { "type": "Point", "coordinates": [ 76.995826751774999, 8.373786967073443 ] } },
{ "type": "Feature", "properties": { "Label": "1E35A to Parking Lane 2 Truck 2", "New_ID": "1093_1", "dist_m": 1581, "time_sec": 263.5, "latitude": 8.373808, "longitude": 76.99581, "bay_no": 0, "direction": "R to L" }, "geometry": { "type": "Point", "coordinates": [ 76.995809577328998, 8.373808013778806 ] } },
{ "type": "Feature", "properties": { "Label": "1E35A to Parking Lane 2 Truck 2", "New_ID": "1094_1", "dist_m": 1584, "time_sec": 264.0, "latitude": 8.373829, "longitude": 76.995792, "bay_no": 0, "direction": "R to L" }, "geometry": { "type": "Point", "coordinates": [ 76.995792402881222, 8.373829060483835 ] } },
{ "type": "Feature", "properties": { "Label": "1E35A to Parking Lane 2 Truck 2", "New_ID": "1095_1", "dist_m": 1587, "time_sec": 264.5, "latitude": 8.37385, "longitude": 76.995775, "bay_no": 0, "direction": "R to L" }, "geometry": { "type": "Point", "coordinates": [ 76.995775228431697, 8.373850107188529 ] } },
{ "type": "Feature", "properties": { "Label": "1E35A to Parking Lane 2 Truck 2", "New_ID": "1096_1", "dist_m": 1590, "time_sec": 265.0, "latitude": 8.373871, "longitude": 76.995758, "bay_no": 0, "direction": "R to L" }, "geometry": { "type": "Point", "coordinates": [ 76.995758053980424, 8.373871153892887 ] } },
{ "type": "Feature", "properties": { "Label": "1E35A to Parking Lane 2 Truck 2", "New_ID": "1097_1", "dist_m": 1593, "time_sec": 265.5, "latitude": 8.373892, "longitude": 76.995741, "bay_no": 0, "direction": "R to L" }, "geometry": { "type": "Point", "coordinates": [ 76.995740879527389, 8.373892200596909 ] } },
{ "type": "Feature", "properties": { "Label": "1E35A to Parking Lane 2 Truck 2", "New_ID": "1098_1", "dist_m": 1596, "time_sec": 266.0, "latitude": 8.373913, "longitude": 76.995724, "bay_no": 0, "direction": "R to L" }, "geometry": { "type": "Point", "coordinates": [ 76.995723705072606, 8.373913247300596 ] } },
{ "type": "Feature", "properties": { "Label": "1E35A to Parking Lane 2 Truck 2", "New_ID": "1099_1", "dist_m": 1599, "time_sec": 266.5, "latitude": 8.373934, "longitude": 76.995707, "bay_no": 0, "direction": "R to L" }, "geometry": { "type": "Point", "coordinates": [ 76.995706530616062, 8.373934294003949 ] } },
{ "type": "Feature", "properties": { "Label": "1E35A to Parking Lane 2 Truck 2", "New_ID": "1100_1", "dist_m": 1602, "time_sec": 267.0, "latitude": 8.373955, "longitude": 76.995689, "bay_no": 0, "direction": "R to L" }, "geometry": { "type": "Point", "coordinates": [ 76.995689356157754, 8.373955340706964 ] } },
{ "type": "Feature", "properties": { "Label": "1E35A to Parking Lane 2 Truck 2", "New_ID": "1101_1", "dist_m": 1605, "time_sec": 267.5, "latitude": 8.373973, "longitude": 76.995703, "bay_no": 0, "direction": "D to U" }, "geometry": { "type": "Point", "coordinates": [ 76.99570280046413, 8.373973444171538 ] } },
{ "type": "Feature", "properties": { "Label": "1E35A to Parking Lane 2 Truck 2", "New_ID": "1102_1", "dist_m": 1608, "time_sec": 268.0, "latitude": 8.373991, "longitude": 76.995724, "bay_no": 0, "direction": "D to U" }, "geometry": { "type": "Point", "coordinates": [ 76.995723700104051, 8.373990830988642 ] } },
{ "type": "Feature", "properties": { "Label": "1E35A to Parking Lane 2 Truck 2", "New_ID": "1103_1", "dist_m": 1611, "time_sec": 268.5, "latitude": 8.374008, "longitude": 76.995745, "bay_no": 0, "direction": "D to U" }, "geometry": { "type": "Point", "coordinates": [ 76.995744599745748, 8.374008217804191 ] } },
{ "type": "Feature", "properties": { "Label": "1E35A to Parking Lane 2 Truck 2", "New_ID": "1104_1", "dist_m": 1614, "time_sec": 269.0, "latitude": 8.374026, "longitude": 76.995765, "bay_no": 0, "direction": "D to U" }, "geometry": { "type": "Point", "coordinates": [ 76.995765499389208, 8.374025604618181 ] } },
{ "type": "Feature", "properties": { "Label": "1E35A to Parking Lane 2 Truck 2", "New_ID": "1105_1", "dist_m": 1617, "time_sec": 269.5, "latitude": 8.374043, "longitude": 76.995786, "bay_no": 0, "direction": "D to U" }, "geometry": { "type": "Point", "coordinates": [ 76.995786399034458, 8.374042991430612 ] } },
{ "type": "Feature", "properties": { "Label": "1E35A to Parking Lane 2 Truck 2", "New_ID": "1106_1", "dist_m": 1620, "time_sec": 270.0, "latitude": 8.37406, "longitude": 76.995807, "bay_no": 0, "direction": "D to U" }, "geometry": { "type": "Point", "coordinates": [ 76.995807298681498, 8.374060378241492 ] } },
{ "type": "Feature", "properties": { "Label": "1E35A to Parking Lane 2 Truck 2", "New_ID": "1107_1", "dist_m": 1623, "time_sec": 270.5, "latitude": 8.374078, "longitude": 76.995828, "bay_no": 0, "direction": "D to U" }, "geometry": { "type": "Point", "coordinates": [ 76.995828198330301, 8.374077765050812 ] } },
{ "type": "Feature", "properties": { "Label": "1E35A to Parking Lane 2 Truck 2", "New_ID": "1108_1", "dist_m": 1626, "time_sec": 271.0, "latitude": 8.374095, "longitude": 76.995849, "bay_no": 0, "direction": "D to U" }, "geometry": { "type": "Point", "coordinates": [ 76.99584909798088, 8.374095151858572 ] } },
{ "type": "Feature", "properties": { "Label": "1E35A to Parking Lane 2 Truck 2", "New_ID": "1109_1", "dist_m": 1629, "time_sec": 271.5, "latitude": 8.374113, "longitude": 76.99587, "bay_no": 0, "direction": "D to U" }, "geometry": { "type": "Point", "coordinates": [ 76.99586999763325, 8.374112538664781 ] } },
{ "type": "Feature", "properties": { "Label": "1E35A to Parking Lane 2 Truck 2", "New_ID": "1110_1", "dist_m": 1632, "time_sec": 272.0, "latitude": 8.37413, "longitude": 76.995891, "bay_no": 0, "direction": "D to U" }, "geometry": { "type": "Point", "coordinates": [ 76.995890897287381, 8.374129925469431 ] } },
{ "type": "Feature", "properties": { "Label": "1E35A to Parking Lane 2 Truck 2", "New_ID": "1111_1", "dist_m": 1635, "time_sec": 272.5, "latitude": 8.374147, "longitude": 76.995912, "bay_no": 0, "direction": "D to U" }, "geometry": { "type": "Point", "coordinates": [ 76.995911796943304, 8.374147312272523 ] } },
{ "type": "Feature", "properties": { "Label": "1E35A to Parking Lane 2 Truck 2", "New_ID": "1112_1", "dist_m": 1638, "time_sec": 273.0, "latitude": 8.374165, "longitude": 76.995933, "bay_no": 0, "direction": "D to U" }, "geometry": { "type": "Point", "coordinates": [ 76.995932696601002, 8.374164699074059 ] } },
{ "type": "Feature", "properties": { "Label": "1E35A to Parking Lane 2 Truck 2", "New_ID": "1113_1", "dist_m": 1641, "time_sec": 273.5, "latitude": 8.374182, "longitude": 76.995954, "bay_no": 0, "direction": "D to U" }, "geometry": { "type": "Point", "coordinates": [ 76.995953596260478, 8.37418208587404 ] } },
{ "type": "Feature", "properties": { "Label": "1E35A to Parking Lane 2 Truck 2", "New_ID": "1114_1", "dist_m": 1644, "time_sec": 274.0, "latitude": 8.374199, "longitude": 76.995974, "bay_no": 0, "direction": "D to U" }, "geometry": { "type": "Point", "coordinates": [ 76.995974495921729, 8.37419947267246 ] } },
{ "type": "Feature", "properties": { "Label": "1E35A to Parking Lane 2 Truck 2", "New_ID": "1115_1", "dist_m": 1647, "time_sec": 274.5, "latitude": 8.374217, "longitude": 76.995995, "bay_no": 0, "direction": "D to U" }, "geometry": { "type": "Point", "coordinates": [ 76.995995395584757, 8.374216859469325 ] } },
{ "type": "Feature", "properties": { "Label": "1E35A to Parking Lane 2 Truck 2", "New_ID": "1116_1", "dist_m": 1650, "time_sec": 275.0, "latitude": 8.374234, "longitude": 76.996016, "bay_no": 0, "direction": "D to U" }, "geometry": { "type": "Point", "coordinates": [ 76.996016295249575, 8.374234246264633 ] } },
{ "type": "Feature", "properties": { "Label": "1E35A to Parking Lane 2 Truck 2", "New_ID": "1117_1", "dist_m": 1653, "time_sec": 275.5, "latitude": 8.374252, "longitude": 76.996037, "bay_no": 0, "direction": "D to U" }, "geometry": { "type": "Point", "coordinates": [ 76.996037194916155, 8.374251633058385 ] } },
{ "type": "Feature", "properties": { "Label": "1E35A to Parking Lane 2 Truck 2", "New_ID": "1118_1", "dist_m": 1656, "time_sec": 276.0, "latitude": 8.374269, "longitude": 76.996058, "bay_no": 0, "direction": "D to U" }, "geometry": { "type": "Point", "coordinates": [ 76.996058094584527, 8.37426901985058 ] } },
{ "type": "Feature", "properties": { "Label": "1E35A to Parking Lane 2 Truck 2", "New_ID": "1119_1", "dist_m": 1659, "time_sec": 276.5, "latitude": 8.374286, "longitude": 76.996079, "bay_no": 0, "direction": "D to U" }, "geometry": { "type": "Point", "coordinates": [ 76.99607899425466, 8.374286406641218 ] } },
{ "type": "Feature", "properties": { "Label": "1E35A to Parking Lane 2 Truck 2", "New_ID": "1120_1", "dist_m": 1662, "time_sec": 277.0, "latitude": 8.374304, "longitude": 76.9961, "bay_no": 0, "direction": "D to U" }, "geometry": { "type": "Point", "coordinates": [ 76.996099893926583, 8.374303793430299 ] } },
{ "type": "Feature", "properties": { "Label": "1E35A to Parking Lane 2 Truck 2", "New_ID": "1121_1", "dist_m": 1665, "time_sec": 277.5, "latitude": 8.374321, "longitude": 76.996121, "bay_no": 0, "direction": "D to U" }, "geometry": { "type": "Point", "coordinates": [ 76.996120793600284, 8.374321180217821 ] } },
{ "type": "Feature", "properties": { "Label": "1E35A to Parking Lane 2 Truck 2", "New_ID": "1122_1", "dist_m": 1668, "time_sec": 278.0, "latitude": 8.374339, "longitude": 76.996142, "bay_no": 0, "direction": "D to U" }, "geometry": { "type": "Point", "coordinates": [ 76.99614169327576, 8.37433856700379 ] } },
{ "type": "Feature", "properties": { "Label": "1E35A to Parking Lane 2 Truck 2", "New_ID": "1123_1", "dist_m": 1671, "time_sec": 278.5, "latitude": 8.374356, "longitude": 76.996163, "bay_no": 0, "direction": "D to U" }, "geometry": { "type": "Point", "coordinates": [ 76.996162592953013, 8.3743559537882 ] } },
{ "type": "Feature", "properties": { "Label": "1E35A to Parking Lane 2 Truck 2", "New_ID": "1124_1", "dist_m": 1674, "time_sec": 279.0, "latitude": 8.374373, "longitude": 76.996183, "bay_no": 0, "direction": "D to U" }, "geometry": { "type": "Point", "coordinates": [ 76.996183492632056, 8.374373340571051 ] } },
{ "type": "Feature", "properties": { "Label": "1E35A to Parking Lane 2 Truck 2", "New_ID": "1125_1", "dist_m": 1677, "time_sec": 279.5, "latitude": 8.374391, "longitude": 76.996204, "bay_no": 0, "direction": "D to U" }, "geometry": { "type": "Point", "coordinates": [ 76.996204392312862, 8.374390727352347 ] } },
{ "type": "Feature", "properties": { "Label": "1E35A to Parking Lane 2 Truck 2", "New_ID": "1126_1", "dist_m": 1680, "time_sec": 280.0, "latitude": 8.374381, "longitude": 76.996223, "bay_no": 0, "direction": "L to R" }, "geometry": { "type": "Point", "coordinates": [ 76.99622264083834, 8.37438080785614 ] } },
{ "type": "Feature", "properties": { "Label": "1E35A to Parking Lane 2 Truck 2", "New_ID": "1127_1", "dist_m": 1683, "time_sec": 280.5, "latitude": 8.37436, "longitude": 76.99624, "bay_no": 0, "direction": "L to R" }, "geometry": { "type": "Point", "coordinates": [ 76.996239771730757, 8.374359726064784 ] } },
{ "type": "Feature", "properties": { "Label": "1E35A to Parking Lane 2 Truck 2", "New_ID": "1128_1", "dist_m": 1686, "time_sec": 281.0, "latitude": 8.374339, "longitude": 76.996257, "bay_no": 0, "direction": "L to R" }, "geometry": { "type": "Point", "coordinates": [ 76.996256834016222, 8.374338589070218 ] } },
{ "type": "Feature", "properties": { "Label": "1E35A to Parking Lane 2 Truck 2", "New_ID": "1129_1", "dist_m": 1689, "time_sec": 281.5, "latitude": 8.374317, "longitude": 76.996274, "bay_no": 0, "direction": "L to R" }, "geometry": { "type": "Point", "coordinates": [ 76.996273896299954, 8.374317452075324 ] } },
{ "type": "Feature", "properties": { "Label": "1E35A to Parking Lane 2 Truck 2", "New_ID": "1134_1", "dist_m": 1449, "time_sec": 241.5, "latitude": 8.372882, "longitude": 76.996565, "bay_no": 0, "direction": "R to L" }, "geometry": { "type": "Point", "coordinates": [ 76.996565424106691, 8.372881746645652 ] } },
{ "type": "Feature", "properties": { "Label": "1E35A to Parking Lane 2 Truck 2", "New_ID": "1125_1_1", "dist_m": 1678, "time_sec": 279.7, "latitude": 8.374396, "longitude": 76.99621, "bay_no": 0, "direction": "D to U" }, "geometry": { "type": "Point", "coordinates": [ 76.996210445643626, 8.374395762480979 ] } }
]
}
