{
"type": "FeatureCollection",
"name": "Parking to STS02 – Lane 2 Truck 2",
"crs": { "type": "name", "properties": { "name": "urn:ogc:def:crs:OGC:1.3:CRS84" } },
"xy_coordinate_resolution": 1e-15,
"features": [
{ "type": "Feature", "properties": { "Label": "Parking to STS02 – Lane 2 Truck 2", "New_ID": "567_1", "dist_m": 3, "time_sec": 0.5, "latitude": 8.374332, "longitude": 76.996262, "bay_no": 0, "direction": "R to L" }, "geometry": { "type": "Point", "coordinates": [ 76.996262396610462, 8.374331698051224 ] } },
{ "type": "Feature", "properties": { "Label": "Parking to STS02 – Lane 2 Truck 2", "New_ID": "568_1", "dist_m": 6, "time_sec": 1.0, "latitude": 8.374353, "longitude": 76.996245, "bay_no": 0, "direction": "R to L" }, "geometry": { "type": "Point", "coordinates": [ 76.996245334325565, 8.374352835045896 ] } },
{ "type": "Feature", "properties": { "Label": "Parking to STS02 – Lane 2 Truck 2", "New_ID": "569_1", "dist_m": 9, "time_sec": 1.5, "latitude": 8.374361, "longitude": 76.996227, "bay_no": 0, "direction": "U to D" }, "geometry": { "type": "Point", "coordinates": [ 76.996227024501778, 8.374361447956062 ] } },
{ "type": "Feature", "properties": { "Label": "Parking to STS02 – Lane 2 Truck 2", "New_ID": "570_1", "dist_m": 12, "time_sec": 2.0, "latitude": 8.374344, "longitude": 76.996206, "bay_no": 0, "direction": "U to D" }, "geometry": { "type": "Point", "coordinates": [ 76.996206124822336, 8.374344061175565 ] } },
{ "type": "Feature", "properties": { "Label": "Parking to STS02 – Lane 2 Truck 2", "New_ID": "571_1", "dist_m": 15, "time_sec": 2.5, "latitude": 8.374327, "longitude": 76.996185, "bay_no": 0, "direction": "U to D" }, "geometry": { "type": "Point", "coordinates": [ 76.996185225144657, 8.37432667439351 ] } },
{ "type": "Feature", "properties": { "Label": "Parking to STS02 – Lane 2 Truck 2", "New_ID": "572_1", "dist_m": 18, "time_sec": 3.0, "latitude": 8.374309, "longitude": 76.996164, "bay_no": 0, "direction": "U to D" }, "geometry": { "type": "Point", "coordinates": [ 76.99616432546874, 8.374309287609901 ] } },
{ "type": "Feature", "properties": { "Label": "Parking to STS02 – Lane 2 Truck 2", "New_ID": "573_1", "dist_m": 21, "time_sec": 3.5, "latitude": 8.374292, "longitude": 76.996143, "bay_no": 0, "direction": "U to D" }, "geometry": { "type": "Point", "coordinates": [ 76.996143425794628, 8.374291900824732 ] } },
{ "type": "Feature", "properties": { "Label": "Parking to STS02 – Lane 2 Truck 2", "New_ID": "574_1", "dist_m": 24, "time_sec": 4.0, "latitude": 8.374275, "longitude": 76.996123, "bay_no": 0, "direction": "U to D" }, "geometry": { "type": "Point", "coordinates": [ 76.996122526122278, 8.374274514038003 ] } },
{ "type": "Feature", "properties": { "Label": "Parking to STS02 – Lane 2 Truck 2", "New_ID": "575_1", "dist_m": 27, "time_sec": 4.5, "latitude": 8.374257, "longitude": 76.996102, "bay_no": 0, "direction": "U to D" }, "geometry": { "type": "Point", "coordinates": [ 76.996101626451718, 8.374257127249722 ] } },
{ "type": "Feature", "properties": { "Label": "Parking to STS02 – Lane 2 Truck 2", "New_ID": "576_1", "dist_m": 30, "time_sec": 5.0, "latitude": 8.37424, "longitude": 76.996081, "bay_no": 0, "direction": "U to D" }, "geometry": { "type": "Point", "coordinates": [ 76.996080726782935, 8.374239740459883 ] } },
{ "type": "Feature", "properties": { "Label": "Parking to STS02 – Lane 2 Truck 2", "New_ID": "577_1", "dist_m": 33, "time_sec": 5.5, "latitude": 8.374222, "longitude": 76.99606, "bay_no": 0, "direction": "U to D" }, "geometry": { "type": "Point", "coordinates": [ 76.996059827115928, 8.374222353668488 ] } },
{ "type": "Feature", "properties": { "Label": "Parking to STS02 – Lane 2 Truck 2", "New_ID": "578_1", "dist_m": 36, "time_sec": 6.0, "latitude": 8.374205, "longitude": 76.996039, "bay_no": 0, "direction": "U to D" }, "geometry": { "type": "Point", "coordinates": [ 76.996038927450684, 8.374204966875533 ] } },
{ "type": "Feature", "properties": { "Label": "Parking to STS02 – Lane 2 Truck 2", "New_ID": "579_1", "dist_m": 39, "time_sec": 6.5, "latitude": 8.374188, "longitude": 76.996018, "bay_no": 0, "direction": "U to D" }, "geometry": { "type": "Point", "coordinates": [ 76.99601802778723, 8.374187580081024 ] } },
{ "type": "Feature", "properties": { "Label": "Parking to STS02 – Lane 2 Truck 2", "New_ID": "580_1", "dist_m": 42, "time_sec": 7.0, "latitude": 8.37417, "longitude": 76.995997, "bay_no": 0, "direction": "U to D" }, "geometry": { "type": "Point", "coordinates": [ 76.995997128125552, 8.374170193284955 ] } },
{ "type": "Feature", "properties": { "Label": "Parking to STS02 – Lane 2 Truck 2", "New_ID": "581_1", "dist_m": 45, "time_sec": 7.5, "latitude": 8.374153, "longitude": 76.995976, "bay_no": 0, "direction": "U to D" }, "geometry": { "type": "Point", "coordinates": [ 76.995976228465665, 8.374152806487333 ] } },
{ "type": "Feature", "properties": { "Label": "Parking to STS02 – Lane 2 Truck 2", "New_ID": "582_1", "dist_m": 48, "time_sec": 8.0, "latitude": 8.374135, "longitude": 76.995955, "bay_no": 0, "direction": "U to D" }, "geometry": { "type": "Point", "coordinates": [ 76.99595532880754, 8.374135419688152 ] } },
{ "type": "Feature", "properties": { "Label": "Parking to STS02 – Lane 2 Truck 2", "New_ID": "583_1", "dist_m": 51, "time_sec": 8.5, "latitude": 8.374118, "longitude": 76.995934, "bay_no": 0, "direction": "U to D" }, "geometry": { "type": "Point", "coordinates": [ 76.995934429151191, 8.374118032887415 ] } },
{ "type": "Feature", "properties": { "Label": "Parking to STS02 – Lane 2 Truck 2", "New_ID": "584_1", "dist_m": 54, "time_sec": 9.0, "latitude": 8.374101, "longitude": 76.995914, "bay_no": 0, "direction": "U to D" }, "geometry": { "type": "Point", "coordinates": [ 76.995913529496633, 8.37410064608512 ] } },
{ "type": "Feature", "properties": { "Label": "Parking to STS02 – Lane 2 Truck 2", "New_ID": "585_1", "dist_m": 57, "time_sec": 9.5, "latitude": 8.374083, "longitude": 76.995893, "bay_no": 0, "direction": "U to D" }, "geometry": { "type": "Point", "coordinates": [ 76.995892629843851, 8.374083259281269 ] } },
{ "type": "Feature", "properties": { "Label": "Parking to STS02 – Lane 2 Truck 2", "New_ID": "586_1", "dist_m": 60, "time_sec": 10.0, "latitude": 8.374066, "longitude": 76.995872, "bay_no": 0, "direction": "U to D" }, "geometry": { "type": "Point", "coordinates": [ 76.995871730192846, 8.374065872475862 ] } },
{ "type": "Feature", "properties": { "Label": "Parking to STS02 – Lane 2 Truck 2", "New_ID": "587_1", "dist_m": 63, "time_sec": 10.5, "latitude": 8.374048, "longitude": 76.995851, "bay_no": 0, "direction": "U to D" }, "geometry": { "type": "Point", "coordinates": [ 76.995850830543617, 8.374048485668897 ] } },
{ "type": "Feature", "properties": { "Label": "Parking to STS02 – Lane 2 Truck 2", "New_ID": "588_1", "dist_m": 66, "time_sec": 11.0, "latitude": 8.374031, "longitude": 76.99583, "bay_no": 0, "direction": "U to D" }, "geometry": { "type": "Point", "coordinates": [ 76.995829930896164, 8.374031098860375 ] } },
{ "type": "Feature", "properties": { "Label": "Parking to STS02 – Lane 2 Truck 2", "New_ID": "589_1", "dist_m": 69, "time_sec": 11.5, "latitude": 8.374014, "longitude": 76.995809, "bay_no": 0, "direction": "U to D" }, "geometry": { "type": "Point", "coordinates": [ 76.995809031250488, 8.374013712050296 ] } },
{ "type": "Feature", "properties": { "Label": "Parking to STS02 – Lane 2 Truck 2", "New_ID": "590_1", "dist_m": 72, "time_sec": 12.0, "latitude": 8.373996, "longitude": 76.995788, "bay_no": 0, "direction": "U to D" }, "geometry": { "type": "Point", "coordinates": [ 76.995788131606602, 8.373996325238661 ] } },
{ "type": "Feature", "properties": { "Label": "Parking to STS02 – Lane 2 Truck 2", "New_ID": "591_1", "dist_m": 75, "time_sec": 12.5, "latitude": 8.373979, "longitude": 76.995767, "bay_no": 0, "direction": "U to D" }, "geometry": { "type": "Point", "coordinates": [ 76.995767231964479, 8.37397893842547 ] } },
{ "type": "Feature", "properties": { "Label": "Parking to STS02 – Lane 2 Truck 2", "New_ID": "592_1", "dist_m": 78, "time_sec": 13.0, "latitude": 8.373962, "longitude": 76.995746, "bay_no": 0, "direction": "U to D" }, "geometry": { "type": "Point", "coordinates": [ 76.995746332324146, 8.373961551610719 ] } },
{ "type": "Feature", "properties": { "Label": "Parking to STS02 – Lane 2 Truck 2", "New_ID": "593_1", "dist_m": 81, "time_sec": 13.5, "latitude": 8.373944, "longitude": 76.995725, "bay_no": 0, "direction": "U to D" }, "geometry": { "type": "Point", "coordinates": [ 76.995725432685589, 8.373944164794413 ] } },
{ "type": "Feature", "properties": { "Label": "Parking to STS02 – Lane 2 Truck 2", "New_ID": "594_1", "dist_m": 84, "time_sec": 14.0, "latitude": 8.373927, "longitude": 76.995705, "bay_no": 0, "direction": "U to D" }, "geometry": { "type": "Point", "coordinates": [ 76.995704533048809, 8.37392677797655 ] } },
{ "type": "Feature", "properties": { "Label": "Parking to STS02 – Lane 2 Truck 2", "New_ID": "595_1", "dist_m": 87, "time_sec": 14.5, "latitude": 8.373909, "longitude": 76.995684, "bay_no": 0, "direction": "U to D" }, "geometry": { "type": "Point", "coordinates": [ 76.99568363341379, 8.373909391157131 ] } },
{ "type": "Feature", "properties": { "Label": "Parking to STS02 – Lane 2 Truck 2", "New_ID": "596_1", "dist_m": 90, "time_sec": 15.0, "latitude": 8.373892, "longitude": 76.995663, "bay_no": 0, "direction": "U to D" }, "geometry": { "type": "Point", "coordinates": [ 76.995662733780563, 8.373892004336156 ] } },
{ "type": "Feature", "properties": { "Label": "Parking to STS02 – Lane 2 Truck 2", "New_ID": "597_1", "dist_m": 93, "time_sec": 15.5, "latitude": 8.373875, "longitude": 76.995642, "bay_no": 0, "direction": "U to D" }, "geometry": { "type": "Point", "coordinates": [ 76.995641834149126, 8.373874617513623 ] } },
{ "type": "Feature", "properties": { "Label": "Parking to STS02 – Lane 2 Truck 2", "New_ID": "598_1", "dist_m": 96, "time_sec": 16.0, "latitude": 8.373857, "longitude": 76.995621, "bay_no": 0, "direction": "U to D" }, "geometry": { "type": "Point", "coordinates": [ 76.995620934519465, 8.373857230689534 ] } },
{ "type": "Feature", "properties": { "Label": "Parking to STS02 – Lane 2 Truck 2", "New_ID": "599_1", "dist_m": 99, "time_sec": 16.5, "latitude": 8.37384, "longitude": 76.9956, "bay_no": 0, "direction": "U to D" }, "geometry": { "type": "Point", "coordinates": [ 76.995600034891567, 8.373839843863886 ] } },
{ "type": "Feature", "properties": { "Label": "Parking to STS02 – Lane 2 Truck 2", "New_ID": "600_1", "dist_m": 102, "time_sec": 17.0, "latitude": 8.373822, "longitude": 76.995579, "bay_no": 0, "direction": "U to D" }, "geometry": { "type": "Point", "coordinates": [ 76.995579135265444, 8.373822457036685 ] } },
{ "type": "Feature", "properties": { "Label": "Parking to STS02 – Lane 2 Truck 2", "New_ID": "601_1", "dist_m": 105, "time_sec": 17.5, "latitude": 8.373805, "longitude": 76.995558, "bay_no": 0, "direction": "U to D" }, "geometry": { "type": "Point", "coordinates": [ 76.995558235641113, 8.373805070207922 ] } },
{ "type": "Feature", "properties": { "Label": "Parking to STS02 – Lane 2 Truck 2", "New_ID": "602_1", "dist_m": 108, "time_sec": 18.0, "latitude": 8.373788, "longitude": 76.995537, "bay_no": 0, "direction": "U to D" }, "geometry": { "type": "Point", "coordinates": [ 76.995537336018558, 8.373787683377607 ] } },
{ "type": "Feature", "properties": { "Label": "Parking to STS02 – Lane 2 Truck 2", "New_ID": "603_1", "dist_m": 111, "time_sec": 18.5, "latitude": 8.37377, "longitude": 76.995516, "bay_no": 0, "direction": "U to D" }, "geometry": { "type": "Point", "coordinates": [ 76.995516436397779, 8.373770296545732 ] } },
{ "type": "Feature", "properties": { "Label": "Parking to STS02 – Lane 2 Truck 2", "New_ID": "604_1", "dist_m": 114, "time_sec": 19.0, "latitude": 8.373753, "longitude": 76.995496, "bay_no": 0, "direction": "U to D" }, "geometry": { "type": "Point", "coordinates": [ 76.995495536778776, 8.373752909712305 ] } },
{ "type": "Feature", "properties": { "Label": "Parking to STS02 – Lane 2 Truck 2", "New_ID": "605_1", "dist_m": 117, "time_sec": 19.5, "latitude": 8.373736, "longitude": 76.995475, "bay_no": 0, "direction": "U to D" }, "geometry": { "type": "Point", "coordinates": [ 76.99547463716155, 8.373735522877316 ] } },
{ "type": "Feature", "properties": { "Label": "Parking to STS02 – Lane 2 Truck 2", "New_ID": "606_1", "dist_m": 120, "time_sec": 20.0, "latitude": 8.373718, "longitude": 76.995454, "bay_no": 0, "direction": "U to D" }, "geometry": { "type": "Point", "coordinates": [ 76.9954537375461, 8.373718136040774 ] } },
{ "type": "Feature", "properties": { "Label": "Parking to STS02 – Lane 2 Truck 2", "New_ID": "607_1", "dist_m": 123, "time_sec": 20.5, "latitude": 8.373701, "longitude": 76.995433, "bay_no": 0, "direction": "U to D" }, "geometry": { "type": "Point", "coordinates": [ 76.995432837932441, 8.373700749202673 ] } },
{ "type": "Feature", "properties": { "Label": "Parking to STS02 – Lane 2 Truck 2", "New_ID": "608_1", "dist_m": 126, "time_sec": 21.0, "latitude": 8.373683, "longitude": 76.995412, "bay_no": 0, "direction": "U to D" }, "geometry": { "type": "Point", "coordinates": [ 76.995411938320558, 8.373683362363016 ] } },
{ "type": "Feature", "properties": { "Label": "Parking to STS02 – Lane 2 Truck 2", "New_ID": "609_1", "dist_m": 129, "time_sec": 21.5, "latitude": 8.373666, "longitude": 76.995391, "bay_no": 0, "direction": "U to D" }, "geometry": { "type": "Point", "coordinates": [ 76.995391038710437, 8.373665975521801 ] } },
{ "type": "Feature", "properties": { "Label": "Parking to STS02 – Lane 2 Truck 2", "New_ID": "610_1", "dist_m": 132, "time_sec": 22.0, "latitude": 8.373649, "longitude": 76.99537, "bay_no": 0, "direction": "U to D" }, "geometry": { "type": "Point", "coordinates": [ 76.995370139102093, 8.373648588679032 ] } },
{ "type": "Feature", "properties": { "Label": "Parking to STS02 – Lane 2 Truck 2", "New_ID": "611_1", "dist_m": 135, "time_sec": 22.5, "latitude": 8.373631, "longitude": 76.995349, "bay_no": 0, "direction": "U to D" }, "geometry": { "type": "Point", "coordinates": [ 76.995349239495553, 8.373631201834705 ] } },
{ "type": "Feature", "properties": { "Label": "Parking to STS02 – Lane 2 Truck 2", "New_ID": "612_1", "dist_m": 138, "time_sec": 23.0, "latitude": 8.373614, "longitude": 76.995328, "bay_no": 0, "direction": "U to D" }, "geometry": { "type": "Point", "coordinates": [ 76.995328339890776, 8.373613814988822 ] } },
{ "type": "Feature", "properties": { "Label": "Parking to STS02 – Lane 2 Truck 2", "New_ID": "613_1", "dist_m": 141, "time_sec": 23.5, "latitude": 8.373596, "longitude": 76.995307, "bay_no": 0, "direction": "U to D" }, "geometry": { "type": "Point", "coordinates": [ 76.995307440287775, 8.373596428141383 ] } },
{ "type": "Feature", "properties": { "Label": "Parking to STS02 – Lane 2 Truck 2", "New_ID": "614_1", "dist_m": 144, "time_sec": 24.0, "latitude": 8.373579, "longitude": 76.995287, "bay_no": 0, "direction": "U to D" }, "geometry": { "type": "Point", "coordinates": [ 76.99528654068655, 8.373579041292386 ] } },
{ "type": "Feature", "properties": { "Label": "Parking to STS02 – Lane 2 Truck 2", "New_ID": "615_1", "dist_m": 147, "time_sec": 24.5, "latitude": 8.373562, "longitude": 76.995266, "bay_no": 0, "direction": "U to D" }, "geometry": { "type": "Point", "coordinates": [ 76.995265641087116, 8.373561654441831 ] } },
{ "type": "Feature", "properties": { "Label": "Parking to STS02 – Lane 2 Truck 2", "New_ID": "616_1", "dist_m": 150, "time_sec": 25.0, "latitude": 8.373544, "longitude": 76.995245, "bay_no": 0, "direction": "U to D" }, "geometry": { "type": "Point", "coordinates": [ 76.995244741489444, 8.373544267589722 ] } },
{ "type": "Feature", "properties": { "Label": "Parking to STS02 – Lane 2 Truck 2", "New_ID": "617_1", "dist_m": 153, "time_sec": 25.5, "latitude": 8.373527, "longitude": 76.995224, "bay_no": 0, "direction": "U to D" }, "geometry": { "type": "Point", "coordinates": [ 76.995223841893562, 8.373526880736055 ] } },
{ "type": "Feature", "properties": { "Label": "Parking to STS02 – Lane 2 Truck 2", "New_ID": "618_1", "dist_m": 156, "time_sec": 26.0, "latitude": 8.373509, "longitude": 76.995203, "bay_no": 0, "direction": "U to D" }, "geometry": { "type": "Point", "coordinates": [ 76.995202942299457, 8.373509493880832 ] } },
{ "type": "Feature", "properties": { "Label": "Parking to STS02 – Lane 2 Truck 2", "New_ID": "619_1", "dist_m": 159, "time_sec": 26.5, "latitude": 8.373492, "longitude": 76.995182, "bay_no": 0, "direction": "U to D" }, "geometry": { "type": "Point", "coordinates": [ 76.995182042707114, 8.373492107024051 ] } },
{ "type": "Feature", "properties": { "Label": "Parking to STS02 – Lane 2 Truck 2", "New_ID": "620_1", "dist_m": 162, "time_sec": 27.0, "latitude": 8.373475, "longitude": 76.995161, "bay_no": 0, "direction": "U to D" }, "geometry": { "type": "Point", "coordinates": [ 76.995161143116576, 8.373474720165715 ] } },
{ "type": "Feature", "properties": { "Label": "Parking to STS02 – Lane 2 Truck 2", "New_ID": "621_1", "dist_m": 165, "time_sec": 27.5, "latitude": 8.373457, "longitude": 76.99514, "bay_no": 0, "direction": "U to D" }, "geometry": { "type": "Point", "coordinates": [ 76.9951402435278, 8.37345733330582 ] } },
{ "type": "Feature", "properties": { "Label": "Parking to STS02 – Lane 2 Truck 2", "New_ID": "622_1", "dist_m": 168, "time_sec": 28.0, "latitude": 8.37344, "longitude": 76.995119, "bay_no": 0, "direction": "U to D" }, "geometry": { "type": "Point", "coordinates": [ 76.9951193439408, 8.373439946444373 ] } },
{ "type": "Feature", "properties": { "Label": "Parking to STS02 – Lane 2 Truck 2", "New_ID": "623_1", "dist_m": 171, "time_sec": 28.5, "latitude": 8.373423, "longitude": 76.995098, "bay_no": 0, "direction": "U to D" }, "geometry": { "type": "Point", "coordinates": [ 76.995098444355577, 8.373422559581364 ] } },
{ "type": "Feature", "properties": { "Label": "Parking to STS02 – Lane 2 Truck 2", "New_ID": "624_1", "dist_m": 174, "time_sec": 29.0, "latitude": 8.373405, "longitude": 76.995078, "bay_no": 0, "direction": "U to D" }, "geometry": { "type": "Point", "coordinates": [ 76.995077544772144, 8.373405172716803 ] } },
{ "type": "Feature", "properties": { "Label": "Parking to STS02 – Lane 2 Truck 2", "New_ID": "625_1", "dist_m": 177, "time_sec": 29.5, "latitude": 8.373388, "longitude": 76.995057, "bay_no": 0, "direction": "U to D" }, "geometry": { "type": "Point", "coordinates": [ 76.995056645190473, 8.373387785850682 ] } },
{ "type": "Feature", "properties": { "Label": "Parking to STS02 – Lane 2 Truck 2", "New_ID": "626_1", "dist_m": 180, "time_sec": 30.0, "latitude": 8.37337, "longitude": 76.995036, "bay_no": 0, "direction": "U to D" }, "geometry": { "type": "Point", "coordinates": [ 76.995035745610579, 8.373370398983006 ] } },
{ "type": "Feature", "properties": { "Label": "Parking to STS02 – Lane 2 Truck 2", "New_ID": "627_1", "dist_m": 183, "time_sec": 30.5, "latitude": 8.373353, "longitude": 76.995015, "bay_no": 0, "direction": "U to D" }, "geometry": { "type": "Point", "coordinates": [ 76.995014846032475, 8.373353012113775 ] } },
{ "type": "Feature", "properties": { "Label": "Parking to STS02 – Lane 2 Truck 2", "New_ID": "628_1", "dist_m": 186, "time_sec": 31.0, "latitude": 8.373336, "longitude": 76.994994, "bay_no": 0, "direction": "U to D" }, "geometry": { "type": "Point", "coordinates": [ 76.994993946456148, 8.373335625242985 ] } },
{ "type": "Feature", "properties": { "Label": "Parking to STS02 – Lane 2 Truck 2", "New_ID": "629_1", "dist_m": 189, "time_sec": 31.5, "latitude": 8.373318, "longitude": 76.994973, "bay_no": 0, "direction": "U to D" }, "geometry": { "type": "Point", "coordinates": [ 76.994973046881611, 8.373318238370638 ] } },
{ "type": "Feature", "properties": { "Label": "Parking to STS02 – Lane 2 Truck 2", "New_ID": "630_1", "dist_m": 192, "time_sec": 32.0, "latitude": 8.373301, "longitude": 76.994952, "bay_no": 0, "direction": "U to D" }, "geometry": { "type": "Point", "coordinates": [ 76.994952147308823, 8.373300851496737 ] } },
{ "type": "Feature", "properties": { "Label": "Parking to STS02 – Lane 2 Truck 2", "New_ID": "631_1", "dist_m": 195, "time_sec": 32.5, "latitude": 8.373283, "longitude": 76.994931, "bay_no": 0, "direction": "U to D" }, "geometry": { "type": "Point", "coordinates": [ 76.994931247737838, 8.373283464621279 ] } },
{ "type": "Feature", "properties": { "Label": "Parking to STS02 – Lane 2 Truck 2", "New_ID": "632_1", "dist_m": 198, "time_sec": 33.0, "latitude": 8.373266, "longitude": 76.99491, "bay_no": 0, "direction": "U to D" }, "geometry": { "type": "Point", "coordinates": [ 76.994910348168617, 8.373266077744262 ] } },
{ "type": "Feature", "properties": { "Label": "Parking to STS02 – Lane 2 Truck 2", "New_ID": "633_1", "dist_m": 201, "time_sec": 33.5, "latitude": 8.373249, "longitude": 76.994889, "bay_no": 0, "direction": "U to D" }, "geometry": { "type": "Point", "coordinates": [ 76.994889448601185, 8.373248690865692 ] } },
{ "type": "Feature", "properties": { "Label": "Parking to STS02 – Lane 2 Truck 2", "New_ID": "634_1", "dist_m": 204, "time_sec": 34.0, "latitude": 8.373231, "longitude": 76.994869, "bay_no": 0, "direction": "U to D" }, "geometry": { "type": "Point", "coordinates": [ 76.994868549035516, 8.373231303985563 ] } },
{ "type": "Feature", "properties": { "Label": "Parking to STS02 – Lane 2 Truck 2", "New_ID": "635_1", "dist_m": 207, "time_sec": 34.5, "latitude": 8.373214, "longitude": 76.994848, "bay_no": 0, "direction": "U to D" }, "geometry": { "type": "Point", "coordinates": [ 76.994847649471637, 8.373213917103879 ] } },
{ "type": "Feature", "properties": { "Label": "Parking to STS02 – Lane 2 Truck 2", "New_ID": "636_1", "dist_m": 210, "time_sec": 35.0, "latitude": 8.373197, "longitude": 76.994827, "bay_no": 0, "direction": "U to D" }, "geometry": { "type": "Point", "coordinates": [ 76.994826749909535, 8.373196530220637 ] } },
{ "type": "Feature", "properties": { "Label": "Parking to STS02 – Lane 2 Truck 2", "New_ID": "637_1", "dist_m": 213, "time_sec": 35.5, "latitude": 8.373179, "longitude": 76.994806, "bay_no": 0, "direction": "U to D" }, "geometry": { "type": "Point", "coordinates": [ 76.994805850349209, 8.373179143335838 ] } },
{ "type": "Feature", "properties": { "Label": "Parking to STS02 – Lane 2 Truck 2", "New_ID": "638_1", "dist_m": 216, "time_sec": 36.0, "latitude": 8.373162, "longitude": 76.994785, "bay_no": 0, "direction": "U to D" }, "geometry": { "type": "Point", "coordinates": [ 76.99478495079066, 8.373161756449484 ] } },
{ "type": "Feature", "properties": { "Label": "Parking to STS02 – Lane 2 Truck 2", "New_ID": "639_1", "dist_m": 219, "time_sec": 36.5, "latitude": 8.373144, "longitude": 76.994764, "bay_no": 0, "direction": "U to D" }, "geometry": { "type": "Point", "coordinates": [ 76.994764051233872, 8.373144369561572 ] } },
{ "type": "Feature", "properties": { "Label": "Parking to STS02 – Lane 2 Truck 2", "New_ID": "640_1", "dist_m": 222, "time_sec": 37.0, "latitude": 8.373127, "longitude": 76.994743, "bay_no": 0, "direction": "U to D" }, "geometry": { "type": "Point", "coordinates": [ 76.99474315167889, 8.373126982672105 ] } },
{ "type": "Feature", "properties": { "Label": "Parking to STS02 – Lane 2 Truck 2", "New_ID": "641_1", "dist_m": 225, "time_sec": 37.5, "latitude": 8.37311, "longitude": 76.994722, "bay_no": 0, "direction": "U to D" }, "geometry": { "type": "Point", "coordinates": [ 76.994722252125669, 8.373109595781083 ] } },
{ "type": "Feature", "properties": { "Label": "Parking to STS02 – Lane 2 Truck 2", "New_ID": "642_1", "dist_m": 228, "time_sec": 38.0, "latitude": 8.373092, "longitude": 76.994701, "bay_no": 0, "direction": "U to D" }, "geometry": { "type": "Point", "coordinates": [ 76.994701352574239, 8.373092208888501 ] } },
{ "type": "Feature", "properties": { "Label": "Parking to STS02 – Lane 2 Truck 2", "New_ID": "643_1", "dist_m": 231, "time_sec": 38.5, "latitude": 8.373075, "longitude": 76.99468, "bay_no": 0, "direction": "U to D" }, "geometry": { "type": "Point", "coordinates": [ 76.994680453024571, 8.373074821994363 ] } },
{ "type": "Feature", "properties": { "Label": "Parking to STS02 – Lane 2 Truck 2", "New_ID": "644_1", "dist_m": 234, "time_sec": 39.0, "latitude": 8.373057, "longitude": 76.99466, "bay_no": 0, "direction": "U to D" }, "geometry": { "type": "Point", "coordinates": [ 76.994659553476694, 8.373057435098673 ] } },
{ "type": "Feature", "properties": { "Label": "Parking to STS02 – Lane 2 Truck 2", "New_ID": "645_1", "dist_m": 237, "time_sec": 39.5, "latitude": 8.37304, "longitude": 76.994639, "bay_no": 0, "direction": "U to D" }, "geometry": { "type": "Point", "coordinates": [ 76.994638653930593, 8.373040048201423 ] } },
{ "type": "Feature", "properties": { "Label": "Parking to STS02 – Lane 2 Truck 2", "New_ID": "646_1", "dist_m": 240, "time_sec": 40.0, "latitude": 8.373023, "longitude": 76.994618, "bay_no": 0, "direction": "U to D" }, "geometry": { "type": "Point", "coordinates": [ 76.994617754386269, 8.373022661302617 ] } },
{ "type": "Feature", "properties": { "Label": "Parking to STS02 – Lane 2 Truck 2", "New_ID": "647_1", "dist_m": 243, "time_sec": 40.5, "latitude": 8.373005, "longitude": 76.994597, "bay_no": 0, "direction": "U to D" }, "geometry": { "type": "Point", "coordinates": [ 76.994596854843721, 8.373005274402253 ] } },
{ "type": "Feature", "properties": { "Label": "Parking to STS02 – Lane 2 Truck 2", "New_ID": "648_1", "dist_m": 246, "time_sec": 41.0, "latitude": 8.372988, "longitude": 76.994576, "bay_no": 0, "direction": "U to D" }, "geometry": { "type": "Point", "coordinates": [ 76.994575955302949, 8.372987887500338 ] } },
{ "type": "Feature", "properties": { "Label": "Parking to STS02 – Lane 2 Truck 2", "New_ID": "649_1", "dist_m": 249, "time_sec": 41.5, "latitude": 8.372971, "longitude": 76.994555, "bay_no": 0, "direction": "U to D" }, "geometry": { "type": "Point", "coordinates": [ 76.994555055763954, 8.37297050059686 ] } },
{ "type": "Feature", "properties": { "Label": "Parking to STS02 – Lane 2 Truck 2", "New_ID": "650_1", "dist_m": 252, "time_sec": 42.0, "latitude": 8.372953, "longitude": 76.994534, "bay_no": 0, "direction": "U to D" }, "geometry": { "type": "Point", "coordinates": [ 76.994534156226749, 8.372953113691828 ] } },
{ "type": "Feature", "properties": { "Label": "Parking to STS02 – Lane 2 Truck 2", "New_ID": "651_1", "dist_m": 255, "time_sec": 42.5, "latitude": 8.372936, "longitude": 76.994513, "bay_no": 0, "direction": "U to D" }, "geometry": { "type": "Point", "coordinates": [ 76.994513256691306, 8.37293572678524 ] } },
{ "type": "Feature", "properties": { "Label": "Parking to STS02 – Lane 2 Truck 2", "New_ID": "652_1", "dist_m": 258, "time_sec": 43.0, "latitude": 8.372918, "longitude": 76.994492, "bay_no": 0, "direction": "U to D" }, "geometry": { "type": "Point", "coordinates": [ 76.994492357157654, 8.372918339877097 ] } },
{ "type": "Feature", "properties": { "Label": "Parking to STS02 – Lane 2 Truck 2", "New_ID": "653_1", "dist_m": 261, "time_sec": 43.5, "latitude": 8.372901, "longitude": 76.994471, "bay_no": 0, "direction": "U to D" }, "geometry": { "type": "Point", "coordinates": [ 76.994471457625764, 8.372900952967395 ] } },
{ "type": "Feature", "properties": { "Label": "Parking to STS02 – Lane 2 Truck 2", "New_ID": "654_1", "dist_m": 264, "time_sec": 44.0, "latitude": 8.372884, "longitude": 76.994451, "bay_no": 0, "direction": "U to D" }, "geometry": { "type": "Point", "coordinates": [ 76.994450558095664, 8.37288356605614 ] } },
{ "type": "Feature", "properties": { "Label": "Parking to STS02 – Lane 2 Truck 2", "New_ID": "655_1", "dist_m": 267, "time_sec": 44.5, "latitude": 8.372866, "longitude": 76.99443, "bay_no": 0, "direction": "U to D" }, "geometry": { "type": "Point", "coordinates": [ 76.994429658567341, 8.372866179143326 ] } },
{ "type": "Feature", "properties": { "Label": "Parking to STS02 – Lane 2 Truck 2", "New_ID": "656_1", "dist_m": 270, "time_sec": 45.0, "latitude": 8.372849, "longitude": 76.994409, "bay_no": 0, "direction": "U to D" }, "geometry": { "type": "Point", "coordinates": [ 76.994408759040795, 8.372848792228959 ] } },
{ "type": "Feature", "properties": { "Label": "Parking to STS02 – Lane 2 Truck 2", "New_ID": "657_1", "dist_m": 273, "time_sec": 45.5, "latitude": 8.372831, "longitude": 76.994388, "bay_no": 0, "direction": "U to D" }, "geometry": { "type": "Point", "coordinates": [ 76.994387859516024, 8.372831405313029 ] } },
{ "type": "Feature", "properties": { "Label": "Parking to STS02 – Lane 2 Truck 2", "New_ID": "658_1", "dist_m": 276, "time_sec": 46.0, "latitude": 8.372814, "longitude": 76.994367, "bay_no": 0, "direction": "U to D" }, "geometry": { "type": "Point", "coordinates": [ 76.99436695999303, 8.372814018395548 ] } },
{ "type": "Feature", "properties": { "Label": "Parking to STS02 – Lane 2 Truck 2", "New_ID": "659_1", "dist_m": 279, "time_sec": 46.5, "latitude": 8.372797, "longitude": 76.994346, "bay_no": 0, "direction": "U to D" }, "geometry": { "type": "Point", "coordinates": [ 76.994346060471827, 8.372796631476509 ] } },
{ "type": "Feature", "properties": { "Label": "Parking to STS02 – Lane 2 Truck 2", "New_ID": "660_1", "dist_m": 282, "time_sec": 47.0, "latitude": 8.372779, "longitude": 76.994325, "bay_no": 0, "direction": "U to D" }, "geometry": { "type": "Point", "coordinates": [ 76.994325160952386, 8.372779244555916 ] } },
{ "type": "Feature", "properties": { "Label": "Parking to STS02 – Lane 2 Truck 2", "New_ID": "661_1", "dist_m": 285, "time_sec": 47.5, "latitude": 8.372762, "longitude": 76.994304, "bay_no": 0, "direction": "U to D" }, "geometry": { "type": "Point", "coordinates": [ 76.994304261434721, 8.37276185763376 ] } },
{ "type": "Feature", "properties": { "Label": "Parking to STS02 – Lane 2 Truck 2", "New_ID": "662_1", "dist_m": 288, "time_sec": 48.0, "latitude": 8.372744, "longitude": 76.994283, "bay_no": 0, "direction": "U to D" }, "geometry": { "type": "Point", "coordinates": [ 76.994283361918846, 8.372744470710057 ] } },
{ "type": "Feature", "properties": { "Label": "Parking to STS02 – Lane 2 Truck 2", "New_ID": "663_1", "dist_m": 291, "time_sec": 48.5, "latitude": 8.372727, "longitude": 76.994262, "bay_no": 0, "direction": "U to D" }, "geometry": { "type": "Point", "coordinates": [ 76.994262462404748, 8.37272708378479 ] } },
{ "type": "Feature", "properties": { "Label": "Parking to STS02 – Lane 2 Truck 2", "New_ID": "664_1", "dist_m": 294, "time_sec": 49.0, "latitude": 8.37271, "longitude": 76.994242, "bay_no": 0, "direction": "U to D" }, "geometry": { "type": "Point", "coordinates": [ 76.994241562892427, 8.372709696857971 ] } },
{ "type": "Feature", "properties": { "Label": "Parking to STS02 – Lane 2 Truck 2", "New_ID": "665_1", "dist_m": 297, "time_sec": 49.5, "latitude": 8.372692, "longitude": 76.994221, "bay_no": 0, "direction": "U to D" }, "geometry": { "type": "Point", "coordinates": [ 76.994220663381881, 8.372692309929594 ] } },
{ "type": "Feature", "properties": { "Label": "Parking to STS02 – Lane 2 Truck 2", "New_ID": "666_1", "dist_m": 300, "time_sec": 50.0, "latitude": 8.372675, "longitude": 76.9942, "bay_no": 0, "direction": "U to D" }, "geometry": { "type": "Point", "coordinates": [ 76.994199763873112, 8.372674922999661 ] } },
{ "type": "Feature", "properties": { "Label": "Parking to STS02 – Lane 2 Truck 2", "New_ID": "667_1", "dist_m": 303, "time_sec": 50.5, "latitude": 8.372658, "longitude": 76.994179, "bay_no": 0, "direction": "U to D" }, "geometry": { "type": "Point", "coordinates": [ 76.994178864366134, 8.372657536068173 ] } },
{ "type": "Feature", "properties": { "Label": "Parking to STS02 – Lane 2 Truck 2", "New_ID": "668_1", "dist_m": 306, "time_sec": 51.0, "latitude": 8.37264, "longitude": 76.994158, "bay_no": 0, "direction": "U to D" }, "geometry": { "type": "Point", "coordinates": [ 76.994157964860918, 8.372640149135128 ] } },
{ "type": "Feature", "properties": { "Label": "Parking to STS02 – Lane 2 Truck 2", "New_ID": "669_1", "dist_m": 309, "time_sec": 51.5, "latitude": 8.372619, "longitude": 76.994173, "bay_no": 0, "direction": "L to R" }, "geometry": { "type": "Point", "coordinates": [ 76.994172530979611, 8.37261935326276 ] } },
{ "type": "Feature", "properties": { "Label": "Parking to STS02 – Lane 2 Truck 2", "New_ID": "670_1", "dist_m": 312, "time_sec": 52.0, "latitude": 8.372598, "longitude": 76.99419, "bay_no": 0, "direction": "L to R" }, "geometry": { "type": "Point", "coordinates": [ 76.994189705552188, 8.372598306666582 ] } },
{ "type": "Feature", "properties": { "Label": "Parking to STS02 – Lane 2 Truck 2", "New_ID": "671_1", "dist_m": 315, "time_sec": 52.5, "latitude": 8.372577, "longitude": 76.994207, "bay_no": 0, "direction": "L to R" }, "geometry": { "type": "Point", "coordinates": [ 76.994206880123002, 8.372577260070074 ] } },
{ "type": "Feature", "properties": { "Label": "Parking to STS02 – Lane 2 Truck 2", "New_ID": "672_1", "dist_m": 318, "time_sec": 53.0, "latitude": 8.372556, "longitude": 76.994224, "bay_no": 0, "direction": "L to R" }, "geometry": { "type": "Point", "coordinates": [ 76.994224054692054, 8.372556213473231 ] } },
{ "type": "Feature", "properties": { "Label": "Parking to STS02 – Lane 2 Truck 2", "New_ID": "673_1", "dist_m": 321, "time_sec": 53.5, "latitude": 8.372535, "longitude": 76.994241, "bay_no": 0, "direction": "L to R" }, "geometry": { "type": "Point", "coordinates": [ 76.994241229259359, 8.372535166876053 ] } },
{ "type": "Feature", "properties": { "Label": "Parking to STS02 – Lane 2 Truck 2", "New_ID": "674_1", "dist_m": 324, "time_sec": 54.0, "latitude": 8.372514, "longitude": 76.994258, "bay_no": 0, "direction": "L to R" }, "geometry": { "type": "Point", "coordinates": [ 76.994258403824915, 8.372514120278542 ] } },
{ "type": "Feature", "properties": { "Label": "Parking to STS02 – Lane 2 Truck 2", "New_ID": "675_1", "dist_m": 327, "time_sec": 54.5, "latitude": 8.372493, "longitude": 76.994276, "bay_no": 0, "direction": "L to R" }, "geometry": { "type": "Point", "coordinates": [ 76.994275578388709, 8.372493073680694 ] } },
{ "type": "Feature", "properties": { "Label": "Parking to STS02 – Lane 2 Truck 2", "New_ID": "676_1", "dist_m": 330, "time_sec": 55.0, "latitude": 8.372472, "longitude": 76.994293, "bay_no": 0, "direction": "L to R" }, "geometry": { "type": "Point", "coordinates": [ 76.994292752950741, 8.372472027082507 ] } },
{ "type": "Feature", "properties": { "Label": "Parking to STS02 – Lane 2 Truck 2", "New_ID": "677_1", "dist_m": 333, "time_sec": 55.5, "latitude": 8.372451, "longitude": 76.99431, "bay_no": 0, "direction": "L to R" }, "geometry": { "type": "Point", "coordinates": [ 76.994309927511026, 8.372450980483988 ] } },
{ "type": "Feature", "properties": { "Label": "Parking to STS02 – Lane 2 Truck 2", "New_ID": "678_1", "dist_m": 336, "time_sec": 56.0, "latitude": 8.37243, "longitude": 76.994327, "bay_no": 0, "direction": "L to R" }, "geometry": { "type": "Point", "coordinates": [ 76.994327102069548, 8.372429933885133 ] } },
{ "type": "Feature", "properties": { "Label": "Parking to STS02 – Lane 2 Truck 2", "New_ID": "679_1", "dist_m": 339, "time_sec": 56.5, "latitude": 8.372409, "longitude": 76.994344, "bay_no": 0, "direction": "L to R" }, "geometry": { "type": "Point", "coordinates": [ 76.994344276626322, 8.372408887285941 ] } },
{ "type": "Feature", "properties": { "Label": "Parking to STS02 – Lane 2 Truck 2", "New_ID": "680_1", "dist_m": 342, "time_sec": 57.0, "latitude": 8.372388, "longitude": 76.994361, "bay_no": 0, "direction": "L to R" }, "geometry": { "type": "Point", "coordinates": [ 76.994361451181334, 8.372387840686413 ] } },
{ "type": "Feature", "properties": { "Label": "Parking to STS02 – Lane 2 Truck 2", "New_ID": "681_1", "dist_m": 345, "time_sec": 57.5, "latitude": 8.372367, "longitude": 76.994379, "bay_no": 0, "direction": "L to R" }, "geometry": { "type": "Point", "coordinates": [ 76.994378625734598, 8.372366794086552 ] } },
{ "type": "Feature", "properties": { "Label": "Parking to STS02 – Lane 2 Truck 2", "New_ID": "682_1", "dist_m": 348, "time_sec": 58.0, "latitude": 8.372346, "longitude": 76.994396, "bay_no": 0, "direction": "L to R" }, "geometry": { "type": "Point", "coordinates": [ 76.9943958002861, 8.372345747486353 ] } },
{ "type": "Feature", "properties": { "Label": "Parking to STS02 – Lane 2 Truck 2", "New_ID": "683_1", "dist_m": 351, "time_sec": 58.5, "latitude": 8.372325, "longitude": 76.994413, "bay_no": 0, "direction": "L to R" }, "geometry": { "type": "Point", "coordinates": [ 76.994412974835839, 8.372324700885821 ] } },
{ "type": "Feature", "properties": { "Label": "Parking to STS02 – Lane 2 Truck 2", "New_ID": "684_1", "dist_m": 354, "time_sec": 59.0, "latitude": 8.372304, "longitude": 76.99443, "bay_no": 0, "direction": "L to R" }, "geometry": { "type": "Point", "coordinates": [ 76.994430149383831, 8.372303654284954 ] } },
{ "type": "Feature", "properties": { "Label": "Parking to STS02 – Lane 2 Truck 2", "New_ID": "685_1", "dist_m": 357, "time_sec": 59.5, "latitude": 8.372283, "longitude": 76.994447, "bay_no": 0, "direction": "L to R" }, "geometry": { "type": "Point", "coordinates": [ 76.994447323930046, 8.372282607683747 ] } },
{ "type": "Feature", "properties": { "Label": "Parking to STS02 – Lane 2 Truck 2", "New_ID": "686_1", "dist_m": 360, "time_sec": 60.0, "latitude": 8.372262, "longitude": 76.994464, "bay_no": 0, "direction": "L to R" }, "geometry": { "type": "Point", "coordinates": [ 76.994464498474528, 8.372261561082208 ] } },
{ "type": "Feature", "properties": { "Label": "Parking to STS02 – Lane 2 Truck 2", "New_ID": "687_1", "dist_m": 363, "time_sec": 60.5, "latitude": 8.372241, "longitude": 76.994482, "bay_no": 0, "direction": "L to R" }, "geometry": { "type": "Point", "coordinates": [ 76.994481673017262, 8.372240514480334 ] } },
{ "type": "Feature", "properties": { "Label": "Parking to STS02 – Lane 2 Truck 2", "New_ID": "688_1", "dist_m": 366, "time_sec": 61.0, "latitude": 8.372219, "longitude": 76.994499, "bay_no": 0, "direction": "L to R" }, "geometry": { "type": "Point", "coordinates": [ 76.994498847558205, 8.372219467878123 ] } },
{ "type": "Feature", "properties": { "Label": "Parking to STS02 – Lane 2 Truck 2", "New_ID": "689_1", "dist_m": 369, "time_sec": 61.5, "latitude": 8.372198, "longitude": 76.994516, "bay_no": 0, "direction": "L to R" }, "geometry": { "type": "Point", "coordinates": [ 76.994516022097415, 8.372198421275575 ] } },
{ "type": "Feature", "properties": { "Label": "Parking to STS02 – Lane 2 Truck 2", "New_ID": "690_1", "dist_m": 372, "time_sec": 62.0, "latitude": 8.372177, "longitude": 76.994533, "bay_no": 0, "direction": "L to R" }, "geometry": { "type": "Point", "coordinates": [ 76.994533196634876, 8.372177374672694 ] } },
{ "type": "Feature", "properties": { "Label": "Parking to STS02 – Lane 2 Truck 2", "New_ID": "691_1", "dist_m": 375, "time_sec": 62.5, "latitude": 8.372156, "longitude": 76.99455, "bay_no": 0, "direction": "L to R" }, "geometry": { "type": "Point", "coordinates": [ 76.994550371170561, 8.372156328069478 ] } },
{ "type": "Feature", "properties": { "Label": "Parking to STS02 – Lane 2 Truck 2", "New_ID": "692_1", "dist_m": 378, "time_sec": 63.0, "latitude": 8.372135, "longitude": 76.994568, "bay_no": 0, "direction": "L to R" }, "geometry": { "type": "Point", "coordinates": [ 76.994567545704513, 8.372135281465926 ] } },
{ "type": "Feature", "properties": { "Label": "Parking to STS02 – Lane 2 Truck 2", "New_ID": "693_1", "dist_m": 381, "time_sec": 63.5, "latitude": 8.372114, "longitude": 76.994585, "bay_no": 0, "direction": "L to R" }, "geometry": { "type": "Point", "coordinates": [ 76.994584720236688, 8.372114234862037 ] } },
{ "type": "Feature", "properties": { "Label": "Parking to STS02 – Lane 2 Truck 2", "New_ID": "694_1", "dist_m": 384, "time_sec": 64.0, "latitude": 8.372093, "longitude": 76.994602, "bay_no": 0, "direction": "L to R" }, "geometry": { "type": "Point", "coordinates": [ 76.994601894767115, 8.372093188257814 ] } },
{ "type": "Feature", "properties": { "Label": "Parking to STS02 – Lane 2 Truck 2", "New_ID": "695_1", "dist_m": 387, "time_sec": 64.5, "latitude": 8.372072, "longitude": 76.994619, "bay_no": 0, "direction": "L to R" }, "geometry": { "type": "Point", "coordinates": [ 76.99461906929578, 8.372072141653256 ] } },
{ "type": "Feature", "properties": { "Label": "Parking to STS02 – Lane 2 Truck 2", "New_ID": "696_1", "dist_m": 390, "time_sec": 65.0, "latitude": 8.372051, "longitude": 76.994636, "bay_no": 0, "direction": "L to R" }, "geometry": { "type": "Point", "coordinates": [ 76.994636243822697, 8.372051095048363 ] } },
{ "type": "Feature", "properties": { "Label": "Parking to STS02 – Lane 2 Truck 2", "New_ID": "697_1", "dist_m": 393, "time_sec": 65.5, "latitude": 8.37203, "longitude": 76.994653, "bay_no": 0, "direction": "L to R" }, "geometry": { "type": "Point", "coordinates": [ 76.994653418347852, 8.372030048443129 ] } },
{ "type": "Feature", "properties": { "Label": "Parking to STS02 – Lane 2 Truck 2", "New_ID": "698_1", "dist_m": 396, "time_sec": 66.0, "latitude": 8.372009, "longitude": 76.994671, "bay_no": 0, "direction": "L to R" }, "geometry": { "type": "Point", "coordinates": [ 76.994670592871259, 8.372009001837567 ] } },
{ "type": "Feature", "properties": { "Label": "Parking to STS02 – Lane 2 Truck 2", "New_ID": "699_1", "dist_m": 399, "time_sec": 66.5, "latitude": 8.371988, "longitude": 76.994688, "bay_no": 0, "direction": "L to R" }, "geometry": { "type": "Point", "coordinates": [ 76.994687767392904, 8.371987955231665 ] } },
{ "type": "Feature", "properties": { "Label": "Parking to STS02 – Lane 2 Truck 2", "New_ID": "700_1", "dist_m": 402, "time_sec": 67.0, "latitude": 8.371967, "longitude": 76.994705, "bay_no": 0, "direction": "L to R" }, "geometry": { "type": "Point", "coordinates": [ 76.994704941912786, 8.37196690862543 ] } },
{ "type": "Feature", "properties": { "Label": "Parking to STS02 – Lane 2 Truck 2", "New_ID": "701_1", "dist_m": 405, "time_sec": 67.5, "latitude": 8.371946, "longitude": 76.994722, "bay_no": 0, "direction": "L to R" }, "geometry": { "type": "Point", "coordinates": [ 76.994722116430921, 8.371945862018858 ] } },
{ "type": "Feature", "properties": { "Label": "Parking to STS02 – Lane 2 Truck 2", "New_ID": "702_1", "dist_m": 408, "time_sec": 68.0, "latitude": 8.371925, "longitude": 76.994739, "bay_no": 0, "direction": "L to R" }, "geometry": { "type": "Point", "coordinates": [ 76.994739290947294, 8.371924815411951 ] } },
{ "type": "Feature", "properties": { "Label": "Parking to STS02 – Lane 2 Truck 2", "New_ID": "703_1", "dist_m": 411, "time_sec": 68.5, "latitude": 8.371904, "longitude": 76.994756, "bay_no": 0, "direction": "L to R" }, "geometry": { "type": "Point", "coordinates": [ 76.994756465461919, 8.371903768804708 ] } },
{ "type": "Feature", "properties": { "Label": "Parking to STS02 – Lane 2 Truck 2", "New_ID": "704_1", "dist_m": 414, "time_sec": 69.0, "latitude": 8.371883, "longitude": 76.994774, "bay_no": 0, "direction": "L to R" }, "geometry": { "type": "Point", "coordinates": [ 76.994773639974781, 8.371882722197132 ] } },
{ "type": "Feature", "properties": { "Label": "Parking to STS02 – Lane 2 Truck 2", "New_ID": "705_1", "dist_m": 417, "time_sec": 69.5, "latitude": 8.371862, "longitude": 76.994791, "bay_no": 0, "direction": "L to R" }, "geometry": { "type": "Point", "coordinates": [ 76.994790814485881, 8.371861675589219 ] } },
{ "type": "Feature", "properties": { "Label": "Parking to STS02 – Lane 2 Truck 2", "New_ID": "706_1", "dist_m": 420, "time_sec": 70.0, "latitude": 8.371841, "longitude": 76.994808, "bay_no": 0, "direction": "L to R" }, "geometry": { "type": "Point", "coordinates": [ 76.994807988995234, 8.371840628980967 ] } },
{ "type": "Feature", "properties": { "Label": "Parking to STS02 – Lane 2 Truck 2", "New_ID": "707_1", "dist_m": 423, "time_sec": 70.5, "latitude": 8.37182, "longitude": 76.994825, "bay_no": 0, "direction": "L to R" }, "geometry": { "type": "Point", "coordinates": [ 76.994825163502838, 8.371819582372387 ] } },
{ "type": "Feature", "properties": { "Label": "Parking to STS02 – Lane 2 Truck 2", "New_ID": "708_1", "dist_m": 426, "time_sec": 71.0, "latitude": 8.371799, "longitude": 76.994842, "bay_no": 0, "direction": "L to R" }, "geometry": { "type": "Point", "coordinates": [ 76.994842338008681, 8.371798535763467 ] } },
{ "type": "Feature", "properties": { "Label": "Parking to STS02 – Lane 2 Truck 2", "New_ID": "709_1", "dist_m": 429, "time_sec": 71.5, "latitude": 8.371777, "longitude": 76.99486, "bay_no": 0, "direction": "L to R" }, "geometry": { "type": "Point", "coordinates": [ 76.994859512512775, 8.371777489154216 ] } },
{ "type": "Feature", "properties": { "Label": "Parking to STS02 – Lane 2 Truck 2", "New_ID": "710_1", "dist_m": 432, "time_sec": 72.0, "latitude": 8.371756, "longitude": 76.994877, "bay_no": 0, "direction": "L to R" }, "geometry": { "type": "Point", "coordinates": [ 76.994876687015093, 8.371756442544623 ] } },
{ "type": "Feature", "properties": { "Label": "Parking to STS02 – Lane 2 Truck 2", "New_ID": "711_1", "dist_m": 435, "time_sec": 72.5, "latitude": 8.371735, "longitude": 76.994894, "bay_no": 0, "direction": "L to R" }, "geometry": { "type": "Point", "coordinates": [ 76.994893861515664, 8.371735395934698 ] } },
{ "type": "Feature", "properties": { "Label": "Parking to STS02 – Lane 2 Truck 2", "New_ID": "712_1", "dist_m": 438, "time_sec": 73.0, "latitude": 8.371714, "longitude": 76.994911, "bay_no": 0, "direction": "L to R" }, "geometry": { "type": "Point", "coordinates": [ 76.994911036014486, 8.371714349324439 ] } },
{ "type": "Feature", "properties": { "Label": "Parking to STS02 – Lane 2 Truck 2", "New_ID": "713_1", "dist_m": 441, "time_sec": 73.5, "latitude": 8.371693, "longitude": 76.994928, "bay_no": 0, "direction": "L to R" }, "geometry": { "type": "Point", "coordinates": [ 76.994928210511546, 8.371693302713844 ] } },
{ "type": "Feature", "properties": { "Label": "Parking to STS02 – Lane 2 Truck 2", "New_ID": "714_1", "dist_m": 444, "time_sec": 74.0, "latitude": 8.371672, "longitude": 76.994945, "bay_no": 0, "direction": "L to R" }, "geometry": { "type": "Point", "coordinates": [ 76.994945385006844, 8.37167225610291 ] } },
{ "type": "Feature", "properties": { "Label": "Parking to STS02 – Lane 2 Truck 2", "New_ID": "715_1", "dist_m": 447, "time_sec": 74.5, "latitude": 8.371651, "longitude": 76.994963, "bay_no": 0, "direction": "L to R" }, "geometry": { "type": "Point", "coordinates": [ 76.994962559500394, 8.371651209491644 ] } },
{ "type": "Feature", "properties": { "Label": "Parking to STS02 – Lane 2 Truck 2", "New_ID": "716_1", "dist_m": 450, "time_sec": 75.0, "latitude": 8.37163, "longitude": 76.99498, "bay_no": 0, "direction": "L to R" }, "geometry": { "type": "Point", "coordinates": [ 76.994979733992182, 8.371630162880042 ] } },
{ "type": "Feature", "properties": { "Label": "Parking to STS02 – Lane 2 Truck 2", "New_ID": "717_1", "dist_m": 453, "time_sec": 75.5, "latitude": 8.371609, "longitude": 76.994997, "bay_no": 0, "direction": "L to R" }, "geometry": { "type": "Point", "coordinates": [ 76.994996908482221, 8.371609116268106 ] } },
{ "type": "Feature", "properties": { "Label": "Parking to STS02 – Lane 2 Truck 2", "New_ID": "718_1", "dist_m": 456, "time_sec": 76.0, "latitude": 8.371588, "longitude": 76.995014, "bay_no": 0, "direction": "L to R" }, "geometry": { "type": "Point", "coordinates": [ 76.995014082970499, 8.371588069655832 ] } },
{ "type": "Feature", "properties": { "Label": "Parking to STS02 – Lane 2 Truck 2", "New_ID": "719_1", "dist_m": 459, "time_sec": 76.5, "latitude": 8.371567, "longitude": 76.995031, "bay_no": 0, "direction": "L to R" }, "geometry": { "type": "Point", "coordinates": [ 76.995031257457029, 8.371567023043225 ] } },
{ "type": "Feature", "properties": { "Label": "Parking to STS02 – Lane 2 Truck 2", "New_ID": "720_1", "dist_m": 462, "time_sec": 77.0, "latitude": 8.371546, "longitude": 76.995048, "bay_no": 0, "direction": "L to R" }, "geometry": { "type": "Point", "coordinates": [ 76.995048431941797, 8.371545976430282 ] } },
{ "type": "Feature", "properties": { "Label": "Parking to STS02 – Lane 2 Truck 2", "New_ID": "721_1", "dist_m": 465, "time_sec": 77.5, "latitude": 8.371525, "longitude": 76.995066, "bay_no": 0, "direction": "L to R" }, "geometry": { "type": "Point", "coordinates": [ 76.995065606424802, 8.371524929817003 ] } },
{ "type": "Feature", "properties": { "Label": "Parking to STS02 – Lane 2 Truck 2", "New_ID": "722_1", "dist_m": 468, "time_sec": 78.0, "latitude": 8.371504, "longitude": 76.995083, "bay_no": 0, "direction": "L to R" }, "geometry": { "type": "Point", "coordinates": [ 76.99508278090606, 8.37150388320339 ] } },
{ "type": "Feature", "properties": { "Label": "Parking to STS02 – Lane 2 Truck 2", "New_ID": "723_1", "dist_m": 471, "time_sec": 78.5, "latitude": 8.371483, "longitude": 76.9951, "bay_no": 0, "direction": "L to R" }, "geometry": { "type": "Point", "coordinates": [ 76.99509995538557, 8.37148283658944 ] } },
{ "type": "Feature", "properties": { "Label": "Parking to STS02 – Lane 2 Truck 2", "New_ID": "724_1", "dist_m": 474, "time_sec": 79.0, "latitude": 8.371462, "longitude": 76.995117, "bay_no": 0, "direction": "L to R" }, "geometry": { "type": "Point", "coordinates": [ 76.995117129863303, 8.371461789975156 ] } },
{ "type": "Feature", "properties": { "Label": "Parking to STS02 – Lane 2 Truck 2", "New_ID": "725_1", "dist_m": 477, "time_sec": 79.5, "latitude": 8.371441, "longitude": 76.995134, "bay_no": 0, "direction": "L to R" }, "geometry": { "type": "Point", "coordinates": [ 76.995134304339288, 8.371440743360536 ] } },
{ "type": "Feature", "properties": { "Label": "Parking to STS02 – Lane 2 Truck 2", "New_ID": "726_1", "dist_m": 480, "time_sec": 80.0, "latitude": 8.37142, "longitude": 76.995151, "bay_no": 0, "direction": "L to R" }, "geometry": { "type": "Point", "coordinates": [ 76.995151478813526, 8.371419696745582 ] } },
{ "type": "Feature", "properties": { "Label": "Parking to STS02 – Lane 2 Truck 2", "New_ID": "727_1", "dist_m": 483, "time_sec": 80.5, "latitude": 8.371399, "longitude": 76.995169, "bay_no": 0, "direction": "L to R" }, "geometry": { "type": "Point", "coordinates": [ 76.995168653286001, 8.371398650130292 ] } },
{ "type": "Feature", "properties": { "Label": "Parking to STS02 – Lane 2 Truck 2", "New_ID": "728_1", "dist_m": 486, "time_sec": 81.0, "latitude": 8.371378, "longitude": 76.995186, "bay_no": 0, "direction": "L to R" }, "geometry": { "type": "Point", "coordinates": [ 76.995185827756714, 8.371377603514667 ] } },
{ "type": "Feature", "properties": { "Label": "Parking to STS02 – Lane 2 Truck 2", "New_ID": "729_1", "dist_m": 489, "time_sec": 81.5, "latitude": 8.371357, "longitude": 76.995203, "bay_no": 0, "direction": "L to R" }, "geometry": { "type": "Point", "coordinates": [ 76.995203002225679, 8.371356556898707 ] } },
{ "type": "Feature", "properties": { "Label": "Parking to STS02 – Lane 2 Truck 2", "New_ID": "730_1", "dist_m": 492, "time_sec": 82.0, "latitude": 8.371336, "longitude": 76.99522, "bay_no": 0, "direction": "L to R" }, "geometry": { "type": "Point", "coordinates": [ 76.995220176692882, 8.37133551028241 ] } },
{ "type": "Feature", "properties": { "Label": "Parking to STS02 – Lane 2 Truck 2", "New_ID": "731_1", "dist_m": 495, "time_sec": 82.5, "latitude": 8.371314, "longitude": 76.995237, "bay_no": 0, "direction": "L to R" }, "geometry": { "type": "Point", "coordinates": [ 76.995237351158352, 8.371314463665781 ] } },
{ "type": "Feature", "properties": { "Label": "Parking to STS02 – Lane 2 Truck 2", "New_ID": "732_1", "dist_m": 498, "time_sec": 83.0, "latitude": 8.371293, "longitude": 76.995255, "bay_no": 0, "direction": "L to R" }, "geometry": { "type": "Point", "coordinates": [ 76.995254525622045, 8.371293417048815 ] } },
{ "type": "Feature", "properties": { "Label": "Parking to STS02 – Lane 2 Truck 2", "New_ID": "733_1", "dist_m": 501, "time_sec": 83.5, "latitude": 8.371272, "longitude": 76.995272, "bay_no": 0, "direction": "L to R" }, "geometry": { "type": "Point", "coordinates": [ 76.99527170008399, 8.371272370431512 ] } },
{ "type": "Feature", "properties": { "Label": "Parking to STS02 – Lane 2 Truck 2", "New_ID": "734_1", "dist_m": 504, "time_sec": 84.0, "latitude": 8.371251, "longitude": 76.995289, "bay_no": 0, "direction": "L to R" }, "geometry": { "type": "Point", "coordinates": [ 76.995288874544173, 8.371251323813876 ] } },
{ "type": "Feature", "properties": { "Label": "Parking to STS02 – Lane 2 Truck 2", "New_ID": "735_1", "dist_m": 507, "time_sec": 84.5, "latitude": 8.37123, "longitude": 76.995306, "bay_no": 0, "direction": "L to R" }, "geometry": { "type": "Point", "coordinates": [ 76.995306049002593, 8.371230277195904 ] } },
{ "type": "Feature", "properties": { "Label": "Parking to STS02 – Lane 2 Truck 2", "New_ID": "736_1", "dist_m": 510, "time_sec": 85.0, "latitude": 8.371209, "longitude": 76.995323, "bay_no": 0, "direction": "L to R" }, "geometry": { "type": "Point", "coordinates": [ 76.995323223459266, 8.371209230577598 ] } },
{ "type": "Feature", "properties": { "Label": "Parking to STS02 – Lane 2 Truck 2", "New_ID": "737_1", "dist_m": 513, "time_sec": 85.5, "latitude": 8.371188, "longitude": 76.99534, "bay_no": 0, "direction": "L to R" }, "geometry": { "type": "Point", "coordinates": [ 76.995340397914191, 8.371188183958957 ] } },
{ "type": "Feature", "properties": { "Label": "Parking to STS02 – Lane 2 Truck 2", "New_ID": "738_1", "dist_m": 516, "time_sec": 86.0, "latitude": 8.371167, "longitude": 76.995358, "bay_no": 0, "direction": "L to R" }, "geometry": { "type": "Point", "coordinates": [ 76.99535757236734, 8.371167137339979 ] } },
{ "type": "Feature", "properties": { "Label": "Parking to STS02 – Lane 2 Truck 2", "New_ID": "739_1", "dist_m": 519, "time_sec": 86.5, "latitude": 8.371146, "longitude": 76.995375, "bay_no": 0, "direction": "L to R" }, "geometry": { "type": "Point", "coordinates": [ 76.995374746818754, 8.371146090720668 ] } },
{ "type": "Feature", "properties": { "Label": "Parking to STS02 – Lane 2 Truck 2", "New_ID": "740_1", "dist_m": 522, "time_sec": 87.0, "latitude": 8.371125, "longitude": 76.995392, "bay_no": 0, "direction": "L to R" }, "geometry": { "type": "Point", "coordinates": [ 76.995391921268407, 8.371125044101019 ] } },
{ "type": "Feature", "properties": { "Label": "Parking to STS02 – Lane 2 Truck 2", "New_ID": "741_1", "dist_m": 525, "time_sec": 87.5, "latitude": 8.371104, "longitude": 76.995409, "bay_no": 0, "direction": "L to R" }, "geometry": { "type": "Point", "coordinates": [ 76.995409095716298, 8.371103997481033 ] } },
{ "type": "Feature", "properties": { "Label": "Parking to STS02 – Lane 2 Truck 2", "New_ID": "742_1", "dist_m": 528, "time_sec": 88.0, "latitude": 8.371083, "longitude": 76.995426, "bay_no": 0, "direction": "L to R" }, "geometry": { "type": "Point", "coordinates": [ 76.995426270162426, 8.371082950860716 ] } },
{ "type": "Feature", "properties": { "Label": "Parking to STS02 – Lane 2 Truck 2", "New_ID": "743_1", "dist_m": 531, "time_sec": 88.5, "latitude": 8.371062, "longitude": 76.995443, "bay_no": 0, "direction": "L to R" }, "geometry": { "type": "Point", "coordinates": [ 76.995443444606821, 8.371061904240063 ] } },
{ "type": "Feature", "properties": { "Label": "Parking to STS02 – Lane 2 Truck 2", "New_ID": "744_1", "dist_m": 534, "time_sec": 89.0, "latitude": 8.371041, "longitude": 76.995461, "bay_no": 0, "direction": "L to R" }, "geometry": { "type": "Point", "coordinates": [ 76.995460619049439, 8.371040857619075 ] } },
{ "type": "Feature", "properties": { "Label": "Parking to STS02 – Lane 2 Truck 2", "New_ID": "745_1", "dist_m": 537, "time_sec": 89.5, "latitude": 8.37102, "longitude": 76.995478, "bay_no": 0, "direction": "L to R" }, "geometry": { "type": "Point", "coordinates": [ 76.995477793490309, 8.371019810997753 ] } },
{ "type": "Feature", "properties": { "Label": "Parking to STS02 – Lane 2 Truck 2", "New_ID": "746_1", "dist_m": 540, "time_sec": 90.0, "latitude": 8.370999, "longitude": 76.995495, "bay_no": 0, "direction": "L to R" }, "geometry": { "type": "Point", "coordinates": [ 76.995494967929417, 8.370998764376095 ] } },
{ "type": "Feature", "properties": { "Label": "Parking to STS02 – Lane 2 Truck 2", "New_ID": "747_1", "dist_m": 543, "time_sec": 90.5, "latitude": 8.370978, "longitude": 76.995512, "bay_no": 0, "direction": "L to R" }, "geometry": { "type": "Point", "coordinates": [ 76.995512142366778, 8.3709777177541 ] } },
{ "type": "Feature", "properties": { "Label": "Parking to STS02 – Lane 2 Truck 2", "New_ID": "748_1", "dist_m": 546, "time_sec": 91.0, "latitude": 8.370957, "longitude": 76.995529, "bay_no": 0, "direction": "L to R" }, "geometry": { "type": "Point", "coordinates": [ 76.995529316802376, 8.37095667113177 ] } },
{ "type": "Feature", "properties": { "Label": "Parking to STS02 – Lane 2 Truck 2", "New_ID": "749_1", "dist_m": 549, "time_sec": 91.5, "latitude": 8.370936, "longitude": 76.995546, "bay_no": 0, "direction": "L to R" }, "geometry": { "type": "Point", "coordinates": [ 76.995546491236226, 8.370935624509109 ] } },
{ "type": "Feature", "properties": { "Label": "Parking to STS02 – Lane 2 Truck 2", "New_ID": "750_1", "dist_m": 552, "time_sec": 92.0, "latitude": 8.370915, "longitude": 76.995564, "bay_no": 0, "direction": "L to R" }, "geometry": { "type": "Point", "coordinates": [ 76.995563665668314, 8.37091457788611 ] } },
{ "type": "Feature", "properties": { "Label": "Parking to STS02 – Lane 2 Truck 2", "New_ID": "751_1", "dist_m": 555, "time_sec": 92.5, "latitude": 8.370894, "longitude": 76.995581, "bay_no": 0, "direction": "L to R" }, "geometry": { "type": "Point", "coordinates": [ 76.995580840098654, 8.370893531262773 ] } },
{ "type": "Feature", "properties": { "Label": "Parking to STS02 – Lane 2 Truck 2", "New_ID": "752_1", "dist_m": 558, "time_sec": 93.0, "latitude": 8.370872, "longitude": 76.995598, "bay_no": 0, "direction": "L to R" }, "geometry": { "type": "Point", "coordinates": [ 76.995598014527232, 8.370872484639104 ] } },
{ "type": "Feature", "properties": { "Label": "Parking to STS02 – Lane 2 Truck 2", "New_ID": "753_1", "dist_m": 561, "time_sec": 93.5, "latitude": 8.370854, "longitude": 76.995592, "bay_no": 0, "direction": "U to D" }, "geometry": { "type": "Point", "coordinates": [ 76.995592155940088, 8.370853887672489 ] } },
{ "type": "Feature", "properties": { "Label": "Parking to STS02 – Lane 2 Truck 2", "New_ID": "754_1", "dist_m": 564, "time_sec": 94.0, "latitude": 8.370837, "longitude": 76.995571, "bay_no": 0, "direction": "U to D" }, "geometry": { "type": "Point", "coordinates": [ 76.99557090577774, 8.370836927663055 ] } },
{ "type": "Feature", "properties": { "Label": "Parking to STS02 – Lane 2 Truck 2", "New_ID": "755_1", "dist_m": 567, "time_sec": 94.5, "latitude": 8.37082, "longitude": 76.99555, "bay_no": 0, "direction": "U to D" }, "geometry": { "type": "Point", "coordinates": [ 76.995549655617168, 8.370819967652029 ] } },
{ "type": "Feature", "properties": { "Label": "Parking to STS02 – Lane 2 Truck 2", "New_ID": "756_1", "dist_m": 570, "time_sec": 95.0, "latitude": 8.370803, "longitude": 76.995528, "bay_no": 0, "direction": "U to D" }, "geometry": { "type": "Point", "coordinates": [ 76.99552840545833, 8.370803007639417 ] } },
{ "type": "Feature", "properties": { "Label": "Parking to STS02 – Lane 2 Truck 2", "New_ID": "757_1", "dist_m": 573, "time_sec": 95.5, "latitude": 8.370786, "longitude": 76.995507, "bay_no": 0, "direction": "U to D" }, "geometry": { "type": "Point", "coordinates": [ 76.995507155301212, 8.370786047625213 ] } },
{ "type": "Feature", "properties": { "Label": "Parking to STS02 – Lane 2 Truck 2", "New_ID": "758_1", "dist_m": 576, "time_sec": 96.0, "latitude": 8.370769, "longitude": 76.995486, "bay_no": 0, "direction": "U to D" }, "geometry": { "type": "Point", "coordinates": [ 76.99548590514587, 8.370769087609419 ] } },
{ "type": "Feature", "properties": { "Label": "Parking to STS02 – Lane 2 Truck 2", "New_ID": "759_1", "dist_m": 579, "time_sec": 96.5, "latitude": 8.370752, "longitude": 76.995465, "bay_no": 0, "direction": "U to D" }, "geometry": { "type": "Point", "coordinates": [ 76.995464654992261, 8.370752127592038 ] } },
{ "type": "Feature", "properties": { "Label": "Parking to STS02 – Lane 2 Truck 2", "New_ID": "760_1", "dist_m": 582, "time_sec": 97.0, "latitude": 8.370735, "longitude": 76.995443, "bay_no": 0, "direction": "U to D" }, "geometry": { "type": "Point", "coordinates": [ 76.995443404840401, 8.370735167573066 ] } },
{ "type": "Feature", "properties": { "Label": "Parking to STS02 – Lane 2 Truck 2", "New_ID": "761_1", "dist_m": 585, "time_sec": 97.5, "latitude": 8.370718, "longitude": 76.995422, "bay_no": 0, "direction": "U to D" }, "geometry": { "type": "Point", "coordinates": [ 76.995422154690274, 8.370718207552505 ] } },
{ "type": "Feature", "properties": { "Label": "Parking to STS02 – Lane 2 Truck 2", "New_ID": "762_1", "dist_m": 588, "time_sec": 98.0, "latitude": 8.370701, "longitude": 76.995401, "bay_no": 0, "direction": "U to D" }, "geometry": { "type": "Point", "coordinates": [ 76.99540090454191, 8.370701247530356 ] } },
{ "type": "Feature", "properties": { "Label": "Parking to STS02 – Lane 2 Truck 2", "New_ID": "763_1", "dist_m": 591, "time_sec": 98.5, "latitude": 8.370684, "longitude": 76.99538, "bay_no": 0, "direction": "U to D" }, "geometry": { "type": "Point", "coordinates": [ 76.995379654395279, 8.370684287506617 ] } },
{ "type": "Feature", "properties": { "Label": "Parking to STS02 – Lane 2 Truck 2", "New_ID": "764_1", "dist_m": 594, "time_sec": 99.0, "latitude": 8.370667, "longitude": 76.995358, "bay_no": 0, "direction": "U to D" }, "geometry": { "type": "Point", "coordinates": [ 76.995358404250396, 8.370667327481286 ] } },
{ "type": "Feature", "properties": { "Label": "Parking to STS02 – Lane 2 Truck 2", "New_ID": "765_1", "dist_m": 597, "time_sec": 99.5, "latitude": 8.37065, "longitude": 76.995337, "bay_no": 0, "direction": "U to D" }, "geometry": { "type": "Point", "coordinates": [ 76.995337154107247, 8.370650367454367 ] } },
{ "type": "Feature", "properties": { "Label": "Parking to STS02 – Lane 2 Truck 2", "New_ID": "766_1", "dist_m": 600, "time_sec": 100.0, "latitude": 8.370633, "longitude": 76.995316, "bay_no": 0, "direction": "U to D" }, "geometry": { "type": "Point", "coordinates": [ 76.995315903965846, 8.370633407425858 ] } },
{ "type": "Feature", "properties": { "Label": "Parking to STS02 – Lane 2 Truck 2", "New_ID": "767_1", "dist_m": 603, "time_sec": 100.5, "latitude": 8.370616, "longitude": 76.995295, "bay_no": 0, "direction": "U to D" }, "geometry": { "type": "Point", "coordinates": [ 76.995294653826207, 8.370616447395758 ] } },
{ "type": "Feature", "properties": { "Label": "Parking to STS02 – Lane 2 Truck 2", "New_ID": "768_1", "dist_m": 606, "time_sec": 101.0, "latitude": 8.370599, "longitude": 76.995273, "bay_no": 0, "direction": "U to D" }, "geometry": { "type": "Point", "coordinates": [ 76.995273403688287, 8.370599487364071 ] } },
{ "type": "Feature", "properties": { "Label": "Parking to STS02 – Lane 2 Truck 2", "New_ID": "769_1", "dist_m": 609, "time_sec": 101.5, "latitude": 8.370583, "longitude": 76.995252, "bay_no": 0, "direction": "U to D" }, "geometry": { "type": "Point", "coordinates": [ 76.99525215355213, 8.370582527330797 ] } },
{ "type": "Feature", "properties": { "Label": "Parking to STS02 – Lane 2 Truck 2", "New_ID": "770_1", "dist_m": 612, "time_sec": 102.0, "latitude": 8.370566, "longitude": 76.995231, "bay_no": 0, "direction": "U to D" }, "geometry": { "type": "Point", "coordinates": [ 76.995230903417706, 8.370565567295928 ] } },
{ "type": "Feature", "properties": { "Label": "Parking to STS02 – Lane 2 Truck 2", "New_ID": "771_1", "dist_m": 615, "time_sec": 102.5, "latitude": 8.370549, "longitude": 76.99521, "bay_no": 0, "direction": "U to D" }, "geometry": { "type": "Point", "coordinates": [ 76.995209653285031, 8.370548607259474 ] } },
{ "type": "Feature", "properties": { "Label": "Parking to STS02 – Lane 2 Truck 2", "New_ID": "772_1", "dist_m": 618, "time_sec": 103.0, "latitude": 8.370529, "longitude": 76.995211, "bay_no": 0, "direction": "L to R" }, "geometry": { "type": "Point", "coordinates": [ 76.995210736171856, 8.37052927182684 ] } },
{ "type": "Feature", "properties": { "Label": "Parking to STS02 – Lane 2 Truck 2", "New_ID": "773_1", "dist_m": 621, "time_sec": 103.5, "latitude": 8.370508, "longitude": 76.995228, "bay_no": 0, "direction": "L to R" }, "geometry": { "type": "Point", "coordinates": [ 76.995227910217793, 8.370508224898318 ] } },
{ "type": "Feature", "properties": { "Label": "Parking to STS02 – Lane 2 Truck 2", "New_ID": "774_1", "dist_m": 624, "time_sec": 104.0, "latitude": 8.370487, "longitude": 76.995245, "bay_no": 0, "direction": "L to R" }, "geometry": { "type": "Point", "coordinates": [ 76.995245084261953, 8.37048717796946 ] } },
{ "type": "Feature", "properties": { "Label": "Parking to STS02 – Lane 2 Truck 2", "New_ID": "775_1", "dist_m": 627, "time_sec": 104.5, "latitude": 8.370466, "longitude": 76.995262, "bay_no": 0, "direction": "L to R" }, "geometry": { "type": "Point", "coordinates": [ 76.995262258304365, 8.370466131040265 ] } },
{ "type": "Feature", "properties": { "Label": "Parking to STS02 – Lane 2 Truck 2", "New_ID": "776_1", "dist_m": 630, "time_sec": 105.0, "latitude": 8.370445, "longitude": 76.995279, "bay_no": 0, "direction": "L to R" }, "geometry": { "type": "Point", "coordinates": [ 76.995279432345043, 8.370445084110738 ] } },
{ "type": "Feature", "properties": { "Label": "Parking to STS02 – Lane 2 Truck 2", "New_ID": "777_1", "dist_m": 633, "time_sec": 105.5, "latitude": 8.370424, "longitude": 76.995297, "bay_no": 0, "direction": "L to R" }, "geometry": { "type": "Point", "coordinates": [ 76.995296606383945, 8.370424037180875 ] } },
{ "type": "Feature", "properties": { "Label": "Parking to STS02 – Lane 2 Truck 2", "New_ID": "778_1", "dist_m": 636, "time_sec": 106.0, "latitude": 8.370403, "longitude": 76.995314, "bay_no": 0, "direction": "L to R" }, "geometry": { "type": "Point", "coordinates": [ 76.995313780421085, 8.370402990250676 ] } },
{ "type": "Feature", "properties": { "Label": "Parking to STS02 – Lane 2 Truck 2", "New_ID": "779_1", "dist_m": 639, "time_sec": 106.5, "latitude": 8.370382, "longitude": 76.995331, "bay_no": 0, "direction": "L to R" }, "geometry": { "type": "Point", "coordinates": [ 76.995330954456477, 8.370381943320144 ] } },
{ "type": "Feature", "properties": { "Label": "Parking to STS02 – Lane 2 Truck 2", "New_ID": "780_1", "dist_m": 642, "time_sec": 107.0, "latitude": 8.370361, "longitude": 76.995348, "bay_no": 0, "direction": "L to R" }, "geometry": { "type": "Point", "coordinates": [ 76.995348128490122, 8.370360896389275 ] } },
{ "type": "Feature", "properties": { "Label": "Parking to STS02 – Lane 2 Truck 2", "New_ID": "781_1", "dist_m": 645, "time_sec": 107.5, "latitude": 8.37034, "longitude": 76.995365, "bay_no": 0, "direction": "L to R" }, "geometry": { "type": "Point", "coordinates": [ 76.995365302521989, 8.370339849458073 ] } },
{ "type": "Feature", "properties": { "Label": "Parking to STS02 – Lane 2 Truck 2", "New_ID": "782_1", "dist_m": 648, "time_sec": 108.0, "latitude": 8.370319, "longitude": 76.995382, "bay_no": 0, "direction": "L to R" }, "geometry": { "type": "Point", "coordinates": [ 76.995382476552123, 8.370318802526533 ] } },
{ "type": "Feature", "properties": { "Label": "Parking to STS02 – Lane 2 Truck 2", "New_ID": "783_1", "dist_m": 651, "time_sec": 108.5, "latitude": 8.370298, "longitude": 76.9954, "bay_no": 0, "direction": "L to R" }, "geometry": { "type": "Point", "coordinates": [ 76.995399650580495, 8.370297755594661 ] } },
{ "type": "Feature", "properties": { "Label": "Parking to STS02 – Lane 2 Truck 2", "New_ID": "784_1", "dist_m": 654, "time_sec": 109.0, "latitude": 8.370277, "longitude": 76.995417, "bay_no": 0, "direction": "L to R" }, "geometry": { "type": "Point", "coordinates": [ 76.995416824607105, 8.370276708662452 ] } },
{ "type": "Feature", "properties": { "Label": "Parking to STS02 – Lane 2 Truck 2", "New_ID": "785_1", "dist_m": 657, "time_sec": 109.5, "latitude": 8.370256, "longitude": 76.995434, "bay_no": 0, "direction": "L to R" }, "geometry": { "type": "Point", "coordinates": [ 76.995433998631967, 8.370255661729908 ] } },
{ "type": "Feature", "properties": { "Label": "Parking to STS02 – Lane 2 Truck 2", "New_ID": "786_1", "dist_m": 660, "time_sec": 110.0, "latitude": 8.370235, "longitude": 76.995451, "bay_no": 0, "direction": "L to R" }, "geometry": { "type": "Point", "coordinates": [ 76.995451172655066, 8.370234614797029 ] } },
{ "type": "Feature", "properties": { "Label": "Parking to STS02 – Lane 2 Truck 2", "New_ID": "787_1", "dist_m": 663, "time_sec": 110.5, "latitude": 8.370214, "longitude": 76.995468, "bay_no": 0, "direction": "L to R" }, "geometry": { "type": "Point", "coordinates": [ 76.995468346676418, 8.370213567863818 ] } },
{ "type": "Feature", "properties": { "Label": "Parking to STS02 – Lane 2 Truck 2", "New_ID": "788_1", "dist_m": 666, "time_sec": 111.0, "latitude": 8.370193, "longitude": 76.995486, "bay_no": 0, "direction": "L to R" }, "geometry": { "type": "Point", "coordinates": [ 76.995485520696008, 8.370192520930267 ] } },
{ "type": "Feature", "properties": { "Label": "Parking to STS02 – Lane 2 Truck 2", "New_ID": "789_1", "dist_m": 669, "time_sec": 111.5, "latitude": 8.370171, "longitude": 76.995503, "bay_no": 0, "direction": "L to R" }, "geometry": { "type": "Point", "coordinates": [ 76.995502694713849, 8.370171473996383 ] } },
{ "type": "Feature", "properties": { "Label": "Parking to STS02 – Lane 2 Truck 2", "New_ID": "790_1", "dist_m": 672, "time_sec": 112.0, "latitude": 8.37015, "longitude": 76.99552, "bay_no": 0, "direction": "L to R" }, "geometry": { "type": "Point", "coordinates": [ 76.995519868729914, 8.370150427062162 ] } },
{ "type": "Feature", "properties": { "Label": "Parking to STS02 – Lane 2 Truck 2", "New_ID": "791_1", "dist_m": 675, "time_sec": 112.5, "latitude": 8.370129, "longitude": 76.995537, "bay_no": 0, "direction": "L to R" }, "geometry": { "type": "Point", "coordinates": [ 76.995537042744246, 8.370129380127612 ] } },
{ "type": "Feature", "properties": { "Label": "Parking to STS02 – Lane 2 Truck 2", "New_ID": "792_1", "dist_m": 678, "time_sec": 113.0, "latitude": 8.370108, "longitude": 76.995554, "bay_no": 0, "direction": "L to R" }, "geometry": { "type": "Point", "coordinates": [ 76.995554216756815, 8.370108333192722 ] } },
{ "type": "Feature", "properties": { "Label": "Parking to STS02 – Lane 2 Truck 2", "New_ID": "793_1", "dist_m": 681, "time_sec": 113.5, "latitude": 8.370087, "longitude": 76.995571, "bay_no": 0, "direction": "L to R" }, "geometry": { "type": "Point", "coordinates": [ 76.995571390767623, 8.370087286257499 ] } },
{ "type": "Feature", "properties": { "Label": "Parking to STS02 – Lane 2 Truck 2", "New_ID": "794_1", "dist_m": 684, "time_sec": 114.0, "latitude": 8.370066, "longitude": 76.995589, "bay_no": 0, "direction": "L to R" }, "geometry": { "type": "Point", "coordinates": [ 76.995588564776682, 8.370066239321938 ] } },
{ "type": "Feature", "properties": { "Label": "Parking to STS02 – Lane 2 Truck 2", "New_ID": "795_1", "dist_m": 687, "time_sec": 114.5, "latitude": 8.370045, "longitude": 76.995606, "bay_no": 0, "direction": "L to R" }, "geometry": { "type": "Point", "coordinates": [ 76.995605738783993, 8.370045192386044 ] } },
{ "type": "Feature", "properties": { "Label": "Parking to STS02 – Lane 2 Truck 2", "New_ID": "796_1", "dist_m": 690, "time_sec": 115.0, "latitude": 8.370024, "longitude": 76.995623, "bay_no": 0, "direction": "L to R" }, "geometry": { "type": "Point", "coordinates": [ 76.995622912789528, 8.370024145449817 ] } },
{ "type": "Feature", "properties": { "Label": "Parking to STS02 – Lane 2 Truck 2", "New_ID": "797_1", "dist_m": 693, "time_sec": 115.5, "latitude": 8.370003, "longitude": 76.99564, "bay_no": 0, "direction": "L to R" }, "geometry": { "type": "Point", "coordinates": [ 76.995640086793316, 8.370003098513253 ] } },
{ "type": "Feature", "properties": { "Label": "Parking to STS02 – Lane 2 Truck 2", "New_ID": "798_1", "dist_m": 696, "time_sec": 116.0, "latitude": 8.369982, "longitude": 76.995657, "bay_no": 0, "direction": "L to R" }, "geometry": { "type": "Point", "coordinates": [ 76.995657260795369, 8.369982051576352 ] } },
{ "type": "Feature", "properties": { "Label": "Parking to STS02 – Lane 2 Truck 2", "New_ID": "799_1", "dist_m": 699, "time_sec": 116.5, "latitude": 8.369961, "longitude": 76.995674, "bay_no": 0, "direction": "L to R" }, "geometry": { "type": "Point", "coordinates": [ 76.995674434795646, 8.369961004639119 ] } },
{ "type": "Feature", "properties": { "Label": "Parking to STS02 – Lane 2 Truck 2", "New_ID": "800_1", "dist_m": 702, "time_sec": 117.0, "latitude": 8.36994, "longitude": 76.995692, "bay_no": 0, "direction": "L to R" }, "geometry": { "type": "Point", "coordinates": [ 76.995691608794161, 8.369939957701549 ] } },
{ "type": "Feature", "properties": { "Label": "Parking to STS02 – Lane 2 Truck 2", "New_ID": "801_1", "dist_m": 705, "time_sec": 117.5, "latitude": 8.369919, "longitude": 76.995709, "bay_no": 0, "direction": "L to R" }, "geometry": { "type": "Point", "coordinates": [ 76.995708782790942, 8.369918910763646 ] } },
{ "type": "Feature", "properties": { "Label": "Parking to STS02 – Lane 2 Truck 2", "New_ID": "802_1", "dist_m": 708, "time_sec": 118.0, "latitude": 8.369898, "longitude": 76.995726, "bay_no": 0, "direction": "L to R" }, "geometry": { "type": "Point", "coordinates": [ 76.995725956785947, 8.369897863825408 ] } },
{ "type": "Feature", "properties": { "Label": "Parking to STS02 – Lane 2 Truck 2", "New_ID": "803_1", "dist_m": 711, "time_sec": 118.5, "latitude": 8.369877, "longitude": 76.995743, "bay_no": 0, "direction": "L to R" }, "geometry": { "type": "Point", "coordinates": [ 76.995743130779204, 8.369876816886835 ] } },
{ "type": "Feature", "properties": { "Label": "Parking to STS02 – Lane 2 Truck 2", "New_ID": "804_1", "dist_m": 714, "time_sec": 119.0, "latitude": 8.369856, "longitude": 76.99576, "bay_no": 0, "direction": "L to R" }, "geometry": { "type": "Point", "coordinates": [ 76.995760304770712, 8.369855769947925 ] } },
{ "type": "Feature", "properties": { "Label": "Parking to STS02 – Lane 2 Truck 2", "New_ID": "805_1", "dist_m": 717, "time_sec": 119.5, "latitude": 8.369835, "longitude": 76.995777, "bay_no": 0, "direction": "L to R" }, "geometry": { "type": "Point", "coordinates": [ 76.995777478760445, 8.369834723008683 ] } },
{ "type": "Feature", "properties": { "Label": "Parking to STS02 – Lane 2 Truck 2", "New_ID": "806_1", "dist_m": 720, "time_sec": 120.0, "latitude": 8.369814, "longitude": 76.995795, "bay_no": 0, "direction": "L to R" }, "geometry": { "type": "Point", "coordinates": [ 76.995794652748444, 8.369813676069104 ] } },
{ "type": "Feature", "properties": { "Label": "Parking to STS02 – Lane 2 Truck 2", "New_ID": "807_1", "dist_m": 723, "time_sec": 120.5, "latitude": 8.369793, "longitude": 76.995812, "bay_no": 0, "direction": "L to R" }, "geometry": { "type": "Point", "coordinates": [ 76.99581182673468, 8.36979262912919 ] } },
{ "type": "Feature", "properties": { "Label": "Parking to STS02 – Lane 2 Truck 2", "New_ID": "808_1", "dist_m": 726, "time_sec": 121.0, "latitude": 8.369772, "longitude": 76.995829, "bay_no": 0, "direction": "L to R" }, "geometry": { "type": "Point", "coordinates": [ 76.995829000719169, 8.369771582188941 ] } },
{ "type": "Feature", "properties": { "Label": "Parking to STS02 – Lane 2 Truck 2", "New_ID": "809_1", "dist_m": 729, "time_sec": 121.5, "latitude": 8.369751, "longitude": 76.995846, "bay_no": 0, "direction": "L to R" }, "geometry": { "type": "Point", "coordinates": [ 76.995846174701882, 8.369750535248359 ] } },
{ "type": "Feature", "properties": { "Label": "Parking to STS02 – Lane 2 Truck 2", "New_ID": "810_1", "dist_m": 732, "time_sec": 122.0, "latitude": 8.369729, "longitude": 76.995863, "bay_no": 0, "direction": "L to R" }, "geometry": { "type": "Point", "coordinates": [ 76.99586334868286, 8.369729488307442 ] } },
{ "type": "Feature", "properties": { "Label": "Parking to STS02 – Lane 2 Truck 2", "New_ID": "811_1", "dist_m": 735, "time_sec": 122.5, "latitude": 8.369708, "longitude": 76.995881, "bay_no": 0, "direction": "L to R" }, "geometry": { "type": "Point", "coordinates": [ 76.995880522662063, 8.369708441366186 ] } },
{ "type": "Feature", "properties": { "Label": "Parking to STS02 – Lane 2 Truck 2", "New_ID": "812_1", "dist_m": 738, "time_sec": 123.0, "latitude": 8.369687, "longitude": 76.995898, "bay_no": 0, "direction": "L to R" }, "geometry": { "type": "Point", "coordinates": [ 76.995897696639531, 8.369687394424599 ] } },
{ "type": "Feature", "properties": { "Label": "Parking to STS02 – Lane 2 Truck 2", "New_ID": "813_1", "dist_m": 741, "time_sec": 123.5, "latitude": 8.369666, "longitude": 76.995915, "bay_no": 0, "direction": "L to R" }, "geometry": { "type": "Point", "coordinates": [ 76.995914870615223, 8.369666347482676 ] } },
{ "type": "Feature", "properties": { "Label": "Parking to STS02 – Lane 2 Truck 2", "New_ID": "814_1", "dist_m": 744, "time_sec": 124.0, "latitude": 8.369645, "longitude": 76.995932, "bay_no": 0, "direction": "L to R" }, "geometry": { "type": "Point", "coordinates": [ 76.995932044589182, 8.369645300540419 ] } },
{ "type": "Feature", "properties": { "Label": "Parking to STS02 – Lane 2 Truck 2", "New_ID": "815_1", "dist_m": 747, "time_sec": 124.5, "latitude": 8.369624, "longitude": 76.995949, "bay_no": 0, "direction": "L to R" }, "geometry": { "type": "Point", "coordinates": [ 76.995949218561364, 8.369624253597827 ] } },
{ "type": "Feature", "properties": { "Label": "Parking to STS02 – Lane 2 Truck 2", "New_ID": "816_1", "dist_m": 750, "time_sec": 125.0, "latitude": 8.369603, "longitude": 76.995966, "bay_no": 0, "direction": "L to R" }, "geometry": { "type": "Point", "coordinates": [ 76.995966392531798, 8.369603206654899 ] } },
{ "type": "Feature", "properties": { "Label": "Parking to STS02 – Lane 2 Truck 2", "New_ID": "817_1", "dist_m": 753, "time_sec": 125.5, "latitude": 8.369582, "longitude": 76.995984, "bay_no": 0, "direction": "L to R" }, "geometry": { "type": "Point", "coordinates": [ 76.99598356650047, 8.369582159711637 ] } },
{ "type": "Feature", "properties": { "Label": "Parking to STS02 – Lane 2 Truck 2", "New_ID": "818_1", "dist_m": 756, "time_sec": 126.0, "latitude": 8.369561, "longitude": 76.996001, "bay_no": 0, "direction": "L to R" }, "geometry": { "type": "Point", "coordinates": [ 76.996000740467409, 8.369561112768039 ] } },
{ "type": "Feature", "properties": { "Label": "Parking to STS02 – Lane 2 Truck 2", "New_ID": "819_1", "dist_m": 759, "time_sec": 126.5, "latitude": 8.36954, "longitude": 76.996018, "bay_no": 0, "direction": "L to R" }, "geometry": { "type": "Point", "coordinates": [ 76.996017914432571, 8.369540065824106 ] } },
{ "type": "Feature", "properties": { "Label": "Parking to STS02 – Lane 2 Truck 2", "New_ID": "820_1", "dist_m": 762, "time_sec": 127.0, "latitude": 8.369519, "longitude": 76.996035, "bay_no": 0, "direction": "L to R" }, "geometry": { "type": "Point", "coordinates": [ 76.996035088395985, 8.369519018879839 ] } },
{ "type": "Feature", "properties": { "Label": "Parking to STS02 – Lane 2 Truck 2", "New_ID": "821_1", "dist_m": 765, "time_sec": 127.5, "latitude": 8.369498, "longitude": 76.996052, "bay_no": 0, "direction": "L to R" }, "geometry": { "type": "Point", "coordinates": [ 76.996052262357651, 8.369497971935235 ] } },
{ "type": "Feature", "properties": { "Label": "Parking to STS02 – Lane 2 Truck 2", "New_ID": "822_1", "dist_m": 768, "time_sec": 128.0, "latitude": 8.369477, "longitude": 76.996069, "bay_no": 0, "direction": "L to R" }, "geometry": { "type": "Point", "coordinates": [ 76.996069436317541, 8.369476924990298 ] } },
{ "type": "Feature", "properties": { "Label": "Parking to STS02 – Lane 2 Truck 2", "New_ID": "823_1", "dist_m": 771, "time_sec": 128.5, "latitude": 8.369456, "longitude": 76.996087, "bay_no": 0, "direction": "L to R" }, "geometry": { "type": "Point", "coordinates": [ 76.996086610275697, 8.369455878045025 ] } },
{ "type": "Feature", "properties": { "Label": "Parking to STS02 – Lane 2 Truck 2", "New_ID": "824_1", "dist_m": 774, "time_sec": 129.0, "latitude": 8.369435, "longitude": 76.996104, "bay_no": 0, "direction": "L to R" }, "geometry": { "type": "Point", "coordinates": [ 76.996103784232076, 8.369434831099422 ] } },
{ "type": "Feature", "properties": { "Label": "Parking to STS02 – Lane 2 Truck 2", "New_ID": "825_1", "dist_m": 777, "time_sec": 129.5, "latitude": 8.369414, "longitude": 76.996121, "bay_no": 0, "direction": "L to R" }, "geometry": { "type": "Point", "coordinates": [ 76.996120958186722, 8.36941378415348 ] } },
{ "type": "Feature", "properties": { "Label": "Parking to STS02 – Lane 2 Truck 2", "New_ID": "826_1", "dist_m": 780, "time_sec": 130.0, "latitude": 8.369393, "longitude": 76.996138, "bay_no": 0, "direction": "L to R" }, "geometry": { "type": "Point", "coordinates": [ 76.996138132139606, 8.369392737207203 ] } },
{ "type": "Feature", "properties": { "Label": "Parking to STS02 – Lane 2 Truck 2", "New_ID": "827_1", "dist_m": 783, "time_sec": 130.5, "latitude": 8.369372, "longitude": 76.996155, "bay_no": 0, "direction": "L to R" }, "geometry": { "type": "Point", "coordinates": [ 76.996155306090742, 8.369371690260593 ] } },
{ "type": "Feature", "properties": { "Label": "Parking to STS02 – Lane 2 Truck 2", "New_ID": "828_1", "dist_m": 786, "time_sec": 131.0, "latitude": 8.369351, "longitude": 76.996172, "bay_no": 0, "direction": "L to R" }, "geometry": { "type": "Point", "coordinates": [ 76.996172480040102, 8.369350643313648 ] } },
{ "type": "Feature", "properties": { "Label": "Parking to STS02 – Lane 2 Truck 2", "New_ID": "1132_1", "dist_m": 0, "time_sec": 0.0, "latitude": 8.374311, "longitude": 76.996279, "bay_no": 0, "direction": "R to L" }, "geometry": { "type": "Point", "coordinates": [ 76.996279458893611, 8.374310561056223 ] } },
{ "type": "Feature", "properties": { "Label": "Parking to STS02 – Lane 2 Truck 2", "New_ID": "568_1_1", "dist_m": 8, "time_sec": 1.3, "latitude": 8.374367, "longitude": 76.996234, "bay_no": 0, "direction": "R to L" }, "geometry": { "type": "Point", "coordinates": [ 76.996233818990859, 8.374367100400482 ] } },
{ "type": "Feature", "properties": { "Label": "Parking to STS02 – Lane 2 Truck 2", "New_ID": "752_1_1", "dist_m": 559, "time_sec": 93.2, "latitude": 8.370864, "longitude": 76.995605, "bay_no": 0, "direction": "L to R" }, "geometry": { "type": "Point", "coordinates": [ 76.995604883049353, 8.370864045329702 ] } },
{ "type": "Feature", "properties": { "Label": "Parking to STS02 – Lane 2 Truck 2", "New_ID": "771_1_1", "dist_m": 616, "time_sec": 102.7, "latitude": 8.370542, "longitude": 76.995201, "bay_no": 0, "direction": "U to D" }, "geometry": { "type": "Point", "coordinates": [ 76.995200754219752, 8.370541504786621 ] } }
]
}
