{
"type": "FeatureCollection",
"name": "Parking to STS01 – Lane 1 Truck 1",
"crs": { "type": "name", "properties": { "name": "urn:ogc:def:crs:OGC:1.3:CRS84" } },
"xy_coordinate_resolution": 1e-15,
"features": [
{ "type": "Feature", "properties": { "Label": "Parking to STS01 – Lane 1 Truck 1", "New_ID": "0_1", "dist_m": 0, "time_sec": 0.0, "latitude": 8.374311, "longitude": 76.996279, "bay_no": 0, "direction": "R to L" }, "geometry": { "type": "Point", "coordinates": [ 76.996279458893611, 8.374310561056223 ] } },
{ "type": "Feature", "properties": { "Label": "Parking to STS01 – Lane 1 Truck 1", "New_ID": "1_1", "dist_m": 3, "time_sec": 0.5, "latitude": 8.374332, "longitude": 76.996262, "bay_no": 0, "direction": "R to L" }, "geometry": { "type": "Point", "coordinates": [ 76.996262396610462, 8.374331698051224 ] } },
{ "type": "Feature", "properties": { "Label": "Parking to STS01 – Lane 1 Truck 1", "New_ID": "2_1", "dist_m": 6, "time_sec": 1.0, "latitude": 8.374353, "longitude": 76.996245, "bay_no": 0, "direction": "R to L" }, "geometry": { "type": "Point", "coordinates": [ 76.996245334325565, 8.374352835045896 ] } },
{ "type": "Feature", "properties": { "Label": "Parking to STS01 – Lane 1 Truck 1", "New_ID": "3_1", "dist_m": 9, "time_sec": 1.5, "latitude": 8.374361, "longitude": 76.996227, "bay_no": 0, "direction": "U to D" }, "geometry": { "type": "Point", "coordinates": [ 76.996227024501778, 8.374361447956062 ] } },
{ "type": "Feature", "properties": { "Label": "Parking to STS01 – Lane 1 Truck 1", "New_ID": "4_1", "dist_m": 12, "time_sec": 2.0, "latitude": 8.374344, "longitude": 76.996206, "bay_no": 0, "direction": "U to D" }, "geometry": { "type": "Point", "coordinates": [ 76.996206124822336, 8.374344061175565 ] } },
{ "type": "Feature", "properties": { "Label": "Parking to STS01 – Lane 1 Truck 1", "New_ID": "5_1", "dist_m": 15, "time_sec": 2.5, "latitude": 8.374327, "longitude": 76.996185, "bay_no": 0, "direction": "U to D" }, "geometry": { "type": "Point", "coordinates": [ 76.996185225144657, 8.37432667439351 ] } },
{ "type": "Feature", "properties": { "Label": "Parking to STS01 – Lane 1 Truck 1", "New_ID": "6_1", "dist_m": 18, "time_sec": 3.0, "latitude": 8.374309, "longitude": 76.996164, "bay_no": 0, "direction": "U to D" }, "geometry": { "type": "Point", "coordinates": [ 76.99616432546874, 8.374309287609901 ] } },
{ "type": "Feature", "properties": { "Label": "Parking to STS01 – Lane 1 Truck 1", "New_ID": "7_1", "dist_m": 21, "time_sec": 3.5, "latitude": 8.374292, "longitude": 76.996143, "bay_no": 0, "direction": "U to D" }, "geometry": { "type": "Point", "coordinates": [ 76.996143425794628, 8.374291900824732 ] } },
{ "type": "Feature", "properties": { "Label": "Parking to STS01 – Lane 1 Truck 1", "New_ID": "8_1", "dist_m": 24, "time_sec": 4.0, "latitude": 8.374275, "longitude": 76.996123, "bay_no": 0, "direction": "U to D" }, "geometry": { "type": "Point", "coordinates": [ 76.996122526122278, 8.374274514038003 ] } },
{ "type": "Feature", "properties": { "Label": "Parking to STS01 – Lane 1 Truck 1", "New_ID": "9_1", "dist_m": 27, "time_sec": 4.5, "latitude": 8.374257, "longitude": 76.996102, "bay_no": 0, "direction": "U to D" }, "geometry": { "type": "Point", "coordinates": [ 76.996101626451718, 8.374257127249722 ] } },
{ "type": "Feature", "properties": { "Label": "Parking to STS01 – Lane 1 Truck 1", "New_ID": "10_1", "dist_m": 30, "time_sec": 5.0, "latitude": 8.37424, "longitude": 76.996081, "bay_no": 0, "direction": "U to D" }, "geometry": { "type": "Point", "coordinates": [ 76.996080726782935, 8.374239740459883 ] } },
{ "type": "Feature", "properties": { "Label": "Parking to STS01 – Lane 1 Truck 1", "New_ID": "11_1", "dist_m": 33, "time_sec": 5.5, "latitude": 8.374222, "longitude": 76.99606, "bay_no": 0, "direction": "U to D" }, "geometry": { "type": "Point", "coordinates": [ 76.996059827115928, 8.374222353668488 ] } },
{ "type": "Feature", "properties": { "Label": "Parking to STS01 – Lane 1 Truck 1", "New_ID": "12_1", "dist_m": 36, "time_sec": 6.0, "latitude": 8.374205, "longitude": 76.996039, "bay_no": 0, "direction": "U to D" }, "geometry": { "type": "Point", "coordinates": [ 76.996038927450684, 8.374204966875533 ] } },
{ "type": "Feature", "properties": { "Label": "Parking to STS01 – Lane 1 Truck 1", "New_ID": "13_1", "dist_m": 39, "time_sec": 6.5, "latitude": 8.374188, "longitude": 76.996018, "bay_no": 0, "direction": "U to D" }, "geometry": { "type": "Point", "coordinates": [ 76.99601802778723, 8.374187580081024 ] } },
{ "type": "Feature", "properties": { "Label": "Parking to STS01 – Lane 1 Truck 1", "New_ID": "14_1", "dist_m": 42, "time_sec": 7.0, "latitude": 8.37417, "longitude": 76.995997, "bay_no": 0, "direction": "U to D" }, "geometry": { "type": "Point", "coordinates": [ 76.995997128125552, 8.374170193284955 ] } },
{ "type": "Feature", "properties": { "Label": "Parking to STS01 – Lane 1 Truck 1", "New_ID": "15_1", "dist_m": 45, "time_sec": 7.5, "latitude": 8.374153, "longitude": 76.995976, "bay_no": 0, "direction": "U to D" }, "geometry": { "type": "Point", "coordinates": [ 76.995976228465665, 8.374152806487333 ] } },
{ "type": "Feature", "properties": { "Label": "Parking to STS01 – Lane 1 Truck 1", "New_ID": "16_1", "dist_m": 48, "time_sec": 8.0, "latitude": 8.374135, "longitude": 76.995955, "bay_no": 0, "direction": "U to D" }, "geometry": { "type": "Point", "coordinates": [ 76.99595532880754, 8.374135419688152 ] } },
{ "type": "Feature", "properties": { "Label": "Parking to STS01 – Lane 1 Truck 1", "New_ID": "17_1", "dist_m": 51, "time_sec": 8.5, "latitude": 8.374118, "longitude": 76.995934, "bay_no": 0, "direction": "U to D" }, "geometry": { "type": "Point", "coordinates": [ 76.995934429151191, 8.374118032887415 ] } },
{ "type": "Feature", "properties": { "Label": "Parking to STS01 – Lane 1 Truck 1", "New_ID": "18_1", "dist_m": 54, "time_sec": 9.0, "latitude": 8.374101, "longitude": 76.995914, "bay_no": 0, "direction": "U to D" }, "geometry": { "type": "Point", "coordinates": [ 76.995913529496633, 8.37410064608512 ] } },
{ "type": "Feature", "properties": { "Label": "Parking to STS01 – Lane 1 Truck 1", "New_ID": "19_1", "dist_m": 57, "time_sec": 9.5, "latitude": 8.374083, "longitude": 76.995893, "bay_no": 0, "direction": "U to D" }, "geometry": { "type": "Point", "coordinates": [ 76.995892629843851, 8.374083259281269 ] } },
{ "type": "Feature", "properties": { "Label": "Parking to STS01 – Lane 1 Truck 1", "New_ID": "20_1", "dist_m": 60, "time_sec": 10.0, "latitude": 8.374066, "longitude": 76.995872, "bay_no": 0, "direction": "U to D" }, "geometry": { "type": "Point", "coordinates": [ 76.995871730192846, 8.374065872475862 ] } },
{ "type": "Feature", "properties": { "Label": "Parking to STS01 – Lane 1 Truck 1", "New_ID": "21_1", "dist_m": 63, "time_sec": 10.5, "latitude": 8.374048, "longitude": 76.995851, "bay_no": 0, "direction": "U to D" }, "geometry": { "type": "Point", "coordinates": [ 76.995850830543617, 8.374048485668897 ] } },
{ "type": "Feature", "properties": { "Label": "Parking to STS01 – Lane 1 Truck 1", "New_ID": "22_1", "dist_m": 66, "time_sec": 11.0, "latitude": 8.374031, "longitude": 76.99583, "bay_no": 0, "direction": "U to D" }, "geometry": { "type": "Point", "coordinates": [ 76.995829930896164, 8.374031098860375 ] } },
{ "type": "Feature", "properties": { "Label": "Parking to STS01 – Lane 1 Truck 1", "New_ID": "23_1", "dist_m": 69, "time_sec": 11.5, "latitude": 8.374014, "longitude": 76.995809, "bay_no": 0, "direction": "U to D" }, "geometry": { "type": "Point", "coordinates": [ 76.995809031250488, 8.374013712050296 ] } },
{ "type": "Feature", "properties": { "Label": "Parking to STS01 – Lane 1 Truck 1", "New_ID": "24_1", "dist_m": 72, "time_sec": 12.0, "latitude": 8.373996, "longitude": 76.995788, "bay_no": 0, "direction": "U to D" }, "geometry": { "type": "Point", "coordinates": [ 76.995788131606602, 8.373996325238661 ] } },
{ "type": "Feature", "properties": { "Label": "Parking to STS01 – Lane 1 Truck 1", "New_ID": "25_1", "dist_m": 75, "time_sec": 12.5, "latitude": 8.373979, "longitude": 76.995767, "bay_no": 0, "direction": "U to D" }, "geometry": { "type": "Point", "coordinates": [ 76.995767231964479, 8.37397893842547 ] } },
{ "type": "Feature", "properties": { "Label": "Parking to STS01 – Lane 1 Truck 1", "New_ID": "26_1", "dist_m": 78, "time_sec": 13.0, "latitude": 8.373962, "longitude": 76.995746, "bay_no": 0, "direction": "U to D" }, "geometry": { "type": "Point", "coordinates": [ 76.995746332324146, 8.373961551610719 ] } },
{ "type": "Feature", "properties": { "Label": "Parking to STS01 – Lane 1 Truck 1", "New_ID": "27_1", "dist_m": 81, "time_sec": 13.5, "latitude": 8.373944, "longitude": 76.995725, "bay_no": 0, "direction": "U to D" }, "geometry": { "type": "Point", "coordinates": [ 76.995725432685589, 8.373944164794413 ] } },
{ "type": "Feature", "properties": { "Label": "Parking to STS01 – Lane 1 Truck 1", "New_ID": "28_1", "dist_m": 84, "time_sec": 14.0, "latitude": 8.373927, "longitude": 76.995705, "bay_no": 0, "direction": "U to D" }, "geometry": { "type": "Point", "coordinates": [ 76.995704533048809, 8.37392677797655 ] } },
{ "type": "Feature", "properties": { "Label": "Parking to STS01 – Lane 1 Truck 1", "New_ID": "29_1", "dist_m": 87, "time_sec": 14.5, "latitude": 8.373909, "longitude": 76.995684, "bay_no": 0, "direction": "U to D" }, "geometry": { "type": "Point", "coordinates": [ 76.99568363341379, 8.373909391157131 ] } },
{ "type": "Feature", "properties": { "Label": "Parking to STS01 – Lane 1 Truck 1", "New_ID": "30_1", "dist_m": 90, "time_sec": 15.0, "latitude": 8.373892, "longitude": 76.995663, "bay_no": 0, "direction": "U to D" }, "geometry": { "type": "Point", "coordinates": [ 76.995662733780563, 8.373892004336156 ] } },
{ "type": "Feature", "properties": { "Label": "Parking to STS01 – Lane 1 Truck 1", "New_ID": "31_1", "dist_m": 93, "time_sec": 15.5, "latitude": 8.373875, "longitude": 76.995642, "bay_no": 0, "direction": "U to D" }, "geometry": { "type": "Point", "coordinates": [ 76.995641834149126, 8.373874617513623 ] } },
{ "type": "Feature", "properties": { "Label": "Parking to STS01 – Lane 1 Truck 1", "New_ID": "32_1", "dist_m": 96, "time_sec": 16.0, "latitude": 8.373857, "longitude": 76.995621, "bay_no": 0, "direction": "U to D" }, "geometry": { "type": "Point", "coordinates": [ 76.995620934519465, 8.373857230689534 ] } },
{ "type": "Feature", "properties": { "Label": "Parking to STS01 – Lane 1 Truck 1", "New_ID": "33_1", "dist_m": 99, "time_sec": 16.5, "latitude": 8.37384, "longitude": 76.9956, "bay_no": 0, "direction": "U to D" }, "geometry": { "type": "Point", "coordinates": [ 76.995600034891567, 8.373839843863886 ] } },
{ "type": "Feature", "properties": { "Label": "Parking to STS01 – Lane 1 Truck 1", "New_ID": "34_1", "dist_m": 102, "time_sec": 17.0, "latitude": 8.373822, "longitude": 76.995579, "bay_no": 0, "direction": "U to D" }, "geometry": { "type": "Point", "coordinates": [ 76.995579135265444, 8.373822457036685 ] } },
{ "type": "Feature", "properties": { "Label": "Parking to STS01 – Lane 1 Truck 1", "New_ID": "35_1", "dist_m": 105, "time_sec": 17.5, "latitude": 8.373805, "longitude": 76.995558, "bay_no": 0, "direction": "U to D" }, "geometry": { "type": "Point", "coordinates": [ 76.995558235641113, 8.373805070207922 ] } },
{ "type": "Feature", "properties": { "Label": "Parking to STS01 – Lane 1 Truck 1", "New_ID": "36_1", "dist_m": 108, "time_sec": 18.0, "latitude": 8.373788, "longitude": 76.995537, "bay_no": 0, "direction": "U to D" }, "geometry": { "type": "Point", "coordinates": [ 76.995537336018558, 8.373787683377607 ] } },
{ "type": "Feature", "properties": { "Label": "Parking to STS01 – Lane 1 Truck 1", "New_ID": "37_1", "dist_m": 111, "time_sec": 18.5, "latitude": 8.37377, "longitude": 76.995516, "bay_no": 0, "direction": "U to D" }, "geometry": { "type": "Point", "coordinates": [ 76.995516436397779, 8.373770296545732 ] } },
{ "type": "Feature", "properties": { "Label": "Parking to STS01 – Lane 1 Truck 1", "New_ID": "38_1", "dist_m": 114, "time_sec": 19.0, "latitude": 8.373753, "longitude": 76.995496, "bay_no": 0, "direction": "U to D" }, "geometry": { "type": "Point", "coordinates": [ 76.995495536778776, 8.373752909712305 ] } },
{ "type": "Feature", "properties": { "Label": "Parking to STS01 – Lane 1 Truck 1", "New_ID": "39_1", "dist_m": 117, "time_sec": 19.5, "latitude": 8.373736, "longitude": 76.995475, "bay_no": 0, "direction": "U to D" }, "geometry": { "type": "Point", "coordinates": [ 76.99547463716155, 8.373735522877316 ] } },
{ "type": "Feature", "properties": { "Label": "Parking to STS01 – Lane 1 Truck 1", "New_ID": "40_1", "dist_m": 120, "time_sec": 20.0, "latitude": 8.373718, "longitude": 76.995454, "bay_no": 0, "direction": "U to D" }, "geometry": { "type": "Point", "coordinates": [ 76.9954537375461, 8.373718136040774 ] } },
{ "type": "Feature", "properties": { "Label": "Parking to STS01 – Lane 1 Truck 1", "New_ID": "41_1", "dist_m": 123, "time_sec": 20.5, "latitude": 8.373701, "longitude": 76.995433, "bay_no": 0, "direction": "U to D" }, "geometry": { "type": "Point", "coordinates": [ 76.995432837932441, 8.373700749202673 ] } },
{ "type": "Feature", "properties": { "Label": "Parking to STS01 – Lane 1 Truck 1", "New_ID": "42_1", "dist_m": 126, "time_sec": 21.0, "latitude": 8.373683, "longitude": 76.995412, "bay_no": 0, "direction": "U to D" }, "geometry": { "type": "Point", "coordinates": [ 76.995411938320558, 8.373683362363016 ] } },
{ "type": "Feature", "properties": { "Label": "Parking to STS01 – Lane 1 Truck 1", "New_ID": "43_1", "dist_m": 129, "time_sec": 21.5, "latitude": 8.373666, "longitude": 76.995391, "bay_no": 0, "direction": "U to D" }, "geometry": { "type": "Point", "coordinates": [ 76.995391038710437, 8.373665975521801 ] } },
{ "type": "Feature", "properties": { "Label": "Parking to STS01 – Lane 1 Truck 1", "New_ID": "44_1", "dist_m": 132, "time_sec": 22.0, "latitude": 8.373649, "longitude": 76.99537, "bay_no": 0, "direction": "U to D" }, "geometry": { "type": "Point", "coordinates": [ 76.995370139102093, 8.373648588679032 ] } },
{ "type": "Feature", "properties": { "Label": "Parking to STS01 – Lane 1 Truck 1", "New_ID": "45_1", "dist_m": 135, "time_sec": 22.5, "latitude": 8.373631, "longitude": 76.995349, "bay_no": 0, "direction": "U to D" }, "geometry": { "type": "Point", "coordinates": [ 76.995349239495553, 8.373631201834705 ] } },
{ "type": "Feature", "properties": { "Label": "Parking to STS01 – Lane 1 Truck 1", "New_ID": "46_1", "dist_m": 138, "time_sec": 23.0, "latitude": 8.373614, "longitude": 76.995328, "bay_no": 0, "direction": "U to D" }, "geometry": { "type": "Point", "coordinates": [ 76.995328339890776, 8.373613814988822 ] } },
{ "type": "Feature", "properties": { "Label": "Parking to STS01 – Lane 1 Truck 1", "New_ID": "47_1", "dist_m": 141, "time_sec": 23.5, "latitude": 8.373596, "longitude": 76.995307, "bay_no": 0, "direction": "U to D" }, "geometry": { "type": "Point", "coordinates": [ 76.995307440287775, 8.373596428141383 ] } },
{ "type": "Feature", "properties": { "Label": "Parking to STS01 – Lane 1 Truck 1", "New_ID": "48_1", "dist_m": 144, "time_sec": 24.0, "latitude": 8.373579, "longitude": 76.995287, "bay_no": 0, "direction": "U to D" }, "geometry": { "type": "Point", "coordinates": [ 76.99528654068655, 8.373579041292386 ] } },
{ "type": "Feature", "properties": { "Label": "Parking to STS01 – Lane 1 Truck 1", "New_ID": "49_1", "dist_m": 147, "time_sec": 24.5, "latitude": 8.373562, "longitude": 76.995266, "bay_no": 0, "direction": "U to D" }, "geometry": { "type": "Point", "coordinates": [ 76.995265641087116, 8.373561654441831 ] } },
{ "type": "Feature", "properties": { "Label": "Parking to STS01 – Lane 1 Truck 1", "New_ID": "50_1", "dist_m": 150, "time_sec": 25.0, "latitude": 8.373544, "longitude": 76.995245, "bay_no": 0, "direction": "U to D" }, "geometry": { "type": "Point", "coordinates": [ 76.995244741489444, 8.373544267589722 ] } },
{ "type": "Feature", "properties": { "Label": "Parking to STS01 – Lane 1 Truck 1", "New_ID": "51_1", "dist_m": 153, "time_sec": 25.5, "latitude": 8.373527, "longitude": 76.995224, "bay_no": 0, "direction": "U to D" }, "geometry": { "type": "Point", "coordinates": [ 76.995223841893562, 8.373526880736055 ] } },
{ "type": "Feature", "properties": { "Label": "Parking to STS01 – Lane 1 Truck 1", "New_ID": "52_1", "dist_m": 156, "time_sec": 26.0, "latitude": 8.373509, "longitude": 76.995203, "bay_no": 0, "direction": "U to D" }, "geometry": { "type": "Point", "coordinates": [ 76.995202942299457, 8.373509493880832 ] } },
{ "type": "Feature", "properties": { "Label": "Parking to STS01 – Lane 1 Truck 1", "New_ID": "53_1", "dist_m": 159, "time_sec": 26.5, "latitude": 8.373492, "longitude": 76.995182, "bay_no": 0, "direction": "U to D" }, "geometry": { "type": "Point", "coordinates": [ 76.995182042707114, 8.373492107024051 ] } },
{ "type": "Feature", "properties": { "Label": "Parking to STS01 – Lane 1 Truck 1", "New_ID": "54_1", "dist_m": 162, "time_sec": 27.0, "latitude": 8.373475, "longitude": 76.995161, "bay_no": 0, "direction": "U to D" }, "geometry": { "type": "Point", "coordinates": [ 76.995161143116576, 8.373474720165715 ] } },
{ "type": "Feature", "properties": { "Label": "Parking to STS01 – Lane 1 Truck 1", "New_ID": "55_1", "dist_m": 165, "time_sec": 27.5, "latitude": 8.373457, "longitude": 76.99514, "bay_no": 0, "direction": "U to D" }, "geometry": { "type": "Point", "coordinates": [ 76.9951402435278, 8.37345733330582 ] } },
{ "type": "Feature", "properties": { "Label": "Parking to STS01 – Lane 1 Truck 1", "New_ID": "56_1", "dist_m": 168, "time_sec": 28.0, "latitude": 8.37344, "longitude": 76.995119, "bay_no": 0, "direction": "U to D" }, "geometry": { "type": "Point", "coordinates": [ 76.9951193439408, 8.373439946444373 ] } },
{ "type": "Feature", "properties": { "Label": "Parking to STS01 – Lane 1 Truck 1", "New_ID": "57_1", "dist_m": 171, "time_sec": 28.5, "latitude": 8.373423, "longitude": 76.995098, "bay_no": 0, "direction": "U to D" }, "geometry": { "type": "Point", "coordinates": [ 76.995098444355577, 8.373422559581364 ] } },
{ "type": "Feature", "properties": { "Label": "Parking to STS01 – Lane 1 Truck 1", "New_ID": "58_1", "dist_m": 174, "time_sec": 29.0, "latitude": 8.373405, "longitude": 76.995078, "bay_no": 0, "direction": "U to D" }, "geometry": { "type": "Point", "coordinates": [ 76.995077544772144, 8.373405172716803 ] } },
{ "type": "Feature", "properties": { "Label": "Parking to STS01 – Lane 1 Truck 1", "New_ID": "59_1", "dist_m": 177, "time_sec": 29.5, "latitude": 8.373388, "longitude": 76.995057, "bay_no": 0, "direction": "U to D" }, "geometry": { "type": "Point", "coordinates": [ 76.995056645190473, 8.373387785850682 ] } },
{ "type": "Feature", "properties": { "Label": "Parking to STS01 – Lane 1 Truck 1", "New_ID": "60_1", "dist_m": 180, "time_sec": 30.0, "latitude": 8.37337, "longitude": 76.995036, "bay_no": 0, "direction": "U to D" }, "geometry": { "type": "Point", "coordinates": [ 76.995035745610579, 8.373370398983006 ] } },
{ "type": "Feature", "properties": { "Label": "Parking to STS01 – Lane 1 Truck 1", "New_ID": "61_1", "dist_m": 183, "time_sec": 30.5, "latitude": 8.373353, "longitude": 76.995015, "bay_no": 0, "direction": "U to D" }, "geometry": { "type": "Point", "coordinates": [ 76.995014846032475, 8.373353012113775 ] } },
{ "type": "Feature", "properties": { "Label": "Parking to STS01 – Lane 1 Truck 1", "New_ID": "62_1", "dist_m": 186, "time_sec": 31.0, "latitude": 8.373336, "longitude": 76.994994, "bay_no": 0, "direction": "U to D" }, "geometry": { "type": "Point", "coordinates": [ 76.994993946456148, 8.373335625242985 ] } },
{ "type": "Feature", "properties": { "Label": "Parking to STS01 – Lane 1 Truck 1", "New_ID": "63_1", "dist_m": 189, "time_sec": 31.5, "latitude": 8.373318, "longitude": 76.994973, "bay_no": 0, "direction": "U to D" }, "geometry": { "type": "Point", "coordinates": [ 76.994973046881611, 8.373318238370638 ] } },
{ "type": "Feature", "properties": { "Label": "Parking to STS01 – Lane 1 Truck 1", "New_ID": "64_1", "dist_m": 192, "time_sec": 32.0, "latitude": 8.373301, "longitude": 76.994952, "bay_no": 0, "direction": "U to D" }, "geometry": { "type": "Point", "coordinates": [ 76.994952147308823, 8.373300851496737 ] } },
{ "type": "Feature", "properties": { "Label": "Parking to STS01 – Lane 1 Truck 1", "New_ID": "65_1", "dist_m": 195, "time_sec": 32.5, "latitude": 8.373283, "longitude": 76.994931, "bay_no": 0, "direction": "U to D" }, "geometry": { "type": "Point", "coordinates": [ 76.994931247737838, 8.373283464621279 ] } },
{ "type": "Feature", "properties": { "Label": "Parking to STS01 – Lane 1 Truck 1", "New_ID": "66_1", "dist_m": 198, "time_sec": 33.0, "latitude": 8.373266, "longitude": 76.99491, "bay_no": 0, "direction": "U to D" }, "geometry": { "type": "Point", "coordinates": [ 76.994910348168617, 8.373266077744262 ] } },
{ "type": "Feature", "properties": { "Label": "Parking to STS01 – Lane 1 Truck 1", "New_ID": "67_1", "dist_m": 201, "time_sec": 33.5, "latitude": 8.373249, "longitude": 76.994889, "bay_no": 0, "direction": "U to D" }, "geometry": { "type": "Point", "coordinates": [ 76.994889448601185, 8.373248690865692 ] } },
{ "type": "Feature", "properties": { "Label": "Parking to STS01 – Lane 1 Truck 1", "New_ID": "68_1", "dist_m": 204, "time_sec": 34.0, "latitude": 8.373231, "longitude": 76.994869, "bay_no": 0, "direction": "U to D" }, "geometry": { "type": "Point", "coordinates": [ 76.994868549035516, 8.373231303985563 ] } },
{ "type": "Feature", "properties": { "Label": "Parking to STS01 – Lane 1 Truck 1", "New_ID": "69_1", "dist_m": 207, "time_sec": 34.5, "latitude": 8.373214, "longitude": 76.994848, "bay_no": 0, "direction": "U to D" }, "geometry": { "type": "Point", "coordinates": [ 76.994847649471637, 8.373213917103879 ] } },
{ "type": "Feature", "properties": { "Label": "Parking to STS01 – Lane 1 Truck 1", "New_ID": "70_1", "dist_m": 210, "time_sec": 35.0, "latitude": 8.373197, "longitude": 76.994827, "bay_no": 0, "direction": "U to D" }, "geometry": { "type": "Point", "coordinates": [ 76.994826749909535, 8.373196530220637 ] } },
{ "type": "Feature", "properties": { "Label": "Parking to STS01 – Lane 1 Truck 1", "New_ID": "71_1", "dist_m": 213, "time_sec": 35.5, "latitude": 8.373179, "longitude": 76.994806, "bay_no": 0, "direction": "U to D" }, "geometry": { "type": "Point", "coordinates": [ 76.994805850349209, 8.373179143335838 ] } },
{ "type": "Feature", "properties": { "Label": "Parking to STS01 – Lane 1 Truck 1", "New_ID": "72_1", "dist_m": 216, "time_sec": 36.0, "latitude": 8.373162, "longitude": 76.994785, "bay_no": 0, "direction": "U to D" }, "geometry": { "type": "Point", "coordinates": [ 76.99478495079066, 8.373161756449484 ] } },
{ "type": "Feature", "properties": { "Label": "Parking to STS01 – Lane 1 Truck 1", "New_ID": "73_1", "dist_m": 219, "time_sec": 36.5, "latitude": 8.373144, "longitude": 76.994764, "bay_no": 0, "direction": "U to D" }, "geometry": { "type": "Point", "coordinates": [ 76.994764051233872, 8.373144369561572 ] } },
{ "type": "Feature", "properties": { "Label": "Parking to STS01 – Lane 1 Truck 1", "New_ID": "74_1", "dist_m": 222, "time_sec": 37.0, "latitude": 8.373127, "longitude": 76.994743, "bay_no": 0, "direction": "U to D" }, "geometry": { "type": "Point", "coordinates": [ 76.99474315167889, 8.373126982672105 ] } },
{ "type": "Feature", "properties": { "Label": "Parking to STS01 – Lane 1 Truck 1", "New_ID": "75_1", "dist_m": 225, "time_sec": 37.5, "latitude": 8.37311, "longitude": 76.994722, "bay_no": 0, "direction": "U to D" }, "geometry": { "type": "Point", "coordinates": [ 76.994722252125669, 8.373109595781083 ] } },
{ "type": "Feature", "properties": { "Label": "Parking to STS01 – Lane 1 Truck 1", "New_ID": "76_1", "dist_m": 228, "time_sec": 38.0, "latitude": 8.373092, "longitude": 76.994701, "bay_no": 0, "direction": "U to D" }, "geometry": { "type": "Point", "coordinates": [ 76.994701352574239, 8.373092208888501 ] } },
{ "type": "Feature", "properties": { "Label": "Parking to STS01 – Lane 1 Truck 1", "New_ID": "77_1", "dist_m": 231, "time_sec": 38.5, "latitude": 8.373075, "longitude": 76.99468, "bay_no": 0, "direction": "U to D" }, "geometry": { "type": "Point", "coordinates": [ 76.994680453024571, 8.373074821994363 ] } },
{ "type": "Feature", "properties": { "Label": "Parking to STS01 – Lane 1 Truck 1", "New_ID": "78_1", "dist_m": 234, "time_sec": 39.0, "latitude": 8.373057, "longitude": 76.99466, "bay_no": 0, "direction": "U to D" }, "geometry": { "type": "Point", "coordinates": [ 76.994659553476694, 8.373057435098673 ] } },
{ "type": "Feature", "properties": { "Label": "Parking to STS01 – Lane 1 Truck 1", "New_ID": "79_1", "dist_m": 237, "time_sec": 39.5, "latitude": 8.37304, "longitude": 76.994639, "bay_no": 0, "direction": "U to D" }, "geometry": { "type": "Point", "coordinates": [ 76.994638653930593, 8.373040048201423 ] } },
{ "type": "Feature", "properties": { "Label": "Parking to STS01 – Lane 1 Truck 1", "New_ID": "80_1", "dist_m": 240, "time_sec": 40.0, "latitude": 8.373023, "longitude": 76.994618, "bay_no": 0, "direction": "U to D" }, "geometry": { "type": "Point", "coordinates": [ 76.994617754386269, 8.373022661302617 ] } },
{ "type": "Feature", "properties": { "Label": "Parking to STS01 – Lane 1 Truck 1", "New_ID": "81_1", "dist_m": 243, "time_sec": 40.5, "latitude": 8.373005, "longitude": 76.994597, "bay_no": 0, "direction": "U to D" }, "geometry": { "type": "Point", "coordinates": [ 76.994596854843721, 8.373005274402253 ] } },
{ "type": "Feature", "properties": { "Label": "Parking to STS01 – Lane 1 Truck 1", "New_ID": "82_1", "dist_m": 246, "time_sec": 41.0, "latitude": 8.372988, "longitude": 76.994576, "bay_no": 0, "direction": "U to D" }, "geometry": { "type": "Point", "coordinates": [ 76.994575955302949, 8.372987887500338 ] } },
{ "type": "Feature", "properties": { "Label": "Parking to STS01 – Lane 1 Truck 1", "New_ID": "83_1", "dist_m": 249, "time_sec": 41.5, "latitude": 8.372971, "longitude": 76.994555, "bay_no": 0, "direction": "U to D" }, "geometry": { "type": "Point", "coordinates": [ 76.994555055763954, 8.37297050059686 ] } },
{ "type": "Feature", "properties": { "Label": "Parking to STS01 – Lane 1 Truck 1", "New_ID": "84_1", "dist_m": 252, "time_sec": 42.0, "latitude": 8.372953, "longitude": 76.994534, "bay_no": 0, "direction": "U to D" }, "geometry": { "type": "Point", "coordinates": [ 76.994534156226749, 8.372953113691828 ] } },
{ "type": "Feature", "properties": { "Label": "Parking to STS01 – Lane 1 Truck 1", "New_ID": "85_1", "dist_m": 255, "time_sec": 42.5, "latitude": 8.372936, "longitude": 76.994513, "bay_no": 0, "direction": "U to D" }, "geometry": { "type": "Point", "coordinates": [ 76.994513256691306, 8.37293572678524 ] } },
{ "type": "Feature", "properties": { "Label": "Parking to STS01 – Lane 1 Truck 1", "New_ID": "86_1", "dist_m": 258, "time_sec": 43.0, "latitude": 8.372918, "longitude": 76.994492, "bay_no": 0, "direction": "U to D" }, "geometry": { "type": "Point", "coordinates": [ 76.994492357157654, 8.372918339877097 ] } },
{ "type": "Feature", "properties": { "Label": "Parking to STS01 – Lane 1 Truck 1", "New_ID": "87_1", "dist_m": 261, "time_sec": 43.5, "latitude": 8.372901, "longitude": 76.994471, "bay_no": 0, "direction": "U to D" }, "geometry": { "type": "Point", "coordinates": [ 76.994471457625764, 8.372900952967395 ] } },
{ "type": "Feature", "properties": { "Label": "Parking to STS01 – Lane 1 Truck 1", "New_ID": "88_1", "dist_m": 264, "time_sec": 44.0, "latitude": 8.372884, "longitude": 76.994451, "bay_no": 0, "direction": "U to D" }, "geometry": { "type": "Point", "coordinates": [ 76.994450558095664, 8.37288356605614 ] } },
{ "type": "Feature", "properties": { "Label": "Parking to STS01 – Lane 1 Truck 1", "New_ID": "89_1", "dist_m": 267, "time_sec": 44.5, "latitude": 8.372866, "longitude": 76.99443, "bay_no": 0, "direction": "U to D" }, "geometry": { "type": "Point", "coordinates": [ 76.994429658567341, 8.372866179143326 ] } },
{ "type": "Feature", "properties": { "Label": "Parking to STS01 – Lane 1 Truck 1", "New_ID": "90_1", "dist_m": 270, "time_sec": 45.0, "latitude": 8.372849, "longitude": 76.994409, "bay_no": 0, "direction": "U to D" }, "geometry": { "type": "Point", "coordinates": [ 76.994408759040795, 8.372848792228959 ] } },
{ "type": "Feature", "properties": { "Label": "Parking to STS01 – Lane 1 Truck 1", "New_ID": "91_1", "dist_m": 273, "time_sec": 45.5, "latitude": 8.372831, "longitude": 76.994388, "bay_no": 0, "direction": "U to D" }, "geometry": { "type": "Point", "coordinates": [ 76.994387859516024, 8.372831405313029 ] } },
{ "type": "Feature", "properties": { "Label": "Parking to STS01 – Lane 1 Truck 1", "New_ID": "92_1", "dist_m": 276, "time_sec": 46.0, "latitude": 8.372814, "longitude": 76.994367, "bay_no": 0, "direction": "U to D" }, "geometry": { "type": "Point", "coordinates": [ 76.99436695999303, 8.372814018395548 ] } },
{ "type": "Feature", "properties": { "Label": "Parking to STS01 – Lane 1 Truck 1", "New_ID": "93_1", "dist_m": 279, "time_sec": 46.5, "latitude": 8.372797, "longitude": 76.994346, "bay_no": 0, "direction": "U to D" }, "geometry": { "type": "Point", "coordinates": [ 76.994346060471827, 8.372796631476509 ] } },
{ "type": "Feature", "properties": { "Label": "Parking to STS01 – Lane 1 Truck 1", "New_ID": "94_1", "dist_m": 282, "time_sec": 47.0, "latitude": 8.372779, "longitude": 76.994325, "bay_no": 0, "direction": "U to D" }, "geometry": { "type": "Point", "coordinates": [ 76.994325160952386, 8.372779244555916 ] } },
{ "type": "Feature", "properties": { "Label": "Parking to STS01 – Lane 1 Truck 1", "New_ID": "95_1", "dist_m": 285, "time_sec": 47.5, "latitude": 8.372762, "longitude": 76.994304, "bay_no": 0, "direction": "U to D" }, "geometry": { "type": "Point", "coordinates": [ 76.994304261434721, 8.37276185763376 ] } },
{ "type": "Feature", "properties": { "Label": "Parking to STS01 – Lane 1 Truck 1", "New_ID": "96_1", "dist_m": 288, "time_sec": 48.0, "latitude": 8.372744, "longitude": 76.994283, "bay_no": 0, "direction": "U to D" }, "geometry": { "type": "Point", "coordinates": [ 76.994283361918846, 8.372744470710057 ] } },
{ "type": "Feature", "properties": { "Label": "Parking to STS01 – Lane 1 Truck 1", "New_ID": "97_1", "dist_m": 291, "time_sec": 48.5, "latitude": 8.372727, "longitude": 76.994262, "bay_no": 0, "direction": "U to D" }, "geometry": { "type": "Point", "coordinates": [ 76.994262462404748, 8.37272708378479 ] } },
{ "type": "Feature", "properties": { "Label": "Parking to STS01 – Lane 1 Truck 1", "New_ID": "98_1", "dist_m": 294, "time_sec": 49.0, "latitude": 8.37271, "longitude": 76.994242, "bay_no": 0, "direction": "U to D" }, "geometry": { "type": "Point", "coordinates": [ 76.994241562892427, 8.372709696857971 ] } },
{ "type": "Feature", "properties": { "Label": "Parking to STS01 – Lane 1 Truck 1", "New_ID": "99_1", "dist_m": 297, "time_sec": 49.5, "latitude": 8.372692, "longitude": 76.994221, "bay_no": 0, "direction": "U to D" }, "geometry": { "type": "Point", "coordinates": [ 76.994220663381881, 8.372692309929594 ] } },
{ "type": "Feature", "properties": { "Label": "Parking to STS01 – Lane 1 Truck 1", "New_ID": "100_1", "dist_m": 300, "time_sec": 50.0, "latitude": 8.372675, "longitude": 76.9942, "bay_no": 0, "direction": "U to D" }, "geometry": { "type": "Point", "coordinates": [ 76.994199763873112, 8.372674922999661 ] } },
{ "type": "Feature", "properties": { "Label": "Parking to STS01 – Lane 1 Truck 1", "New_ID": "101_1", "dist_m": 303, "time_sec": 50.5, "latitude": 8.372658, "longitude": 76.994179, "bay_no": 0, "direction": "U to D" }, "geometry": { "type": "Point", "coordinates": [ 76.994178864366134, 8.372657536068173 ] } },
{ "type": "Feature", "properties": { "Label": "Parking to STS01 – Lane 1 Truck 1", "New_ID": "102_1", "dist_m": 306, "time_sec": 51.0, "latitude": 8.37264, "longitude": 76.994158, "bay_no": 0, "direction": "U to D" }, "geometry": { "type": "Point", "coordinates": [ 76.994157964860918, 8.372640149135128 ] } },
{ "type": "Feature", "properties": { "Label": "Parking to STS01 – Lane 1 Truck 1", "New_ID": "103_1", "dist_m": 309, "time_sec": 51.5, "latitude": 8.372619, "longitude": 76.994173, "bay_no": 0, "direction": "L to R" }, "geometry": { "type": "Point", "coordinates": [ 76.994172530979611, 8.37261935326276 ] } },
{ "type": "Feature", "properties": { "Label": "Parking to STS01 – Lane 1 Truck 1", "New_ID": "104_1", "dist_m": 312, "time_sec": 52.0, "latitude": 8.372598, "longitude": 76.99419, "bay_no": 0, "direction": "L to R" }, "geometry": { "type": "Point", "coordinates": [ 76.994189705552188, 8.372598306666582 ] } },
{ "type": "Feature", "properties": { "Label": "Parking to STS01 – Lane 1 Truck 1", "New_ID": "105_1", "dist_m": 315, "time_sec": 52.5, "latitude": 8.372577, "longitude": 76.994207, "bay_no": 0, "direction": "L to R" }, "geometry": { "type": "Point", "coordinates": [ 76.994206880123002, 8.372577260070074 ] } },
{ "type": "Feature", "properties": { "Label": "Parking to STS01 – Lane 1 Truck 1", "New_ID": "106_1", "dist_m": 318, "time_sec": 53.0, "latitude": 8.372556, "longitude": 76.994224, "bay_no": 0, "direction": "L to R" }, "geometry": { "type": "Point", "coordinates": [ 76.994224054692054, 8.372556213473231 ] } },
{ "type": "Feature", "properties": { "Label": "Parking to STS01 – Lane 1 Truck 1", "New_ID": "107_1", "dist_m": 321, "time_sec": 53.5, "latitude": 8.372535, "longitude": 76.994241, "bay_no": 0, "direction": "L to R" }, "geometry": { "type": "Point", "coordinates": [ 76.994241229259359, 8.372535166876053 ] } },
{ "type": "Feature", "properties": { "Label": "Parking to STS01 – Lane 1 Truck 1", "New_ID": "108_1", "dist_m": 324, "time_sec": 54.0, "latitude": 8.372514, "longitude": 76.994258, "bay_no": 0, "direction": "L to R" }, "geometry": { "type": "Point", "coordinates": [ 76.994258403824915, 8.372514120278542 ] } },
{ "type": "Feature", "properties": { "Label": "Parking to STS01 – Lane 1 Truck 1", "New_ID": "109_1", "dist_m": 327, "time_sec": 54.5, "latitude": 8.372493, "longitude": 76.994276, "bay_no": 0, "direction": "L to R" }, "geometry": { "type": "Point", "coordinates": [ 76.994275578388709, 8.372493073680694 ] } },
{ "type": "Feature", "properties": { "Label": "Parking to STS01 – Lane 1 Truck 1", "New_ID": "110_1", "dist_m": 330, "time_sec": 55.0, "latitude": 8.372472, "longitude": 76.994293, "bay_no": 0, "direction": "L to R" }, "geometry": { "type": "Point", "coordinates": [ 76.994292752950741, 8.372472027082507 ] } },
{ "type": "Feature", "properties": { "Label": "Parking to STS01 – Lane 1 Truck 1", "New_ID": "111_1", "dist_m": 333, "time_sec": 55.5, "latitude": 8.372451, "longitude": 76.99431, "bay_no": 0, "direction": "L to R" }, "geometry": { "type": "Point", "coordinates": [ 76.994309927511026, 8.372450980483988 ] } },
{ "type": "Feature", "properties": { "Label": "Parking to STS01 – Lane 1 Truck 1", "New_ID": "112_1", "dist_m": 336, "time_sec": 56.0, "latitude": 8.37243, "longitude": 76.994327, "bay_no": 0, "direction": "L to R" }, "geometry": { "type": "Point", "coordinates": [ 76.994327102069548, 8.372429933885133 ] } },
{ "type": "Feature", "properties": { "Label": "Parking to STS01 – Lane 1 Truck 1", "New_ID": "113_1", "dist_m": 339, "time_sec": 56.5, "latitude": 8.372409, "longitude": 76.994344, "bay_no": 0, "direction": "L to R" }, "geometry": { "type": "Point", "coordinates": [ 76.994344276626322, 8.372408887285941 ] } },
{ "type": "Feature", "properties": { "Label": "Parking to STS01 – Lane 1 Truck 1", "New_ID": "114_1", "dist_m": 342, "time_sec": 57.0, "latitude": 8.372388, "longitude": 76.994361, "bay_no": 0, "direction": "L to R" }, "geometry": { "type": "Point", "coordinates": [ 76.994361451181334, 8.372387840686413 ] } },
{ "type": "Feature", "properties": { "Label": "Parking to STS01 – Lane 1 Truck 1", "New_ID": "115_1", "dist_m": 345, "time_sec": 57.5, "latitude": 8.372367, "longitude": 76.994379, "bay_no": 0, "direction": "L to R" }, "geometry": { "type": "Point", "coordinates": [ 76.994378625734598, 8.372366794086552 ] } },
{ "type": "Feature", "properties": { "Label": "Parking to STS01 – Lane 1 Truck 1", "New_ID": "116_1", "dist_m": 348, "time_sec": 58.0, "latitude": 8.372346, "longitude": 76.994396, "bay_no": 0, "direction": "L to R" }, "geometry": { "type": "Point", "coordinates": [ 76.9943958002861, 8.372345747486353 ] } },
{ "type": "Feature", "properties": { "Label": "Parking to STS01 – Lane 1 Truck 1", "New_ID": "117_1", "dist_m": 351, "time_sec": 58.5, "latitude": 8.372325, "longitude": 76.994413, "bay_no": 0, "direction": "L to R" }, "geometry": { "type": "Point", "coordinates": [ 76.994412974835839, 8.372324700885821 ] } },
{ "type": "Feature", "properties": { "Label": "Parking to STS01 – Lane 1 Truck 1", "New_ID": "118_1", "dist_m": 354, "time_sec": 59.0, "latitude": 8.372304, "longitude": 76.99443, "bay_no": 0, "direction": "L to R" }, "geometry": { "type": "Point", "coordinates": [ 76.994430149383831, 8.372303654284954 ] } },
{ "type": "Feature", "properties": { "Label": "Parking to STS01 – Lane 1 Truck 1", "New_ID": "119_1", "dist_m": 357, "time_sec": 59.5, "latitude": 8.372283, "longitude": 76.994447, "bay_no": 0, "direction": "L to R" }, "geometry": { "type": "Point", "coordinates": [ 76.994447323930046, 8.372282607683747 ] } },
{ "type": "Feature", "properties": { "Label": "Parking to STS01 – Lane 1 Truck 1", "New_ID": "120_1", "dist_m": 360, "time_sec": 60.0, "latitude": 8.372262, "longitude": 76.994464, "bay_no": 0, "direction": "L to R" }, "geometry": { "type": "Point", "coordinates": [ 76.994464498474528, 8.372261561082208 ] } },
{ "type": "Feature", "properties": { "Label": "Parking to STS01 – Lane 1 Truck 1", "New_ID": "121_1", "dist_m": 363, "time_sec": 60.5, "latitude": 8.372241, "longitude": 76.994482, "bay_no": 0, "direction": "L to R" }, "geometry": { "type": "Point", "coordinates": [ 76.994481673017262, 8.372240514480334 ] } },
{ "type": "Feature", "properties": { "Label": "Parking to STS01 – Lane 1 Truck 1", "New_ID": "122_1", "dist_m": 366, "time_sec": 61.0, "latitude": 8.372219, "longitude": 76.994499, "bay_no": 0, "direction": "L to R" }, "geometry": { "type": "Point", "coordinates": [ 76.994498847558205, 8.372219467878123 ] } },
{ "type": "Feature", "properties": { "Label": "Parking to STS01 – Lane 1 Truck 1", "New_ID": "123_1", "dist_m": 369, "time_sec": 61.5, "latitude": 8.372198, "longitude": 76.994516, "bay_no": 0, "direction": "L to R" }, "geometry": { "type": "Point", "coordinates": [ 76.994516022097415, 8.372198421275575 ] } },
{ "type": "Feature", "properties": { "Label": "Parking to STS01 – Lane 1 Truck 1", "New_ID": "124_1", "dist_m": 372, "time_sec": 62.0, "latitude": 8.372177, "longitude": 76.994533, "bay_no": 0, "direction": "L to R" }, "geometry": { "type": "Point", "coordinates": [ 76.994533196634876, 8.372177374672694 ] } },
{ "type": "Feature", "properties": { "Label": "Parking to STS01 – Lane 1 Truck 1", "New_ID": "125_1", "dist_m": 375, "time_sec": 62.5, "latitude": 8.372156, "longitude": 76.99455, "bay_no": 0, "direction": "L to R" }, "geometry": { "type": "Point", "coordinates": [ 76.994550371170561, 8.372156328069478 ] } },
{ "type": "Feature", "properties": { "Label": "Parking to STS01 – Lane 1 Truck 1", "New_ID": "126_1", "dist_m": 378, "time_sec": 63.0, "latitude": 8.372135, "longitude": 76.994568, "bay_no": 0, "direction": "L to R" }, "geometry": { "type": "Point", "coordinates": [ 76.994567545704513, 8.372135281465926 ] } },
{ "type": "Feature", "properties": { "Label": "Parking to STS01 – Lane 1 Truck 1", "New_ID": "127_1", "dist_m": 381, "time_sec": 63.5, "latitude": 8.372114, "longitude": 76.994585, "bay_no": 0, "direction": "L to R" }, "geometry": { "type": "Point", "coordinates": [ 76.994584720236688, 8.372114234862037 ] } },
{ "type": "Feature", "properties": { "Label": "Parking to STS01 – Lane 1 Truck 1", "New_ID": "128_1", "dist_m": 384, "time_sec": 64.0, "latitude": 8.372093, "longitude": 76.994602, "bay_no": 0, "direction": "L to R" }, "geometry": { "type": "Point", "coordinates": [ 76.994601894767115, 8.372093188257814 ] } },
{ "type": "Feature", "properties": { "Label": "Parking to STS01 – Lane 1 Truck 1", "New_ID": "129_1", "dist_m": 387, "time_sec": 64.5, "latitude": 8.372072, "longitude": 76.994619, "bay_no": 0, "direction": "L to R" }, "geometry": { "type": "Point", "coordinates": [ 76.99461906929578, 8.372072141653256 ] } },
{ "type": "Feature", "properties": { "Label": "Parking to STS01 – Lane 1 Truck 1", "New_ID": "130_1", "dist_m": 390, "time_sec": 65.0, "latitude": 8.372051, "longitude": 76.994636, "bay_no": 0, "direction": "L to R" }, "geometry": { "type": "Point", "coordinates": [ 76.994636243822697, 8.372051095048363 ] } },
{ "type": "Feature", "properties": { "Label": "Parking to STS01 – Lane 1 Truck 1", "New_ID": "131_1", "dist_m": 393, "time_sec": 65.5, "latitude": 8.37203, "longitude": 76.994653, "bay_no": 0, "direction": "L to R" }, "geometry": { "type": "Point", "coordinates": [ 76.994653418347852, 8.372030048443129 ] } },
{ "type": "Feature", "properties": { "Label": "Parking to STS01 – Lane 1 Truck 1", "New_ID": "132_1", "dist_m": 396, "time_sec": 66.0, "latitude": 8.372009, "longitude": 76.994671, "bay_no": 0, "direction": "L to R" }, "geometry": { "type": "Point", "coordinates": [ 76.994670592871259, 8.372009001837567 ] } },
{ "type": "Feature", "properties": { "Label": "Parking to STS01 – Lane 1 Truck 1", "New_ID": "133_1", "dist_m": 399, "time_sec": 66.5, "latitude": 8.371988, "longitude": 76.994688, "bay_no": 0, "direction": "L to R" }, "geometry": { "type": "Point", "coordinates": [ 76.994687767392904, 8.371987955231665 ] } },
{ "type": "Feature", "properties": { "Label": "Parking to STS01 – Lane 1 Truck 1", "New_ID": "134_1", "dist_m": 402, "time_sec": 67.0, "latitude": 8.371967, "longitude": 76.994705, "bay_no": 0, "direction": "L to R" }, "geometry": { "type": "Point", "coordinates": [ 76.994704941912786, 8.37196690862543 ] } },
{ "type": "Feature", "properties": { "Label": "Parking to STS01 – Lane 1 Truck 1", "New_ID": "135_1", "dist_m": 405, "time_sec": 67.5, "latitude": 8.371946, "longitude": 76.994722, "bay_no": 0, "direction": "L to R" }, "geometry": { "type": "Point", "coordinates": [ 76.994722116430921, 8.371945862018858 ] } },
{ "type": "Feature", "properties": { "Label": "Parking to STS01 – Lane 1 Truck 1", "New_ID": "136_1", "dist_m": 408, "time_sec": 68.0, "latitude": 8.371925, "longitude": 76.994739, "bay_no": 0, "direction": "L to R" }, "geometry": { "type": "Point", "coordinates": [ 76.994739290947294, 8.371924815411951 ] } },
{ "type": "Feature", "properties": { "Label": "Parking to STS01 – Lane 1 Truck 1", "New_ID": "137_1", "dist_m": 411, "time_sec": 68.5, "latitude": 8.371904, "longitude": 76.994756, "bay_no": 0, "direction": "L to R" }, "geometry": { "type": "Point", "coordinates": [ 76.994756465461919, 8.371903768804708 ] } },
{ "type": "Feature", "properties": { "Label": "Parking to STS01 – Lane 1 Truck 1", "New_ID": "138_1", "dist_m": 414, "time_sec": 69.0, "latitude": 8.371883, "longitude": 76.994774, "bay_no": 0, "direction": "L to R" }, "geometry": { "type": "Point", "coordinates": [ 76.994773639974781, 8.371882722197132 ] } },
{ "type": "Feature", "properties": { "Label": "Parking to STS01 – Lane 1 Truck 1", "New_ID": "139_1", "dist_m": 417, "time_sec": 69.5, "latitude": 8.371862, "longitude": 76.994791, "bay_no": 0, "direction": "L to R" }, "geometry": { "type": "Point", "coordinates": [ 76.994790814485881, 8.371861675589219 ] } },
{ "type": "Feature", "properties": { "Label": "Parking to STS01 – Lane 1 Truck 1", "New_ID": "140_1", "dist_m": 420, "time_sec": 70.0, "latitude": 8.371841, "longitude": 76.994808, "bay_no": 0, "direction": "L to R" }, "geometry": { "type": "Point", "coordinates": [ 76.994807988995234, 8.371840628980967 ] } },
{ "type": "Feature", "properties": { "Label": "Parking to STS01 – Lane 1 Truck 1", "New_ID": "141_1", "dist_m": 423, "time_sec": 70.5, "latitude": 8.37182, "longitude": 76.994825, "bay_no": 0, "direction": "L to R" }, "geometry": { "type": "Point", "coordinates": [ 76.994825163502838, 8.371819582372387 ] } },
{ "type": "Feature", "properties": { "Label": "Parking to STS01 – Lane 1 Truck 1", "New_ID": "142_1", "dist_m": 426, "time_sec": 71.0, "latitude": 8.371799, "longitude": 76.994842, "bay_no": 0, "direction": "L to R" }, "geometry": { "type": "Point", "coordinates": [ 76.994842338008681, 8.371798535763467 ] } },
{ "type": "Feature", "properties": { "Label": "Parking to STS01 – Lane 1 Truck 1", "New_ID": "143_1", "dist_m": 429, "time_sec": 71.5, "latitude": 8.371777, "longitude": 76.99486, "bay_no": 0, "direction": "L to R" }, "geometry": { "type": "Point", "coordinates": [ 76.994859512512775, 8.371777489154216 ] } },
{ "type": "Feature", "properties": { "Label": "Parking to STS01 – Lane 1 Truck 1", "New_ID": "144_1", "dist_m": 432, "time_sec": 72.0, "latitude": 8.371756, "longitude": 76.994877, "bay_no": 0, "direction": "L to R" }, "geometry": { "type": "Point", "coordinates": [ 76.994876687015093, 8.371756442544623 ] } },
{ "type": "Feature", "properties": { "Label": "Parking to STS01 – Lane 1 Truck 1", "New_ID": "145_1", "dist_m": 435, "time_sec": 72.5, "latitude": 8.371735, "longitude": 76.994894, "bay_no": 0, "direction": "L to R" }, "geometry": { "type": "Point", "coordinates": [ 76.994893861515664, 8.371735395934698 ] } },
{ "type": "Feature", "properties": { "Label": "Parking to STS01 – Lane 1 Truck 1", "New_ID": "146_1", "dist_m": 438, "time_sec": 73.0, "latitude": 8.371714, "longitude": 76.994911, "bay_no": 0, "direction": "L to R" }, "geometry": { "type": "Point", "coordinates": [ 76.994911036014486, 8.371714349324439 ] } },
{ "type": "Feature", "properties": { "Label": "Parking to STS01 – Lane 1 Truck 1", "New_ID": "147_1", "dist_m": 441, "time_sec": 73.5, "latitude": 8.371693, "longitude": 76.994928, "bay_no": 0, "direction": "L to R" }, "geometry": { "type": "Point", "coordinates": [ 76.994928210511546, 8.371693302713844 ] } },
{ "type": "Feature", "properties": { "Label": "Parking to STS01 – Lane 1 Truck 1", "New_ID": "148_1", "dist_m": 444, "time_sec": 74.0, "latitude": 8.371672, "longitude": 76.994945, "bay_no": 0, "direction": "L to R" }, "geometry": { "type": "Point", "coordinates": [ 76.994945385006844, 8.37167225610291 ] } },
{ "type": "Feature", "properties": { "Label": "Parking to STS01 – Lane 1 Truck 1", "New_ID": "149_1", "dist_m": 447, "time_sec": 74.5, "latitude": 8.371651, "longitude": 76.994963, "bay_no": 0, "direction": "L to R" }, "geometry": { "type": "Point", "coordinates": [ 76.994962559500394, 8.371651209491644 ] } },
{ "type": "Feature", "properties": { "Label": "Parking to STS01 – Lane 1 Truck 1", "New_ID": "150_1", "dist_m": 450, "time_sec": 75.0, "latitude": 8.37163, "longitude": 76.99498, "bay_no": 0, "direction": "L to R" }, "geometry": { "type": "Point", "coordinates": [ 76.994979733992182, 8.371630162880042 ] } },
{ "type": "Feature", "properties": { "Label": "Parking to STS01 – Lane 1 Truck 1", "New_ID": "151_1", "dist_m": 453, "time_sec": 75.5, "latitude": 8.371609, "longitude": 76.994997, "bay_no": 0, "direction": "L to R" }, "geometry": { "type": "Point", "coordinates": [ 76.994996908482221, 8.371609116268106 ] } },
{ "type": "Feature", "properties": { "Label": "Parking to STS01 – Lane 1 Truck 1", "New_ID": "152_1", "dist_m": 456, "time_sec": 76.0, "latitude": 8.371588, "longitude": 76.995014, "bay_no": 0, "direction": "L to R" }, "geometry": { "type": "Point", "coordinates": [ 76.995014082970499, 8.371588069655832 ] } },
{ "type": "Feature", "properties": { "Label": "Parking to STS01 – Lane 1 Truck 1", "New_ID": "153_1", "dist_m": 459, "time_sec": 76.5, "latitude": 8.371567, "longitude": 76.995031, "bay_no": 0, "direction": "L to R" }, "geometry": { "type": "Point", "coordinates": [ 76.995031257457029, 8.371567023043225 ] } },
{ "type": "Feature", "properties": { "Label": "Parking to STS01 – Lane 1 Truck 1", "New_ID": "154_1", "dist_m": 462, "time_sec": 77.0, "latitude": 8.371546, "longitude": 76.995048, "bay_no": 0, "direction": "L to R" }, "geometry": { "type": "Point", "coordinates": [ 76.995048431941797, 8.371545976430282 ] } },
{ "type": "Feature", "properties": { "Label": "Parking to STS01 – Lane 1 Truck 1", "New_ID": "155_1", "dist_m": 465, "time_sec": 77.5, "latitude": 8.371525, "longitude": 76.995066, "bay_no": 0, "direction": "L to R" }, "geometry": { "type": "Point", "coordinates": [ 76.995065606424802, 8.371524929817003 ] } },
{ "type": "Feature", "properties": { "Label": "Parking to STS01 – Lane 1 Truck 1", "New_ID": "156_1", "dist_m": 468, "time_sec": 78.0, "latitude": 8.371504, "longitude": 76.995083, "bay_no": 0, "direction": "L to R" }, "geometry": { "type": "Point", "coordinates": [ 76.99508278090606, 8.37150388320339 ] } },
{ "type": "Feature", "properties": { "Label": "Parking to STS01 – Lane 1 Truck 1", "New_ID": "157_1", "dist_m": 471, "time_sec": 78.5, "latitude": 8.371483, "longitude": 76.9951, "bay_no": 0, "direction": "L to R" }, "geometry": { "type": "Point", "coordinates": [ 76.99509995538557, 8.37148283658944 ] } },
{ "type": "Feature", "properties": { "Label": "Parking to STS01 – Lane 1 Truck 1", "New_ID": "158_1", "dist_m": 474, "time_sec": 79.0, "latitude": 8.371462, "longitude": 76.995117, "bay_no": 0, "direction": "L to R" }, "geometry": { "type": "Point", "coordinates": [ 76.995117129863303, 8.371461789975156 ] } },
{ "type": "Feature", "properties": { "Label": "Parking to STS01 – Lane 1 Truck 1", "New_ID": "159_1", "dist_m": 477, "time_sec": 79.5, "latitude": 8.371441, "longitude": 76.995134, "bay_no": 0, "direction": "L to R" }, "geometry": { "type": "Point", "coordinates": [ 76.995134304339288, 8.371440743360536 ] } },
{ "type": "Feature", "properties": { "Label": "Parking to STS01 – Lane 1 Truck 1", "New_ID": "160_1", "dist_m": 480, "time_sec": 80.0, "latitude": 8.37142, "longitude": 76.995151, "bay_no": 0, "direction": "L to R" }, "geometry": { "type": "Point", "coordinates": [ 76.995151478813526, 8.371419696745582 ] } },
{ "type": "Feature", "properties": { "Label": "Parking to STS01 – Lane 1 Truck 1", "New_ID": "161_1", "dist_m": 483, "time_sec": 80.5, "latitude": 8.371399, "longitude": 76.995169, "bay_no": 0, "direction": "L to R" }, "geometry": { "type": "Point", "coordinates": [ 76.995168653286001, 8.371398650130292 ] } },
{ "type": "Feature", "properties": { "Label": "Parking to STS01 – Lane 1 Truck 1", "New_ID": "162_1", "dist_m": 486, "time_sec": 81.0, "latitude": 8.371378, "longitude": 76.995186, "bay_no": 0, "direction": "L to R" }, "geometry": { "type": "Point", "coordinates": [ 76.995185827756714, 8.371377603514667 ] } },
{ "type": "Feature", "properties": { "Label": "Parking to STS01 – Lane 1 Truck 1", "New_ID": "163_1", "dist_m": 489, "time_sec": 81.5, "latitude": 8.371357, "longitude": 76.995203, "bay_no": 0, "direction": "L to R" }, "geometry": { "type": "Point", "coordinates": [ 76.995203002225679, 8.371356556898707 ] } },
{ "type": "Feature", "properties": { "Label": "Parking to STS01 – Lane 1 Truck 1", "New_ID": "164_1", "dist_m": 492, "time_sec": 82.0, "latitude": 8.371336, "longitude": 76.99522, "bay_no": 0, "direction": "L to R" }, "geometry": { "type": "Point", "coordinates": [ 76.995220176692882, 8.37133551028241 ] } },
{ "type": "Feature", "properties": { "Label": "Parking to STS01 – Lane 1 Truck 1", "New_ID": "165_1", "dist_m": 495, "time_sec": 82.5, "latitude": 8.371314, "longitude": 76.995237, "bay_no": 0, "direction": "L to R" }, "geometry": { "type": "Point", "coordinates": [ 76.995237351158352, 8.371314463665781 ] } },
{ "type": "Feature", "properties": { "Label": "Parking to STS01 – Lane 1 Truck 1", "New_ID": "166_1", "dist_m": 498, "time_sec": 83.0, "latitude": 8.371293, "longitude": 76.995255, "bay_no": 0, "direction": "L to R" }, "geometry": { "type": "Point", "coordinates": [ 76.995254525622045, 8.371293417048815 ] } },
{ "type": "Feature", "properties": { "Label": "Parking to STS01 – Lane 1 Truck 1", "New_ID": "167_1", "dist_m": 501, "time_sec": 83.5, "latitude": 8.371272, "longitude": 76.995272, "bay_no": 0, "direction": "L to R" }, "geometry": { "type": "Point", "coordinates": [ 76.99527170008399, 8.371272370431512 ] } },
{ "type": "Feature", "properties": { "Label": "Parking to STS01 – Lane 1 Truck 1", "New_ID": "168_1", "dist_m": 504, "time_sec": 84.0, "latitude": 8.371251, "longitude": 76.995289, "bay_no": 0, "direction": "L to R" }, "geometry": { "type": "Point", "coordinates": [ 76.995288874544173, 8.371251323813876 ] } },
{ "type": "Feature", "properties": { "Label": "Parking to STS01 – Lane 1 Truck 1", "New_ID": "169_1", "dist_m": 507, "time_sec": 84.5, "latitude": 8.37123, "longitude": 76.995306, "bay_no": 0, "direction": "L to R" }, "geometry": { "type": "Point", "coordinates": [ 76.995306049002593, 8.371230277195904 ] } },
{ "type": "Feature", "properties": { "Label": "Parking to STS01 – Lane 1 Truck 1", "New_ID": "170_1", "dist_m": 510, "time_sec": 85.0, "latitude": 8.371209, "longitude": 76.995323, "bay_no": 0, "direction": "L to R" }, "geometry": { "type": "Point", "coordinates": [ 76.995323223459266, 8.371209230577598 ] } },
{ "type": "Feature", "properties": { "Label": "Parking to STS01 – Lane 1 Truck 1", "New_ID": "171_1", "dist_m": 513, "time_sec": 85.5, "latitude": 8.371188, "longitude": 76.99534, "bay_no": 0, "direction": "L to R" }, "geometry": { "type": "Point", "coordinates": [ 76.995340397914191, 8.371188183958957 ] } },
{ "type": "Feature", "properties": { "Label": "Parking to STS01 – Lane 1 Truck 1", "New_ID": "172_1", "dist_m": 516, "time_sec": 86.0, "latitude": 8.371167, "longitude": 76.995358, "bay_no": 0, "direction": "L to R" }, "geometry": { "type": "Point", "coordinates": [ 76.99535757236734, 8.371167137339979 ] } },
{ "type": "Feature", "properties": { "Label": "Parking to STS01 – Lane 1 Truck 1", "New_ID": "173_1", "dist_m": 519, "time_sec": 86.5, "latitude": 8.371146, "longitude": 76.995375, "bay_no": 0, "direction": "L to R" }, "geometry": { "type": "Point", "coordinates": [ 76.995374746818754, 8.371146090720668 ] } },
{ "type": "Feature", "properties": { "Label": "Parking to STS01 – Lane 1 Truck 1", "New_ID": "174_1", "dist_m": 522, "time_sec": 87.0, "latitude": 8.371125, "longitude": 76.995392, "bay_no": 0, "direction": "L to R" }, "geometry": { "type": "Point", "coordinates": [ 76.995391921268407, 8.371125044101019 ] } },
{ "type": "Feature", "properties": { "Label": "Parking to STS01 – Lane 1 Truck 1", "New_ID": "175_1", "dist_m": 525, "time_sec": 87.5, "latitude": 8.371104, "longitude": 76.995409, "bay_no": 0, "direction": "L to R" }, "geometry": { "type": "Point", "coordinates": [ 76.995409095716298, 8.371103997481033 ] } },
{ "type": "Feature", "properties": { "Label": "Parking to STS01 – Lane 1 Truck 1", "New_ID": "176_1", "dist_m": 528, "time_sec": 88.0, "latitude": 8.371083, "longitude": 76.995426, "bay_no": 0, "direction": "L to R" }, "geometry": { "type": "Point", "coordinates": [ 76.995426270162426, 8.371082950860716 ] } },
{ "type": "Feature", "properties": { "Label": "Parking to STS01 – Lane 1 Truck 1", "New_ID": "177_1", "dist_m": 531, "time_sec": 88.5, "latitude": 8.371062, "longitude": 76.995443, "bay_no": 0, "direction": "L to R" }, "geometry": { "type": "Point", "coordinates": [ 76.995443444606821, 8.371061904240063 ] } },
{ "type": "Feature", "properties": { "Label": "Parking to STS01 – Lane 1 Truck 1", "New_ID": "178_1", "dist_m": 534, "time_sec": 89.0, "latitude": 8.371041, "longitude": 76.995461, "bay_no": 0, "direction": "L to R" }, "geometry": { "type": "Point", "coordinates": [ 76.995460619049439, 8.371040857619075 ] } },
{ "type": "Feature", "properties": { "Label": "Parking to STS01 – Lane 1 Truck 1", "New_ID": "179_1", "dist_m": 537, "time_sec": 89.5, "latitude": 8.37102, "longitude": 76.995478, "bay_no": 0, "direction": "L to R" }, "geometry": { "type": "Point", "coordinates": [ 76.995477793490309, 8.371019810997753 ] } },
{ "type": "Feature", "properties": { "Label": "Parking to STS01 – Lane 1 Truck 1", "New_ID": "180_1", "dist_m": 540, "time_sec": 90.0, "latitude": 8.370999, "longitude": 76.995495, "bay_no": 0, "direction": "L to R" }, "geometry": { "type": "Point", "coordinates": [ 76.995494967929417, 8.370998764376095 ] } },
{ "type": "Feature", "properties": { "Label": "Parking to STS01 – Lane 1 Truck 1", "New_ID": "181_1", "dist_m": 543, "time_sec": 90.5, "latitude": 8.370978, "longitude": 76.995512, "bay_no": 0, "direction": "L to R" }, "geometry": { "type": "Point", "coordinates": [ 76.995512142366778, 8.3709777177541 ] } },
{ "type": "Feature", "properties": { "Label": "Parking to STS01 – Lane 1 Truck 1", "New_ID": "182_1", "dist_m": 546, "time_sec": 91.0, "latitude": 8.370957, "longitude": 76.995529, "bay_no": 0, "direction": "L to R" }, "geometry": { "type": "Point", "coordinates": [ 76.995529316802376, 8.37095667113177 ] } },
{ "type": "Feature", "properties": { "Label": "Parking to STS01 – Lane 1 Truck 1", "New_ID": "183_1", "dist_m": 549, "time_sec": 91.5, "latitude": 8.370936, "longitude": 76.995546, "bay_no": 0, "direction": "L to R" }, "geometry": { "type": "Point", "coordinates": [ 76.995546491236226, 8.370935624509109 ] } },
{ "type": "Feature", "properties": { "Label": "Parking to STS01 – Lane 1 Truck 1", "New_ID": "184_1", "dist_m": 552, "time_sec": 92.0, "latitude": 8.370915, "longitude": 76.995564, "bay_no": 0, "direction": "L to R" }, "geometry": { "type": "Point", "coordinates": [ 76.995563665668314, 8.37091457788611 ] } },
{ "type": "Feature", "properties": { "Label": "Parking to STS01 – Lane 1 Truck 1", "New_ID": "185_1", "dist_m": 555, "time_sec": 92.5, "latitude": 8.370894, "longitude": 76.995581, "bay_no": 0, "direction": "L to R" }, "geometry": { "type": "Point", "coordinates": [ 76.995580840098654, 8.370893531262773 ] } },
{ "type": "Feature", "properties": { "Label": "Parking to STS01 – Lane 1 Truck 1", "New_ID": "186_1", "dist_m": 558, "time_sec": 93.0, "latitude": 8.370872, "longitude": 76.995598, "bay_no": 0, "direction": "L to R" }, "geometry": { "type": "Point", "coordinates": [ 76.995598014527232, 8.370872484639104 ] } },
{ "type": "Feature", "properties": { "Label": "Parking to STS01 – Lane 1 Truck 1", "New_ID": "187_1", "dist_m": 561, "time_sec": 93.5, "latitude": 8.370854, "longitude": 76.995592, "bay_no": 0, "direction": "U to D" }, "geometry": { "type": "Point", "coordinates": [ 76.995592155940088, 8.370853887672491 ] } },
{ "type": "Feature", "properties": { "Label": "Parking to STS01 – Lane 1 Truck 1", "New_ID": "188_1", "dist_m": 564, "time_sec": 94.0, "latitude": 8.370837, "longitude": 76.995571, "bay_no": 0, "direction": "U to D" }, "geometry": { "type": "Point", "coordinates": [ 76.99557090577774, 8.370836927663056 ] } },
{ "type": "Feature", "properties": { "Label": "Parking to STS01 – Lane 1 Truck 1", "New_ID": "189_1", "dist_m": 567, "time_sec": 94.5, "latitude": 8.37082, "longitude": 76.99555, "bay_no": 0, "direction": "U to D" }, "geometry": { "type": "Point", "coordinates": [ 76.995549655617168, 8.370819967652031 ] } },
{ "type": "Feature", "properties": { "Label": "Parking to STS01 – Lane 1 Truck 1", "New_ID": "190_1", "dist_m": 570, "time_sec": 95.0, "latitude": 8.370803, "longitude": 76.995528, "bay_no": 0, "direction": "U to D" }, "geometry": { "type": "Point", "coordinates": [ 76.995528405458316, 8.370803007639418 ] } },
{ "type": "Feature", "properties": { "Label": "Parking to STS01 – Lane 1 Truck 1", "New_ID": "191_1", "dist_m": 573, "time_sec": 95.5, "latitude": 8.370786, "longitude": 76.995507, "bay_no": 0, "direction": "U to D" }, "geometry": { "type": "Point", "coordinates": [ 76.995507155301212, 8.370786047625215 ] } },
{ "type": "Feature", "properties": { "Label": "Parking to STS01 – Lane 1 Truck 1", "New_ID": "192_1", "dist_m": 576, "time_sec": 96.0, "latitude": 8.370769, "longitude": 76.995486, "bay_no": 0, "direction": "U to D" }, "geometry": { "type": "Point", "coordinates": [ 76.99548590514587, 8.370769087609423 ] } },
{ "type": "Feature", "properties": { "Label": "Parking to STS01 – Lane 1 Truck 1", "New_ID": "193_1", "dist_m": 579, "time_sec": 96.5, "latitude": 8.370752, "longitude": 76.995465, "bay_no": 0, "direction": "U to D" }, "geometry": { "type": "Point", "coordinates": [ 76.995464654992261, 8.370752127592041 ] } },
{ "type": "Feature", "properties": { "Label": "Parking to STS01 – Lane 1 Truck 1", "New_ID": "194_1", "dist_m": 582, "time_sec": 97.0, "latitude": 8.370735, "longitude": 76.995443, "bay_no": 0, "direction": "U to D" }, "geometry": { "type": "Point", "coordinates": [ 76.995443404840387, 8.370735167573072 ] } },
{ "type": "Feature", "properties": { "Label": "Parking to STS01 – Lane 1 Truck 1", "New_ID": "195_1", "dist_m": 585, "time_sec": 97.5, "latitude": 8.370718, "longitude": 76.995422, "bay_no": 0, "direction": "U to D" }, "geometry": { "type": "Point", "coordinates": [ 76.995422154690274, 8.37071820755251 ] } },
{ "type": "Feature", "properties": { "Label": "Parking to STS01 – Lane 1 Truck 1", "New_ID": "196_1", "dist_m": 588, "time_sec": 98.0, "latitude": 8.370701, "longitude": 76.995401, "bay_no": 0, "direction": "U to D" }, "geometry": { "type": "Point", "coordinates": [ 76.995400904541896, 8.370701247530361 ] } },
{ "type": "Feature", "properties": { "Label": "Parking to STS01 – Lane 1 Truck 1", "New_ID": "197_1", "dist_m": 591, "time_sec": 98.5, "latitude": 8.370684, "longitude": 76.99538, "bay_no": 0, "direction": "U to D" }, "geometry": { "type": "Point", "coordinates": [ 76.995379654395279, 8.37068428750662 ] } },
{ "type": "Feature", "properties": { "Label": "Parking to STS01 – Lane 1 Truck 1", "New_ID": "198_1", "dist_m": 594, "time_sec": 99.0, "latitude": 8.370667, "longitude": 76.995358, "bay_no": 0, "direction": "U to D" }, "geometry": { "type": "Point", "coordinates": [ 76.995358404250382, 8.370667327481291 ] } },
{ "type": "Feature", "properties": { "Label": "Parking to STS01 – Lane 1 Truck 1", "New_ID": "199_1", "dist_m": 597, "time_sec": 99.5, "latitude": 8.37065, "longitude": 76.995337, "bay_no": 0, "direction": "U to D" }, "geometry": { "type": "Point", "coordinates": [ 76.995337154107247, 8.370650367454376 ] } },
{ "type": "Feature", "properties": { "Label": "Parking to STS01 – Lane 1 Truck 1", "New_ID": "200_1", "dist_m": 600, "time_sec": 100.0, "latitude": 8.370633, "longitude": 76.995316, "bay_no": 0, "direction": "U to D" }, "geometry": { "type": "Point", "coordinates": [ 76.995315903965846, 8.370633407425863 ] } },
{ "type": "Feature", "properties": { "Label": "Parking to STS01 – Lane 1 Truck 1", "New_ID": "201_1", "dist_m": 603, "time_sec": 100.5, "latitude": 8.370616, "longitude": 76.995295, "bay_no": 0, "direction": "U to D" }, "geometry": { "type": "Point", "coordinates": [ 76.995294653826193, 8.370616447395768 ] } },
{ "type": "Feature", "properties": { "Label": "Parking to STS01 – Lane 1 Truck 1", "New_ID": "202_1", "dist_m": 606, "time_sec": 101.0, "latitude": 8.370599, "longitude": 76.995273, "bay_no": 0, "direction": "U to D" }, "geometry": { "type": "Point", "coordinates": [ 76.995273403688287, 8.370599487364082 ] } },
{ "type": "Feature", "properties": { "Label": "Parking to STS01 – Lane 1 Truck 1", "New_ID": "203_1", "dist_m": 609, "time_sec": 101.5, "latitude": 8.370583, "longitude": 76.995252, "bay_no": 0, "direction": "U to D" }, "geometry": { "type": "Point", "coordinates": [ 76.995252153552116, 8.370582527330807 ] } },
{ "type": "Feature", "properties": { "Label": "Parking to STS01 – Lane 1 Truck 1", "New_ID": "204_1", "dist_m": 612, "time_sec": 102.0, "latitude": 8.370566, "longitude": 76.995231, "bay_no": 0, "direction": "U to D" }, "geometry": { "type": "Point", "coordinates": [ 76.995230903417706, 8.370565567295941 ] } },
{ "type": "Feature", "properties": { "Label": "Parking to STS01 – Lane 1 Truck 1", "New_ID": "205_1", "dist_m": 615, "time_sec": 102.5, "latitude": 8.370549, "longitude": 76.99521, "bay_no": 0, "direction": "U to D" }, "geometry": { "type": "Point", "coordinates": [ 76.995209653285016, 8.370548607259485 ] } },
{ "type": "Feature", "properties": { "Label": "Parking to STS01 – Lane 1 Truck 1", "New_ID": "206_1", "dist_m": 618, "time_sec": 103.0, "latitude": 8.370532, "longitude": 76.995188, "bay_no": 0, "direction": "U to D" }, "geometry": { "type": "Point", "coordinates": [ 76.995188403154089, 8.370531647221441 ] } },
{ "type": "Feature", "properties": { "Label": "Parking to STS01 – Lane 1 Truck 1", "New_ID": "207_1", "dist_m": 621, "time_sec": 103.5, "latitude": 8.370514, "longitude": 76.99517, "bay_no": 0, "direction": "L to R" }, "geometry": { "type": "Point", "coordinates": [ 76.99517046736149, 8.370514334661006 ] } },
{ "type": "Feature", "properties": { "Label": "Parking to STS01 – Lane 1 Truck 1", "New_ID": "208_1", "dist_m": 624, "time_sec": 104.0, "latitude": 8.370493, "longitude": 76.995188, "bay_no": 0, "direction": "L to R" }, "geometry": { "type": "Point", "coordinates": [ 76.995187641408222, 8.370493287732808 ] } },
{ "type": "Feature", "properties": { "Label": "Parking to STS01 – Lane 1 Truck 1", "New_ID": "209_1", "dist_m": 627, "time_sec": 104.5, "latitude": 8.370472, "longitude": 76.995205, "bay_no": 0, "direction": "L to R" }, "geometry": { "type": "Point", "coordinates": [ 76.995204815453192, 8.370472240804274 ] } },
{ "type": "Feature", "properties": { "Label": "Parking to STS01 – Lane 1 Truck 1", "New_ID": "210_1", "dist_m": 630, "time_sec": 105.0, "latitude": 8.370451, "longitude": 76.995222, "bay_no": 0, "direction": "L to R" }, "geometry": { "type": "Point", "coordinates": [ 76.995221989496414, 8.3704511938754 ] } },
{ "type": "Feature", "properties": { "Label": "Parking to STS01 – Lane 1 Truck 1", "New_ID": "211_1", "dist_m": 633, "time_sec": 105.5, "latitude": 8.37043, "longitude": 76.995239, "bay_no": 0, "direction": "L to R" }, "geometry": { "type": "Point", "coordinates": [ 76.995239163537875, 8.370430146946195 ] } },
{ "type": "Feature", "properties": { "Label": "Parking to STS01 – Lane 1 Truck 1", "New_ID": "212_1", "dist_m": 636, "time_sec": 106.0, "latitude": 8.370409, "longitude": 76.995256, "bay_no": 0, "direction": "L to R" }, "geometry": { "type": "Point", "coordinates": [ 76.995256337577587, 8.370409100016655 ] } },
{ "type": "Feature", "properties": { "Label": "Parking to STS01 – Lane 1 Truck 1", "New_ID": "213_1", "dist_m": 639, "time_sec": 106.5, "latitude": 8.370388, "longitude": 76.995274, "bay_no": 0, "direction": "L to R" }, "geometry": { "type": "Point", "coordinates": [ 76.995273511615537, 8.370388053086778 ] } },
{ "type": "Feature", "properties": { "Label": "Parking to STS01 – Lane 1 Truck 1", "New_ID": "214_1", "dist_m": 642, "time_sec": 107.0, "latitude": 8.370367, "longitude": 76.995291, "bay_no": 0, "direction": "L to R" }, "geometry": { "type": "Point", "coordinates": [ 76.995290685651739, 8.370367006156568 ] } },
{ "type": "Feature", "properties": { "Label": "Parking to STS01 – Lane 1 Truck 1", "New_ID": "215_1", "dist_m": 645, "time_sec": 107.5, "latitude": 8.370346, "longitude": 76.995308, "bay_no": 0, "direction": "L to R" }, "geometry": { "type": "Point", "coordinates": [ 76.995307859686164, 8.370345959226022 ] } },
{ "type": "Feature", "properties": { "Label": "Parking to STS01 – Lane 1 Truck 1", "New_ID": "216_1", "dist_m": 648, "time_sec": 108.0, "latitude": 8.370325, "longitude": 76.995325, "bay_no": 0, "direction": "L to R" }, "geometry": { "type": "Point", "coordinates": [ 76.995325033718842, 8.370324912295141 ] } },
{ "type": "Feature", "properties": { "Label": "Parking to STS01 – Lane 1 Truck 1", "New_ID": "217_1", "dist_m": 651, "time_sec": 108.5, "latitude": 8.370304, "longitude": 76.995342, "bay_no": 0, "direction": "L to R" }, "geometry": { "type": "Point", "coordinates": [ 76.995342207749786, 8.370303865363926 ] } },
{ "type": "Feature", "properties": { "Label": "Parking to STS01 – Lane 1 Truck 1", "New_ID": "218_1", "dist_m": 654, "time_sec": 109.0, "latitude": 8.370283, "longitude": 76.995359, "bay_no": 0, "direction": "L to R" }, "geometry": { "type": "Point", "coordinates": [ 76.995359381778954, 8.370282818432374 ] } },
{ "type": "Feature", "properties": { "Label": "Parking to STS01 – Lane 1 Truck 1", "New_ID": "219_1", "dist_m": 657, "time_sec": 109.5, "latitude": 8.370262, "longitude": 76.995377, "bay_no": 0, "direction": "L to R" }, "geometry": { "type": "Point", "coordinates": [ 76.995376555806374, 8.370261771500486 ] } },
{ "type": "Feature", "properties": { "Label": "Parking to STS01 – Lane 1 Truck 1", "New_ID": "220_1", "dist_m": 660, "time_sec": 110.0, "latitude": 8.370241, "longitude": 76.995394, "bay_no": 0, "direction": "L to R" }, "geometry": { "type": "Point", "coordinates": [ 76.995393729832031, 8.370240724568268 ] } },
{ "type": "Feature", "properties": { "Label": "Parking to STS01 – Lane 1 Truck 1", "New_ID": "221_1", "dist_m": 663, "time_sec": 110.5, "latitude": 8.37022, "longitude": 76.995411, "bay_no": 0, "direction": "L to R" }, "geometry": { "type": "Point", "coordinates": [ 76.995410903855941, 8.37021967763571 ] } },
{ "type": "Feature", "properties": { "Label": "Parking to STS01 – Lane 1 Truck 1", "New_ID": "222_1", "dist_m": 666, "time_sec": 111.0, "latitude": 8.370199, "longitude": 76.995428, "bay_no": 0, "direction": "L to R" }, "geometry": { "type": "Point", "coordinates": [ 76.995428077878088, 8.370198630702818 ] } },
{ "type": "Feature", "properties": { "Label": "Parking to STS01 – Lane 1 Truck 1", "New_ID": "223_1", "dist_m": 669, "time_sec": 111.5, "latitude": 8.370178, "longitude": 76.995445, "bay_no": 0, "direction": "L to R" }, "geometry": { "type": "Point", "coordinates": [ 76.995445251898488, 8.370177583769593 ] } },
{ "type": "Feature", "properties": { "Label": "Parking to STS01 – Lane 1 Truck 1", "New_ID": "224_1", "dist_m": 672, "time_sec": 112.0, "latitude": 8.370157, "longitude": 76.995462, "bay_no": 0, "direction": "L to R" }, "geometry": { "type": "Point", "coordinates": [ 76.995462425917125, 8.370156536836031 ] } },
{ "type": "Feature", "properties": { "Label": "Parking to STS01 – Lane 1 Truck 1", "New_ID": "225_1", "dist_m": 675, "time_sec": 112.5, "latitude": 8.370135, "longitude": 76.99548, "bay_no": 0, "direction": "L to R" }, "geometry": { "type": "Point", "coordinates": [ 76.995479599934001, 8.370135489902134 ] } },
{ "type": "Feature", "properties": { "Label": "Parking to STS01 – Lane 1 Truck 1", "New_ID": "226_1", "dist_m": 678, "time_sec": 113.0, "latitude": 8.370114, "longitude": 76.995497, "bay_no": 0, "direction": "L to R" }, "geometry": { "type": "Point", "coordinates": [ 76.995496773949142, 8.370114442967902 ] } },
{ "type": "Feature", "properties": { "Label": "Parking to STS01 – Lane 1 Truck 1", "New_ID": "227_1", "dist_m": 681, "time_sec": 113.5, "latitude": 8.370093, "longitude": 76.995514, "bay_no": 0, "direction": "L to R" }, "geometry": { "type": "Point", "coordinates": [ 76.995513947962507, 8.370093396033337 ] } },
{ "type": "Feature", "properties": { "Label": "Parking to STS01 – Lane 1 Truck 1", "New_ID": "228_1", "dist_m": 684, "time_sec": 114.0, "latitude": 8.370072, "longitude": 76.995531, "bay_no": 0, "direction": "L to R" }, "geometry": { "type": "Point", "coordinates": [ 76.995531121974125, 8.370072349098434 ] } },
{ "type": "Feature", "properties": { "Label": "Parking to STS01 – Lane 1 Truck 1", "New_ID": "229_1", "dist_m": 687, "time_sec": 114.5, "latitude": 8.370051, "longitude": 76.995548, "bay_no": 0, "direction": "L to R" }, "geometry": { "type": "Point", "coordinates": [ 76.99554829598398, 8.370051302163198 ] } },
{ "type": "Feature", "properties": { "Label": "Parking to STS01 – Lane 1 Truck 1", "New_ID": "230_1", "dist_m": 690, "time_sec": 115.0, "latitude": 8.37003, "longitude": 76.995565, "bay_no": 0, "direction": "L to R" }, "geometry": { "type": "Point", "coordinates": [ 76.995565469992087, 8.370030255227626 ] } },
{ "type": "Feature", "properties": { "Label": "Parking to STS01 – Lane 1 Truck 1", "New_ID": "231_1", "dist_m": 693, "time_sec": 115.5, "latitude": 8.370009, "longitude": 76.995583, "bay_no": 0, "direction": "L to R" }, "geometry": { "type": "Point", "coordinates": [ 76.995582643998432, 8.370009208291718 ] } },
{ "type": "Feature", "properties": { "Label": "Parking to STS01 – Lane 1 Truck 1", "New_ID": "232_1", "dist_m": 696, "time_sec": 116.0, "latitude": 8.369988, "longitude": 76.9956, "bay_no": 0, "direction": "L to R" }, "geometry": { "type": "Point", "coordinates": [ 76.995599818003043, 8.369988161355478 ] } },
{ "type": "Feature", "properties": { "Label": "Parking to STS01 – Lane 1 Truck 1", "New_ID": "233_1", "dist_m": 699, "time_sec": 116.5, "latitude": 8.369967, "longitude": 76.995617, "bay_no": 0, "direction": "L to R" }, "geometry": { "type": "Point", "coordinates": [ 76.995616992005864, 8.369967114418902 ] } },
{ "type": "Feature", "properties": { "Label": "Parking to STS01 – Lane 1 Truck 1", "New_ID": "234_1", "dist_m": 702, "time_sec": 117.0, "latitude": 8.369946, "longitude": 76.995634, "bay_no": 0, "direction": "L to R" }, "geometry": { "type": "Point", "coordinates": [ 76.995634166006965, 8.369946067481989 ] } },
{ "type": "Feature", "properties": { "Label": "Parking to STS01 – Lane 1 Truck 1", "New_ID": "235_1", "dist_m": 705, "time_sec": 117.5, "latitude": 8.369925, "longitude": 76.995651, "bay_no": 0, "direction": "L to R" }, "geometry": { "type": "Point", "coordinates": [ 76.995651340006276, 8.369925020544741 ] } },
{ "type": "Feature", "properties": { "Label": "Parking to STS01 – Lane 1 Truck 1", "New_ID": "1130_1", "dist_m": 708, "time_sec": 118.0, "latitude": 8.369904, "longitude": 76.995669, "bay_no": 0, "direction": "L to R" }, "geometry": { "type": "Point", "coordinates": [ 76.995668514003853, 8.36990397360716 ] } },
{ "type": "Feature", "properties": { "Label": "Parking to STS01 – Lane 1 Truck 1", "New_ID": "2_1_1", "dist_m": 8, "time_sec": 1.3, "latitude": 8.374367, "longitude": 76.996234, "bay_no": 0, "direction": "R to L" }, "geometry": { "type": "Point", "coordinates": [ 76.996233818990873, 8.374367100400482 ] } },
{ "type": "Feature", "properties": { "Label": "Parking to STS01 – Lane 1 Truck 1", "New_ID": "186_1_1", "dist_m": 559, "time_sec": 93.2, "latitude": 8.370864, "longitude": 76.995605, "bay_no": 0, "direction": "L to R" }, "geometry": { "type": "Point", "coordinates": [ 76.995604883049353, 8.370864045329704 ] } }
]
}
