{
"type": "FeatureCollection",
"name": "STS 01 to 1E35A Lane 1 Truck 1",
"crs": { "type": "name", "properties": { "name": "urn:ogc:def:crs:OGC:1.3:CRS84" } },
"xy_coordinate_resolution": 1e-15,
"features": [
{ "type": "Feature", "properties": { "Label": "STS 01 to 1E35A Lane 1 Truck 1", "New_ID": "236_1", "dist_m": 708, "time_sec": 118.0, "latitude": 8.369904, "longitude": 76.995669, "bay_no": 0, "direction": "L to R" }, "geometry": { "type": "Point", "coordinates": [ 76.995668514003853, 8.36990397360716 ] } },
{ "type": "Feature", "properties": { "Label": "STS 01 to 1E35A Lane 1 Truck 1", "New_ID": "237_1", "dist_m": 711, "time_sec": 118.5, "latitude": 8.369883, "longitude": 76.995686, "bay_no": 0, "direction": "L to R" }, "geometry": { "type": "Point", "coordinates": [ 76.995685687999668, 8.369882926669245 ] } },
{ "type": "Feature", "properties": { "Label": "STS 01 to 1E35A Lane 1 Truck 1", "New_ID": "238_1", "dist_m": 714, "time_sec": 119.0, "latitude": 8.369862, "longitude": 76.995703, "bay_no": 0, "direction": "L to R" }, "geometry": { "type": "Point", "coordinates": [ 76.995702861993735, 8.369861879730994 ] } },
{ "type": "Feature", "properties": { "Label": "STS 01 to 1E35A Lane 1 Truck 1", "New_ID": "239_1", "dist_m": 717, "time_sec": 119.5, "latitude": 8.369841, "longitude": 76.99572, "bay_no": 0, "direction": "L to R" }, "geometry": { "type": "Point", "coordinates": [ 76.995720035986039, 8.369840832792406 ] } },
{ "type": "Feature", "properties": { "Label": "STS 01 to 1E35A Lane 1 Truck 1", "New_ID": "240_1", "dist_m": 720, "time_sec": 120.0, "latitude": 8.36982, "longitude": 76.995737, "bay_no": 0, "direction": "L to R" }, "geometry": { "type": "Point", "coordinates": [ 76.995737209976582, 8.369819785853483 ] } },
{ "type": "Feature", "properties": { "Label": "STS 01 to 1E35A Lane 1 Truck 1", "New_ID": "241_1", "dist_m": 723, "time_sec": 120.5, "latitude": 8.369799, "longitude": 76.995754, "bay_no": 0, "direction": "L to R" }, "geometry": { "type": "Point", "coordinates": [ 76.995754383965377, 8.369798738914229 ] } },
{ "type": "Feature", "properties": { "Label": "STS 01 to 1E35A Lane 1 Truck 1", "New_ID": "242_1", "dist_m": 726, "time_sec": 121.0, "latitude": 8.369778, "longitude": 76.995772, "bay_no": 0, "direction": "L to R" }, "geometry": { "type": "Point", "coordinates": [ 76.995771557952423, 8.369777691974639 ] } },
{ "type": "Feature", "properties": { "Label": "STS 01 to 1E35A Lane 1 Truck 1", "New_ID": "243_1", "dist_m": 729, "time_sec": 121.5, "latitude": 8.369757, "longitude": 76.995789, "bay_no": 0, "direction": "L to R" }, "geometry": { "type": "Point", "coordinates": [ 76.995788731937694, 8.369756645034711 ] } },
{ "type": "Feature", "properties": { "Label": "STS 01 to 1E35A Lane 1 Truck 1", "New_ID": "244_1", "dist_m": 732, "time_sec": 122.0, "latitude": 8.369736, "longitude": 76.995806, "bay_no": 0, "direction": "L to R" }, "geometry": { "type": "Point", "coordinates": [ 76.99580590592123, 8.369735598094449 ] } },
{ "type": "Feature", "properties": { "Label": "STS 01 to 1E35A Lane 1 Truck 1", "New_ID": "245_1", "dist_m": 735, "time_sec": 122.5, "latitude": 8.369715, "longitude": 76.995823, "bay_no": 0, "direction": "L to R" }, "geometry": { "type": "Point", "coordinates": [ 76.995823079903005, 8.369714551153853 ] } },
{ "type": "Feature", "properties": { "Label": "STS 01 to 1E35A Lane 1 Truck 1", "New_ID": "246_1", "dist_m": 738, "time_sec": 123.0, "latitude": 8.369694, "longitude": 76.99584, "bay_no": 0, "direction": "L to R" }, "geometry": { "type": "Point", "coordinates": [ 76.995840253883017, 8.36969350421292 ] } },
{ "type": "Feature", "properties": { "Label": "STS 01 to 1E35A Lane 1 Truck 1", "New_ID": "247_1", "dist_m": 741, "time_sec": 123.5, "latitude": 8.369672, "longitude": 76.995857, "bay_no": 0, "direction": "L to R" }, "geometry": { "type": "Point", "coordinates": [ 76.995857427861282, 8.369672457271655 ] } },
{ "type": "Feature", "properties": { "Label": "STS 01 to 1E35A Lane 1 Truck 1", "New_ID": "248_1", "dist_m": 744, "time_sec": 124.0, "latitude": 8.369651, "longitude": 76.995875, "bay_no": 0, "direction": "L to R" }, "geometry": { "type": "Point", "coordinates": [ 76.995874601837784, 8.369651410330057 ] } },
{ "type": "Feature", "properties": { "Label": "STS 01 to 1E35A Lane 1 Truck 1", "New_ID": "249_1", "dist_m": 747, "time_sec": 124.5, "latitude": 8.36963, "longitude": 76.995892, "bay_no": 0, "direction": "L to R" }, "geometry": { "type": "Point", "coordinates": [ 76.995891775812524, 8.36963036338812 ] } },
{ "type": "Feature", "properties": { "Label": "STS 01 to 1E35A Lane 1 Truck 1", "New_ID": "250_1", "dist_m": 750, "time_sec": 125.0, "latitude": 8.369609, "longitude": 76.995909, "bay_no": 0, "direction": "L to R" }, "geometry": { "type": "Point", "coordinates": [ 76.99590894978553, 8.36960931644585 ] } },
{ "type": "Feature", "properties": { "Label": "STS 01 to 1E35A Lane 1 Truck 1", "New_ID": "251_1", "dist_m": 753, "time_sec": 125.5, "latitude": 8.369588, "longitude": 76.995926, "bay_no": 0, "direction": "L to R" }, "geometry": { "type": "Point", "coordinates": [ 76.995926123756774, 8.369588269503245 ] } },
{ "type": "Feature", "properties": { "Label": "STS 01 to 1E35A Lane 1 Truck 1", "New_ID": "252_1", "dist_m": 756, "time_sec": 126.0, "latitude": 8.369567, "longitude": 76.995943, "bay_no": 0, "direction": "L to R" }, "geometry": { "type": "Point", "coordinates": [ 76.995943297726242, 8.369567222560304 ] } },
{ "type": "Feature", "properties": { "Label": "STS 01 to 1E35A Lane 1 Truck 1", "New_ID": "253_1", "dist_m": 759, "time_sec": 126.5, "latitude": 8.369546, "longitude": 76.99596, "bay_no": 0, "direction": "L to R" }, "geometry": { "type": "Point", "coordinates": [ 76.995960471693977, 8.369546175617028 ] } },
{ "type": "Feature", "properties": { "Label": "STS 01 to 1E35A Lane 1 Truck 1", "New_ID": "254_1", "dist_m": 762, "time_sec": 127.0, "latitude": 8.369525, "longitude": 76.995978, "bay_no": 0, "direction": "L to R" }, "geometry": { "type": "Point", "coordinates": [ 76.995977645659949, 8.369525128673418 ] } },
{ "type": "Feature", "properties": { "Label": "STS 01 to 1E35A Lane 1 Truck 1", "New_ID": "255_1", "dist_m": 765, "time_sec": 127.5, "latitude": 8.369504, "longitude": 76.995995, "bay_no": 0, "direction": "L to R" }, "geometry": { "type": "Point", "coordinates": [ 76.995994819624158, 8.369504081729474 ] } },
{ "type": "Feature", "properties": { "Label": "STS 01 to 1E35A Lane 1 Truck 1", "New_ID": "256_1", "dist_m": 768, "time_sec": 128.0, "latitude": 8.369483, "longitude": 76.996012, "bay_no": 0, "direction": "L to R" }, "geometry": { "type": "Point", "coordinates": [ 76.99601199358662, 8.369483034785192 ] } },
{ "type": "Feature", "properties": { "Label": "STS 01 to 1E35A Lane 1 Truck 1", "New_ID": "257_1", "dist_m": 771, "time_sec": 128.5, "latitude": 8.369462, "longitude": 76.996029, "bay_no": 0, "direction": "L to R" }, "geometry": { "type": "Point", "coordinates": [ 76.996029167547334, 8.369461987840578 ] } },
{ "type": "Feature", "properties": { "Label": "STS 01 to 1E35A Lane 1 Truck 1", "New_ID": "258_1", "dist_m": 774, "time_sec": 129.0, "latitude": 8.369441, "longitude": 76.996046, "bay_no": 0, "direction": "L to R" }, "geometry": { "type": "Point", "coordinates": [ 76.996046341506286, 8.369440940895629 ] } },
{ "type": "Feature", "properties": { "Label": "STS 01 to 1E35A Lane 1 Truck 1", "New_ID": "259_1", "dist_m": 777, "time_sec": 129.5, "latitude": 8.36942, "longitude": 76.996064, "bay_no": 0, "direction": "L to R" }, "geometry": { "type": "Point", "coordinates": [ 76.996063515463476, 8.369419893950344 ] } },
{ "type": "Feature", "properties": { "Label": "STS 01 to 1E35A Lane 1 Truck 1", "New_ID": "260_1", "dist_m": 780, "time_sec": 130.0, "latitude": 8.369399, "longitude": 76.996081, "bay_no": 0, "direction": "L to R" }, "geometry": { "type": "Point", "coordinates": [ 76.996080689418918, 8.369398847004724 ] } },
{ "type": "Feature", "properties": { "Label": "STS 01 to 1E35A Lane 1 Truck 1", "New_ID": "261_1", "dist_m": 783, "time_sec": 130.5, "latitude": 8.369378, "longitude": 76.996098, "bay_no": 0, "direction": "L to R" }, "geometry": { "type": "Point", "coordinates": [ 76.996097863372597, 8.36937780005877 ] } },
{ "type": "Feature", "properties": { "Label": "STS 01 to 1E35A Lane 1 Truck 1", "New_ID": "262_1", "dist_m": 786, "time_sec": 131.0, "latitude": 8.369357, "longitude": 76.996115, "bay_no": 0, "direction": "L to R" }, "geometry": { "type": "Point", "coordinates": [ 76.996115037324529, 8.369356753112481 ] } },
{ "type": "Feature", "properties": { "Label": "STS 01 to 1E35A Lane 1 Truck 1", "New_ID": "263_1", "dist_m": 789, "time_sec": 131.5, "latitude": 8.369336, "longitude": 76.996132, "bay_no": 0, "direction": "L to R" }, "geometry": { "type": "Point", "coordinates": [ 76.996132211274713, 8.369335706165856 ] } },
{ "type": "Feature", "properties": { "Label": "STS 01 to 1E35A Lane 1 Truck 1", "New_ID": "264_1", "dist_m": 792, "time_sec": 132.0, "latitude": 8.369315, "longitude": 76.996149, "bay_no": 0, "direction": "L to R" }, "geometry": { "type": "Point", "coordinates": [ 76.996149385223134, 8.369314659218899 ] } },
{ "type": "Feature", "properties": { "Label": "STS 01 to 1E35A Lane 1 Truck 1", "New_ID": "265_1", "dist_m": 795, "time_sec": 132.5, "latitude": 8.369294, "longitude": 76.996167, "bay_no": 0, "direction": "L to R" }, "geometry": { "type": "Point", "coordinates": [ 76.996166559169794, 8.369293612271607 ] } },
{ "type": "Feature", "properties": { "Label": "STS 01 to 1E35A Lane 1 Truck 1", "New_ID": "266_1", "dist_m": 798, "time_sec": 133.0, "latitude": 8.369273, "longitude": 76.996184, "bay_no": 0, "direction": "L to R" }, "geometry": { "type": "Point", "coordinates": [ 76.996183733114705, 8.369272565323978 ] } },
{ "type": "Feature", "properties": { "Label": "STS 01 to 1E35A Lane 1 Truck 1", "New_ID": "267_1", "dist_m": 801, "time_sec": 133.5, "latitude": 8.369252, "longitude": 76.996201, "bay_no": 0, "direction": "L to R" }, "geometry": { "type": "Point", "coordinates": [ 76.996200907057855, 8.369251518376014 ] } },
{ "type": "Feature", "properties": { "Label": "STS 01 to 1E35A Lane 1 Truck 1", "New_ID": "268_1", "dist_m": 804, "time_sec": 134.0, "latitude": 8.36923, "longitude": 76.996218, "bay_no": 0, "direction": "L to R" }, "geometry": { "type": "Point", "coordinates": [ 76.996218080999256, 8.369230471427718 ] } },
{ "type": "Feature", "properties": { "Label": "STS 01 to 1E35A Lane 1 Truck 1", "New_ID": "269_1", "dist_m": 807, "time_sec": 134.5, "latitude": 8.369209, "longitude": 76.996235, "bay_no": 0, "direction": "L to R" }, "geometry": { "type": "Point", "coordinates": [ 76.996235254938895, 8.369209424479086 ] } },
{ "type": "Feature", "properties": { "Label": "STS 01 to 1E35A Lane 1 Truck 1", "New_ID": "270_1", "dist_m": 810, "time_sec": 135.0, "latitude": 8.369188, "longitude": 76.996252, "bay_no": 0, "direction": "L to R" }, "geometry": { "type": "Point", "coordinates": [ 76.996252428876772, 8.369188377530117 ] } },
{ "type": "Feature", "properties": { "Label": "STS 01 to 1E35A Lane 1 Truck 1", "New_ID": "271_1", "dist_m": 813, "time_sec": 135.5, "latitude": 8.369167, "longitude": 76.99627, "bay_no": 0, "direction": "L to R" }, "geometry": { "type": "Point", "coordinates": [ 76.996269602812902, 8.369167330580815 ] } },
{ "type": "Feature", "properties": { "Label": "STS 01 to 1E35A Lane 1 Truck 1", "New_ID": "272_1", "dist_m": 816, "time_sec": 136.0, "latitude": 8.369146, "longitude": 76.996287, "bay_no": 0, "direction": "L to R" }, "geometry": { "type": "Point", "coordinates": [ 76.996286776747283, 8.369146283631178 ] } },
{ "type": "Feature", "properties": { "Label": "STS 01 to 1E35A Lane 1 Truck 1", "New_ID": "273_1", "dist_m": 819, "time_sec": 136.5, "latitude": 8.369125, "longitude": 76.996304, "bay_no": 0, "direction": "L to R" }, "geometry": { "type": "Point", "coordinates": [ 76.996303950679902, 8.369125236681205 ] } },
{ "type": "Feature", "properties": { "Label": "STS 01 to 1E35A Lane 1 Truck 1", "New_ID": "274_1", "dist_m": 822, "time_sec": 137.0, "latitude": 8.369104, "longitude": 76.996321, "bay_no": 0, "direction": "L to R" }, "geometry": { "type": "Point", "coordinates": [ 76.996321124610759, 8.3691041897309 ] } },
{ "type": "Feature", "properties": { "Label": "STS 01 to 1E35A Lane 1 Truck 1", "New_ID": "275_1", "dist_m": 825, "time_sec": 137.5, "latitude": 8.369083, "longitude": 76.996338, "bay_no": 0, "direction": "L to R" }, "geometry": { "type": "Point", "coordinates": [ 76.996338298539868, 8.369083142780259 ] } },
{ "type": "Feature", "properties": { "Label": "STS 01 to 1E35A Lane 1 Truck 1", "New_ID": "276_1", "dist_m": 828, "time_sec": 138.0, "latitude": 8.369062, "longitude": 76.996355, "bay_no": 0, "direction": "L to R" }, "geometry": { "type": "Point", "coordinates": [ 76.996355472467215, 8.369062095829282 ] } },
{ "type": "Feature", "properties": { "Label": "STS 01 to 1E35A Lane 1 Truck 1", "New_ID": "277_1", "dist_m": 831, "time_sec": 138.5, "latitude": 8.369041, "longitude": 76.996373, "bay_no": 0, "direction": "L to R" }, "geometry": { "type": "Point", "coordinates": [ 76.996372646392814, 8.369041048877973 ] } },
{ "type": "Feature", "properties": { "Label": "STS 01 to 1E35A Lane 1 Truck 1", "New_ID": "278_1", "dist_m": 834, "time_sec": 139.0, "latitude": 8.36902, "longitude": 76.99639, "bay_no": 0, "direction": "L to R" }, "geometry": { "type": "Point", "coordinates": [ 76.996389820316665, 8.369020001926327 ] } },
{ "type": "Feature", "properties": { "Label": "STS 01 to 1E35A Lane 1 Truck 1", "New_ID": "279_1", "dist_m": 837, "time_sec": 139.5, "latitude": 8.368999, "longitude": 76.996407, "bay_no": 0, "direction": "L to R" }, "geometry": { "type": "Point", "coordinates": [ 76.996406994238754, 8.368998954974346 ] } },
{ "type": "Feature", "properties": { "Label": "STS 01 to 1E35A Lane 1 Truck 1", "New_ID": "280_1", "dist_m": 840, "time_sec": 140.0, "latitude": 8.368978, "longitude": 76.996424, "bay_no": 0, "direction": "L to R" }, "geometry": { "type": "Point", "coordinates": [ 76.996424168159081, 8.368977908022034 ] } },
{ "type": "Feature", "properties": { "Label": "STS 01 to 1E35A Lane 1 Truck 1", "New_ID": "281_1", "dist_m": 843, "time_sec": 140.5, "latitude": 8.368957, "longitude": 76.996441, "bay_no": 0, "direction": "L to R" }, "geometry": { "type": "Point", "coordinates": [ 76.996441342077674, 8.368956861069382 ] } },
{ "type": "Feature", "properties": { "Label": "STS 01 to 1E35A Lane 1 Truck 1", "New_ID": "282_1", "dist_m": 846, "time_sec": 141.0, "latitude": 8.368942, "longitude": 76.996459, "bay_no": 0, "direction": "D to U" }, "geometry": { "type": "Point", "coordinates": [ 76.996459202828817, 8.368942218312872 ] } },
{ "type": "Feature", "properties": { "Label": "STS 01 to 1E35A Lane 1 Truck 1", "New_ID": "283_1", "dist_m": 849, "time_sec": 141.5, "latitude": 8.368959, "longitude": 76.99648, "bay_no": 0, "direction": "D to U" }, "geometry": { "type": "Point", "coordinates": [ 76.996480452896066, 8.368959178291112 ] } },
{ "type": "Feature", "properties": { "Label": "STS 01 to 1E35A Lane 1 Truck 1", "New_ID": "284_1", "dist_m": 852, "time_sec": 142.0, "latitude": 8.368976, "longitude": 76.996502, "bay_no": 0, "direction": "D to U" }, "geometry": { "type": "Point", "coordinates": [ 76.996501702965048, 8.368976138267763 ] } },
{ "type": "Feature", "properties": { "Label": "STS 01 to 1E35A Lane 1 Truck 1", "New_ID": "285_1", "dist_m": 855, "time_sec": 142.5, "latitude": 8.368993, "longitude": 76.996523, "bay_no": 0, "direction": "D to U" }, "geometry": { "type": "Point", "coordinates": [ 76.996522953035793, 8.368993098242829 ] } },
{ "type": "Feature", "properties": { "Label": "STS 01 to 1E35A Lane 1 Truck 1", "New_ID": "286_1", "dist_m": 858, "time_sec": 143.0, "latitude": 8.36901, "longitude": 76.996544, "bay_no": 0, "direction": "D to U" }, "geometry": { "type": "Point", "coordinates": [ 76.996544203108257, 8.369010058216299 ] } },
{ "type": "Feature", "properties": { "Label": "STS 01 to 1E35A Lane 1 Truck 1", "New_ID": "287_1", "dist_m": 861, "time_sec": 143.5, "latitude": 8.369027, "longitude": 76.996565, "bay_no": 0, "direction": "D to U" }, "geometry": { "type": "Point", "coordinates": [ 76.99656545318247, 8.369027018188183 ] } },
{ "type": "Feature", "properties": { "Label": "STS 01 to 1E35A Lane 1 Truck 1", "New_ID": "288_1", "dist_m": 864, "time_sec": 144.0, "latitude": 8.369044, "longitude": 76.996587, "bay_no": 0, "direction": "D to U" }, "geometry": { "type": "Point", "coordinates": [ 76.99658670325843, 8.369043978158476 ] } },
{ "type": "Feature", "properties": { "Label": "STS 01 to 1E35A Lane 1 Truck 1", "New_ID": "289_1", "dist_m": 867, "time_sec": 144.5, "latitude": 8.369061, "longitude": 76.996608, "bay_no": 0, "direction": "D to U" }, "geometry": { "type": "Point", "coordinates": [ 76.996607953336138, 8.369060938127182 ] } },
{ "type": "Feature", "properties": { "Label": "STS 01 to 1E35A Lane 1 Truck 1", "New_ID": "290_1", "dist_m": 870, "time_sec": 145.0, "latitude": 8.369078, "longitude": 76.996629, "bay_no": 0, "direction": "D to U" }, "geometry": { "type": "Point", "coordinates": [ 76.996629203415594, 8.369077898094295 ] } },
{ "type": "Feature", "properties": { "Label": "STS 01 to 1E35A Lane 1 Truck 1", "New_ID": "291_1", "dist_m": 873, "time_sec": 145.5, "latitude": 8.369095, "longitude": 76.99665, "bay_no": 0, "direction": "D to U" }, "geometry": { "type": "Point", "coordinates": [ 76.996650453496784, 8.369094858059821 ] } },
{ "type": "Feature", "properties": { "Label": "STS 01 to 1E35A Lane 1 Truck 1", "New_ID": "292_1", "dist_m": 876, "time_sec": 146.0, "latitude": 8.369112, "longitude": 76.996672, "bay_no": 0, "direction": "D to U" }, "geometry": { "type": "Point", "coordinates": [ 76.996671703579722, 8.369111818023757 ] } },
{ "type": "Feature", "properties": { "Label": "STS 01 to 1E35A Lane 1 Truck 1", "New_ID": "293_1", "dist_m": 879, "time_sec": 146.5, "latitude": 8.369129, "longitude": 76.996693, "bay_no": 0, "direction": "D to U" }, "geometry": { "type": "Point", "coordinates": [ 76.996692953664407, 8.369128777986104 ] } },
{ "type": "Feature", "properties": { "Label": "STS 01 to 1E35A Lane 1 Truck 1", "New_ID": "294_1", "dist_m": 882, "time_sec": 147.0, "latitude": 8.369146, "longitude": 76.996714, "bay_no": 0, "direction": "D to U" }, "geometry": { "type": "Point", "coordinates": [ 76.996714203750841, 8.369145737946861 ] } },
{ "type": "Feature", "properties": { "Label": "STS 01 to 1E35A Lane 1 Truck 1", "New_ID": "295_1", "dist_m": 885, "time_sec": 147.5, "latitude": 8.369163, "longitude": 76.996735, "bay_no": 0, "direction": "D to U" }, "geometry": { "type": "Point", "coordinates": [ 76.996735453839008, 8.369162697906027 ] } },
{ "type": "Feature", "properties": { "Label": "STS 01 to 1E35A Lane 1 Truck 1", "New_ID": "296_1", "dist_m": 888, "time_sec": 148.0, "latitude": 8.36918, "longitude": 76.996757, "bay_no": 0, "direction": "D to U" }, "geometry": { "type": "Point", "coordinates": [ 76.996756703928909, 8.369179657863604 ] } },
{ "type": "Feature", "properties": { "Label": "STS 01 to 1E35A Lane 1 Truck 1", "New_ID": "297_1", "dist_m": 891, "time_sec": 148.5, "latitude": 8.369197, "longitude": 76.996778, "bay_no": 0, "direction": "D to U" }, "geometry": { "type": "Point", "coordinates": [ 76.996777954020573, 8.369196617819593 ] } },
{ "type": "Feature", "properties": { "Label": "STS 01 to 1E35A Lane 1 Truck 1", "New_ID": "298_1", "dist_m": 894, "time_sec": 149.0, "latitude": 8.369214, "longitude": 76.996799, "bay_no": 0, "direction": "D to U" }, "geometry": { "type": "Point", "coordinates": [ 76.996799204113969, 8.369213577773992 ] } },
{ "type": "Feature", "properties": { "Label": "STS 01 to 1E35A Lane 1 Truck 1", "New_ID": "299_1", "dist_m": 897, "time_sec": 149.5, "latitude": 8.369231, "longitude": 76.99682, "bay_no": 0, "direction": "D to U" }, "geometry": { "type": "Point", "coordinates": [ 76.996820454209129, 8.369230537726802 ] } },
{ "type": "Feature", "properties": { "Label": "STS 01 to 1E35A Lane 1 Truck 1", "New_ID": "300_1", "dist_m": 900, "time_sec": 150.0, "latitude": 8.36925, "longitude": 76.996815, "bay_no": 0, "direction": "R to L" }, "geometry": { "type": "Point", "coordinates": [ 76.996815267039736, 8.369250309463288 ] } },
{ "type": "Feature", "properties": { "Label": "STS 01 to 1E35A Lane 1 Truck 1", "New_ID": "301_1", "dist_m": 903, "time_sec": 150.5, "latitude": 8.369271, "longitude": 76.996798, "bay_no": 0, "direction": "R to L" }, "geometry": { "type": "Point", "coordinates": [ 76.996798092743475, 8.369271356112579 ] } },
{ "type": "Feature", "properties": { "Label": "STS 01 to 1E35A Lane 1 Truck 1", "New_ID": "302_1", "dist_m": 906, "time_sec": 151.0, "latitude": 8.369292, "longitude": 76.996781, "bay_no": 0, "direction": "R to L" }, "geometry": { "type": "Point", "coordinates": [ 76.996780918445467, 8.369292402761538 ] } },
{ "type": "Feature", "properties": { "Label": "STS 01 to 1E35A Lane 1 Truck 1", "New_ID": "303_1", "dist_m": 909, "time_sec": 151.5, "latitude": 8.369313, "longitude": 76.996764, "bay_no": 0, "direction": "R to L" }, "geometry": { "type": "Point", "coordinates": [ 76.99676374414571, 8.369313449410159 ] } },
{ "type": "Feature", "properties": { "Label": "STS 01 to 1E35A Lane 1 Truck 1", "New_ID": "304_1", "dist_m": 912, "time_sec": 152.0, "latitude": 8.369334, "longitude": 76.996747, "bay_no": 0, "direction": "R to L" }, "geometry": { "type": "Point", "coordinates": [ 76.996746569844177, 8.36933449605845 ] } },
{ "type": "Feature", "properties": { "Label": "STS 01 to 1E35A Lane 1 Truck 1", "New_ID": "305_1", "dist_m": 915, "time_sec": 152.5, "latitude": 8.369356, "longitude": 76.996729, "bay_no": 0, "direction": "R to L" }, "geometry": { "type": "Point", "coordinates": [ 76.996729395540896, 8.369355542706401 ] } },
{ "type": "Feature", "properties": { "Label": "STS 01 to 1E35A Lane 1 Truck 1", "New_ID": "306_1", "dist_m": 918, "time_sec": 153.0, "latitude": 8.369377, "longitude": 76.996712, "bay_no": 0, "direction": "R to L" }, "geometry": { "type": "Point", "coordinates": [ 76.996712221235882, 8.369376589354021 ] } },
{ "type": "Feature", "properties": { "Label": "STS 01 to 1E35A Lane 1 Truck 1", "New_ID": "307_1", "dist_m": 921, "time_sec": 153.5, "latitude": 8.369398, "longitude": 76.996695, "bay_no": 0, "direction": "R to L" }, "geometry": { "type": "Point", "coordinates": [ 76.996695046929091, 8.369397636001302 ] } },
{ "type": "Feature", "properties": { "Label": "STS 01 to 1E35A Lane 1 Truck 1", "New_ID": "308_1", "dist_m": 924, "time_sec": 154.0, "latitude": 8.369419, "longitude": 76.996678, "bay_no": 0, "direction": "R to L" }, "geometry": { "type": "Point", "coordinates": [ 76.996677872620538, 8.369418682648254 ] } },
{ "type": "Feature", "properties": { "Label": "STS 01 to 1E35A Lane 1 Truck 1", "New_ID": "309_1", "dist_m": 927, "time_sec": 154.5, "latitude": 8.36944, "longitude": 76.996661, "bay_no": 0, "direction": "R to L" }, "geometry": { "type": "Point", "coordinates": [ 76.996660698310251, 8.369439729294866 ] } },
{ "type": "Feature", "properties": { "Label": "STS 01 to 1E35A Lane 1 Truck 1", "New_ID": "310_1", "dist_m": 930, "time_sec": 155.0, "latitude": 8.369461, "longitude": 76.996644, "bay_no": 0, "direction": "R to L" }, "geometry": { "type": "Point", "coordinates": [ 76.996643523998188, 8.369460775941148 ] } },
{ "type": "Feature", "properties": { "Label": "STS 01 to 1E35A Lane 1 Truck 1", "New_ID": "311_1", "dist_m": 933, "time_sec": 155.5, "latitude": 8.369482, "longitude": 76.996626, "bay_no": 0, "direction": "R to L" }, "geometry": { "type": "Point", "coordinates": [ 76.996626349684391, 8.36948182258709 ] } },
{ "type": "Feature", "properties": { "Label": "STS 01 to 1E35A Lane 1 Truck 1", "New_ID": "312_1", "dist_m": 936, "time_sec": 156.0, "latitude": 8.369503, "longitude": 76.996609, "bay_no": 0, "direction": "R to L" }, "geometry": { "type": "Point", "coordinates": [ 76.996609175368818, 8.369502869232702 ] } },
{ "type": "Feature", "properties": { "Label": "STS 01 to 1E35A Lane 1 Truck 1", "New_ID": "313_1", "dist_m": 939, "time_sec": 156.5, "latitude": 8.369524, "longitude": 76.996592, "bay_no": 0, "direction": "R to L" }, "geometry": { "type": "Point", "coordinates": [ 76.996592001051496, 8.369523915877979 ] } },
{ "type": "Feature", "properties": { "Label": "STS 01 to 1E35A Lane 1 Truck 1", "New_ID": "314_1", "dist_m": 942, "time_sec": 157.0, "latitude": 8.369545, "longitude": 76.996575, "bay_no": 0, "direction": "R to L" }, "geometry": { "type": "Point", "coordinates": [ 76.996574826732427, 8.369544962522919 ] } },
{ "type": "Feature", "properties": { "Label": "STS 01 to 1E35A Lane 1 Truck 1", "New_ID": "315_1", "dist_m": 945, "time_sec": 157.5, "latitude": 8.369566, "longitude": 76.996558, "bay_no": 0, "direction": "R to L" }, "geometry": { "type": "Point", "coordinates": [ 76.996557652411582, 8.369566009167523 ] } },
{ "type": "Feature", "properties": { "Label": "STS 01 to 1E35A Lane 1 Truck 1", "New_ID": "316_1", "dist_m": 948, "time_sec": 158.0, "latitude": 8.369587, "longitude": 76.99654, "bay_no": 0, "direction": "R to L" }, "geometry": { "type": "Point", "coordinates": [ 76.996540478089003, 8.369587055811795 ] } },
{ "type": "Feature", "properties": { "Label": "STS 01 to 1E35A Lane 1 Truck 1", "New_ID": "317_1", "dist_m": 951, "time_sec": 158.5, "latitude": 8.369608, "longitude": 76.996523, "bay_no": 0, "direction": "R to L" }, "geometry": { "type": "Point", "coordinates": [ 76.996523303764661, 8.369608102455731 ] } },
{ "type": "Feature", "properties": { "Label": "STS 01 to 1E35A Lane 1 Truck 1", "New_ID": "318_1", "dist_m": 954, "time_sec": 159.0, "latitude": 8.369629, "longitude": 76.996506, "bay_no": 0, "direction": "R to L" }, "geometry": { "type": "Point", "coordinates": [ 76.996506129438572, 8.369629149099332 ] } },
{ "type": "Feature", "properties": { "Label": "STS 01 to 1E35A Lane 1 Truck 1", "New_ID": "319_1", "dist_m": 957, "time_sec": 159.5, "latitude": 8.36965, "longitude": 76.996489, "bay_no": 0, "direction": "R to L" }, "geometry": { "type": "Point", "coordinates": [ 76.996488955110721, 8.369650195742601 ] } },
{ "type": "Feature", "properties": { "Label": "STS 01 to 1E35A Lane 1 Truck 1", "New_ID": "320_1", "dist_m": 960, "time_sec": 160.0, "latitude": 8.369671, "longitude": 76.996472, "bay_no": 0, "direction": "R to L" }, "geometry": { "type": "Point", "coordinates": [ 76.996471780781107, 8.369671242385531 ] } },
{ "type": "Feature", "properties": { "Label": "STS 01 to 1E35A Lane 1 Truck 1", "New_ID": "321_1", "dist_m": 963, "time_sec": 160.5, "latitude": 8.369692, "longitude": 76.996455, "bay_no": 0, "direction": "R to L" }, "geometry": { "type": "Point", "coordinates": [ 76.996454606449745, 8.369692289028128 ] } },
{ "type": "Feature", "properties": { "Label": "STS 01 to 1E35A Lane 1 Truck 1", "New_ID": "322_1", "dist_m": 966, "time_sec": 161.0, "latitude": 8.369713, "longitude": 76.996437, "bay_no": 0, "direction": "R to L" }, "geometry": { "type": "Point", "coordinates": [ 76.996437432116622, 8.369713335670392 ] } },
{ "type": "Feature", "properties": { "Label": "STS 01 to 1E35A Lane 1 Truck 1", "New_ID": "323_1", "dist_m": 969, "time_sec": 161.5, "latitude": 8.369734, "longitude": 76.99642, "bay_no": 0, "direction": "R to L" }, "geometry": { "type": "Point", "coordinates": [ 76.99642025778175, 8.369734382312318 ] } },
{ "type": "Feature", "properties": { "Label": "STS 01 to 1E35A Lane 1 Truck 1", "New_ID": "324_1", "dist_m": 972, "time_sec": 162.0, "latitude": 8.369755, "longitude": 76.996403, "bay_no": 0, "direction": "R to L" }, "geometry": { "type": "Point", "coordinates": [ 76.996403083445117, 8.369755428953912 ] } },
{ "type": "Feature", "properties": { "Label": "STS 01 to 1E35A Lane 1 Truck 1", "New_ID": "325_1", "dist_m": 975, "time_sec": 162.5, "latitude": 8.369776, "longitude": 76.996386, "bay_no": 0, "direction": "R to L" }, "geometry": { "type": "Point", "coordinates": [ 76.996385909106735, 8.36977647559517 ] } },
{ "type": "Feature", "properties": { "Label": "STS 01 to 1E35A Lane 1 Truck 1", "New_ID": "326_1", "dist_m": 978, "time_sec": 163.0, "latitude": 8.369798, "longitude": 76.996369, "bay_no": 0, "direction": "R to L" }, "geometry": { "type": "Point", "coordinates": [ 76.996368734766591, 8.369797522236091 ] } },
{ "type": "Feature", "properties": { "Label": "STS 01 to 1E35A Lane 1 Truck 1", "New_ID": "327_1", "dist_m": 981, "time_sec": 163.5, "latitude": 8.369819, "longitude": 76.996352, "bay_no": 0, "direction": "R to L" }, "geometry": { "type": "Point", "coordinates": [ 76.996351560424699, 8.369818568876681 ] } },
{ "type": "Feature", "properties": { "Label": "STS 01 to 1E35A Lane 1 Truck 1", "New_ID": "328_1", "dist_m": 984, "time_sec": 164.0, "latitude": 8.36984, "longitude": 76.996334, "bay_no": 0, "direction": "R to L" }, "geometry": { "type": "Point", "coordinates": [ 76.996334386081045, 8.369839615516932 ] } },
{ "type": "Feature", "properties": { "Label": "STS 01 to 1E35A Lane 1 Truck 1", "New_ID": "329_1", "dist_m": 987, "time_sec": 164.5, "latitude": 8.369861, "longitude": 76.996317, "bay_no": 0, "direction": "R to L" }, "geometry": { "type": "Point", "coordinates": [ 76.996317211735644, 8.369860662156851 ] } },
{ "type": "Feature", "properties": { "Label": "STS 01 to 1E35A Lane 1 Truck 1", "New_ID": "330_1", "dist_m": 990, "time_sec": 165.0, "latitude": 8.369882, "longitude": 76.9963, "bay_no": 0, "direction": "R to L" }, "geometry": { "type": "Point", "coordinates": [ 76.996300037388465, 8.369881708796436 ] } },
{ "type": "Feature", "properties": { "Label": "STS 01 to 1E35A Lane 1 Truck 1", "New_ID": "331_1", "dist_m": 993, "time_sec": 165.5, "latitude": 8.369903, "longitude": 76.996283, "bay_no": 0, "direction": "R to L" }, "geometry": { "type": "Point", "coordinates": [ 76.996282863039553, 8.369902755435685 ] } },
{ "type": "Feature", "properties": { "Label": "STS 01 to 1E35A Lane 1 Truck 1", "New_ID": "332_1", "dist_m": 996, "time_sec": 166.0, "latitude": 8.369924, "longitude": 76.996266, "bay_no": 0, "direction": "R to L" }, "geometry": { "type": "Point", "coordinates": [ 76.996265688688879, 8.369923802074599 ] } },
{ "type": "Feature", "properties": { "Label": "STS 01 to 1E35A Lane 1 Truck 1", "New_ID": "333_1", "dist_m": 999, "time_sec": 166.5, "latitude": 8.369945, "longitude": 76.996249, "bay_no": 0, "direction": "R to L" }, "geometry": { "type": "Point", "coordinates": [ 76.996248514336443, 8.369944848713176 ] } },
{ "type": "Feature", "properties": { "Label": "STS 01 to 1E35A Lane 1 Truck 1", "New_ID": "334_1", "dist_m": 1002, "time_sec": 167.0, "latitude": 8.369966, "longitude": 76.996231, "bay_no": 0, "direction": "R to L" }, "geometry": { "type": "Point", "coordinates": [ 76.996231339982259, 8.369965895351422 ] } },
{ "type": "Feature", "properties": { "Label": "STS 01 to 1E35A Lane 1 Truck 1", "New_ID": "335_1", "dist_m": 1005, "time_sec": 167.5, "latitude": 8.369987, "longitude": 76.996214, "bay_no": 0, "direction": "R to L" }, "geometry": { "type": "Point", "coordinates": [ 76.996214165626327, 8.369986941989332 ] } },
{ "type": "Feature", "properties": { "Label": "STS 01 to 1E35A Lane 1 Truck 1", "New_ID": "336_1", "dist_m": 1008, "time_sec": 168.0, "latitude": 8.370008, "longitude": 76.996197, "bay_no": 0, "direction": "R to L" }, "geometry": { "type": "Point", "coordinates": [ 76.996196991268619, 8.370007988626904 ] } },
{ "type": "Feature", "properties": { "Label": "STS 01 to 1E35A Lane 1 Truck 1", "New_ID": "337_1", "dist_m": 1011, "time_sec": 168.5, "latitude": 8.370029, "longitude": 76.99618, "bay_no": 0, "direction": "R to L" }, "geometry": { "type": "Point", "coordinates": [ 76.996179816909176, 8.370029035264144 ] } },
{ "type": "Feature", "properties": { "Label": "STS 01 to 1E35A Lane 1 Truck 1", "New_ID": "338_1", "dist_m": 1014, "time_sec": 169.0, "latitude": 8.37005, "longitude": 76.996163, "bay_no": 0, "direction": "R to L" }, "geometry": { "type": "Point", "coordinates": [ 76.996162642547972, 8.37005008190105 ] } },
{ "type": "Feature", "properties": { "Label": "STS 01 to 1E35A Lane 1 Truck 1", "New_ID": "339_1", "dist_m": 1017, "time_sec": 169.5, "latitude": 8.370071, "longitude": 76.996145, "bay_no": 0, "direction": "R to L" }, "geometry": { "type": "Point", "coordinates": [ 76.996145468185006, 8.370071128537621 ] } },
{ "type": "Feature", "properties": { "Label": "STS 01 to 1E35A Lane 1 Truck 1", "New_ID": "340_1", "dist_m": 1020, "time_sec": 170.0, "latitude": 8.370092, "longitude": 76.996128, "bay_no": 0, "direction": "R to L" }, "geometry": { "type": "Point", "coordinates": [ 76.996128293820277, 8.370092175173854 ] } },
{ "type": "Feature", "properties": { "Label": "STS 01 to 1E35A Lane 1 Truck 1", "New_ID": "341_1", "dist_m": 1023, "time_sec": 170.5, "latitude": 8.370113, "longitude": 76.996111, "bay_no": 0, "direction": "R to L" }, "geometry": { "type": "Point", "coordinates": [ 76.996111119453801, 8.370113221809754 ] } },
{ "type": "Feature", "properties": { "Label": "STS 01 to 1E35A Lane 1 Truck 1", "New_ID": "342_1", "dist_m": 1026, "time_sec": 171.0, "latitude": 8.370134, "longitude": 76.996094, "bay_no": 0, "direction": "R to L" }, "geometry": { "type": "Point", "coordinates": [ 76.996093945085576, 8.370134268445321 ] } },
{ "type": "Feature", "properties": { "Label": "STS 01 to 1E35A Lane 1 Truck 1", "New_ID": "343_1", "dist_m": 1029, "time_sec": 171.5, "latitude": 8.370155, "longitude": 76.996077, "bay_no": 0, "direction": "R to L" }, "geometry": { "type": "Point", "coordinates": [ 76.99607677071559, 8.370155315080551 ] } },
{ "type": "Feature", "properties": { "Label": "STS 01 to 1E35A Lane 1 Truck 1", "New_ID": "344_1", "dist_m": 1032, "time_sec": 172.0, "latitude": 8.370176, "longitude": 76.99606, "bay_no": 0, "direction": "R to L" }, "geometry": { "type": "Point", "coordinates": [ 76.996059596343841, 8.370176361715444 ] } },
{ "type": "Feature", "properties": { "Label": "STS 01 to 1E35A Lane 1 Truck 1", "New_ID": "345_1", "dist_m": 1035, "time_sec": 172.5, "latitude": 8.370197, "longitude": 76.996042, "bay_no": 0, "direction": "R to L" }, "geometry": { "type": "Point", "coordinates": [ 76.996042421970344, 8.370197408350004 ] } },
{ "type": "Feature", "properties": { "Label": "STS 01 to 1E35A Lane 1 Truck 1", "New_ID": "346_1", "dist_m": 1038, "time_sec": 173.0, "latitude": 8.370218, "longitude": 76.996025, "bay_no": 0, "direction": "R to L" }, "geometry": { "type": "Point", "coordinates": [ 76.996025247595099, 8.370218454984231 ] } },
{ "type": "Feature", "properties": { "Label": "STS 01 to 1E35A Lane 1 Truck 1", "New_ID": "347_1", "dist_m": 1041, "time_sec": 173.5, "latitude": 8.37024, "longitude": 76.996008, "bay_no": 0, "direction": "R to L" }, "geometry": { "type": "Point", "coordinates": [ 76.996008073218078, 8.370239501618121 ] } },
{ "type": "Feature", "properties": { "Label": "STS 01 to 1E35A Lane 1 Truck 1", "New_ID": "348_1", "dist_m": 1044, "time_sec": 174.0, "latitude": 8.370261, "longitude": 76.995991, "bay_no": 0, "direction": "R to L" }, "geometry": { "type": "Point", "coordinates": [ 76.995990898839324, 8.370260548251675 ] } },
{ "type": "Feature", "properties": { "Label": "STS 01 to 1E35A Lane 1 Truck 1", "New_ID": "349_1", "dist_m": 1047, "time_sec": 174.5, "latitude": 8.370282, "longitude": 76.995974, "bay_no": 0, "direction": "R to L" }, "geometry": { "type": "Point", "coordinates": [ 76.995973724458807, 8.370281594884897 ] } },
{ "type": "Feature", "properties": { "Label": "STS 01 to 1E35A Lane 1 Truck 1", "New_ID": "350_1", "dist_m": 1050, "time_sec": 175.0, "latitude": 8.370303, "longitude": 76.995957, "bay_no": 0, "direction": "R to L" }, "geometry": { "type": "Point", "coordinates": [ 76.995956550076528, 8.370302641517783 ] } },
{ "type": "Feature", "properties": { "Label": "STS 01 to 1E35A Lane 1 Truck 1", "New_ID": "351_1", "dist_m": 1053, "time_sec": 175.5, "latitude": 8.370324, "longitude": 76.995939, "bay_no": 0, "direction": "R to L" }, "geometry": { "type": "Point", "coordinates": [ 76.995939375692501, 8.370323688150334 ] } },
{ "type": "Feature", "properties": { "Label": "STS 01 to 1E35A Lane 1 Truck 1", "New_ID": "352_1", "dist_m": 1056, "time_sec": 176.0, "latitude": 8.370345, "longitude": 76.995922, "bay_no": 0, "direction": "R to L" }, "geometry": { "type": "Point", "coordinates": [ 76.995922201306712, 8.370344734782549 ] } },
{ "type": "Feature", "properties": { "Label": "STS 01 to 1E35A Lane 1 Truck 1", "New_ID": "353_1", "dist_m": 1059, "time_sec": 176.5, "latitude": 8.370366, "longitude": 76.995905, "bay_no": 0, "direction": "R to L" }, "geometry": { "type": "Point", "coordinates": [ 76.995905026919175, 8.37036578141443 ] } },
{ "type": "Feature", "properties": { "Label": "STS 01 to 1E35A Lane 1 Truck 1", "New_ID": "354_1", "dist_m": 1062, "time_sec": 177.0, "latitude": 8.370387, "longitude": 76.995888, "bay_no": 0, "direction": "R to L" }, "geometry": { "type": "Point", "coordinates": [ 76.995887852529876, 8.370386828045975 ] } },
{ "type": "Feature", "properties": { "Label": "STS 01 to 1E35A Lane 1 Truck 1", "New_ID": "355_1", "dist_m": 1065, "time_sec": 177.5, "latitude": 8.370408, "longitude": 76.995871, "bay_no": 0, "direction": "R to L" }, "geometry": { "type": "Point", "coordinates": [ 76.995870678138814, 8.370407874677184 ] } },
{ "type": "Feature", "properties": { "Label": "STS 01 to 1E35A Lane 1 Truck 1", "New_ID": "356_1", "dist_m": 1068, "time_sec": 178.0, "latitude": 8.370429, "longitude": 76.995854, "bay_no": 0, "direction": "R to L" }, "geometry": { "type": "Point", "coordinates": [ 76.995853503746005, 8.370428921308058 ] } },
{ "type": "Feature", "properties": { "Label": "STS 01 to 1E35A Lane 1 Truck 1", "New_ID": "357_1", "dist_m": 1071, "time_sec": 178.5, "latitude": 8.37045, "longitude": 76.995836, "bay_no": 0, "direction": "R to L" }, "geometry": { "type": "Point", "coordinates": [ 76.995836329351434, 8.370449967938601 ] } },
{ "type": "Feature", "properties": { "Label": "STS 01 to 1E35A Lane 1 Truck 1", "New_ID": "358_1", "dist_m": 1074, "time_sec": 179.0, "latitude": 8.370468, "longitude": 76.995851, "bay_no": 0, "direction": "D to U" }, "geometry": { "type": "Point", "coordinates": [ 76.995850841098658, 8.370467968804487 ] } },
{ "type": "Feature", "properties": { "Label": "STS 01 to 1E35A Lane 1 Truck 1", "New_ID": "359_1", "dist_m": 1077, "time_sec": 179.5, "latitude": 8.370485, "longitude": 76.995872, "bay_no": 0, "direction": "D to U" }, "geometry": { "type": "Point", "coordinates": [ 76.995871740511703, 8.370485355668036 ] } },
{ "type": "Feature", "properties": { "Label": "STS 01 to 1E35A Lane 1 Truck 1", "New_ID": "360_1", "dist_m": 1080, "time_sec": 180.0, "latitude": 8.370503, "longitude": 76.995893, "bay_no": 0, "direction": "D to U" }, "geometry": { "type": "Point", "coordinates": [ 76.995892639926538, 8.370502742530029 ] } },
{ "type": "Feature", "properties": { "Label": "STS 01 to 1E35A Lane 1 Truck 1", "New_ID": "361_1", "dist_m": 1083, "time_sec": 180.5, "latitude": 8.37052, "longitude": 76.995914, "bay_no": 0, "direction": "D to U" }, "geometry": { "type": "Point", "coordinates": [ 76.995913539343164, 8.370520129390453 ] } },
{ "type": "Feature", "properties": { "Label": "STS 01 to 1E35A Lane 1 Truck 1", "New_ID": "362_1", "dist_m": 1086, "time_sec": 181.0, "latitude": 8.370538, "longitude": 76.995934, "bay_no": 0, "direction": "D to U" }, "geometry": { "type": "Point", "coordinates": [ 76.995934438761552, 8.370537516249321 ] } },
{ "type": "Feature", "properties": { "Label": "STS 01 to 1E35A Lane 1 Truck 1", "New_ID": "363_1", "dist_m": 1089, "time_sec": 181.5, "latitude": 8.370555, "longitude": 76.995955, "bay_no": 0, "direction": "D to U" }, "geometry": { "type": "Point", "coordinates": [ 76.995955338181716, 8.370554903106637 ] } },
{ "type": "Feature", "properties": { "Label": "STS 01 to 1E35A Lane 1 Truck 1", "New_ID": "364_1", "dist_m": 1092, "time_sec": 182.0, "latitude": 8.370572, "longitude": 76.995976, "bay_no": 0, "direction": "D to U" }, "geometry": { "type": "Point", "coordinates": [ 76.995976237603671, 8.370572289962395 ] } },
{ "type": "Feature", "properties": { "Label": "STS 01 to 1E35A Lane 1 Truck 1", "New_ID": "365_1", "dist_m": 1095, "time_sec": 182.5, "latitude": 8.37059, "longitude": 76.995997, "bay_no": 0, "direction": "D to U" }, "geometry": { "type": "Point", "coordinates": [ 76.995997137027402, 8.370589676816595 ] } },
{ "type": "Feature", "properties": { "Label": "STS 01 to 1E35A Lane 1 Truck 1", "New_ID": "366_1", "dist_m": 1098, "time_sec": 183.0, "latitude": 8.370607, "longitude": 76.996018, "bay_no": 0, "direction": "D to U" }, "geometry": { "type": "Point", "coordinates": [ 76.996018036452895, 8.37060706366924 ] } },
{ "type": "Feature", "properties": { "Label": "STS 01 to 1E35A Lane 1 Truck 1", "New_ID": "367_1", "dist_m": 1101, "time_sec": 183.5, "latitude": 8.370624, "longitude": 76.996039, "bay_no": 0, "direction": "D to U" }, "geometry": { "type": "Point", "coordinates": [ 76.996038935880179, 8.37062445052033 ] } },
{ "type": "Feature", "properties": { "Label": "STS 01 to 1E35A Lane 1 Truck 1", "New_ID": "368_1", "dist_m": 1104, "time_sec": 184.0, "latitude": 8.370642, "longitude": 76.99606, "bay_no": 0, "direction": "D to U" }, "geometry": { "type": "Point", "coordinates": [ 76.996059835309225, 8.370641837369863 ] } },
{ "type": "Feature", "properties": { "Label": "STS 01 to 1E35A Lane 1 Truck 1", "New_ID": "369_1", "dist_m": 1107, "time_sec": 184.5, "latitude": 8.370659, "longitude": 76.996081, "bay_no": 0, "direction": "D to U" }, "geometry": { "type": "Point", "coordinates": [ 76.996080734740062, 8.370659224217837 ] } },
{ "type": "Feature", "properties": { "Label": "STS 01 to 1E35A Lane 1 Truck 1", "New_ID": "370_1", "dist_m": 1110, "time_sec": 185.0, "latitude": 8.370677, "longitude": 76.996102, "bay_no": 0, "direction": "D to U" }, "geometry": { "type": "Point", "coordinates": [ 76.996101634172675, 8.370676611064258 ] } },
{ "type": "Feature", "properties": { "Label": "STS 01 to 1E35A Lane 1 Truck 1", "New_ID": "371_1", "dist_m": 1113, "time_sec": 185.5, "latitude": 8.370694, "longitude": 76.996123, "bay_no": 0, "direction": "D to U" }, "geometry": { "type": "Point", "coordinates": [ 76.99612253360705, 8.37069399790912 ] } },
{ "type": "Feature", "properties": { "Label": "STS 01 to 1E35A Lane 1 Truck 1", "New_ID": "372_1", "dist_m": 1116, "time_sec": 186.0, "latitude": 8.370711, "longitude": 76.996143, "bay_no": 0, "direction": "D to U" }, "geometry": { "type": "Point", "coordinates": [ 76.99614343304323, 8.370711384752429 ] } },
{ "type": "Feature", "properties": { "Label": "STS 01 to 1E35A Lane 1 Truck 1", "New_ID": "373_1", "dist_m": 1119, "time_sec": 186.5, "latitude": 8.370729, "longitude": 76.996164, "bay_no": 0, "direction": "D to U" }, "geometry": { "type": "Point", "coordinates": [ 76.996164332481172, 8.370728771594178 ] } },
{ "type": "Feature", "properties": { "Label": "STS 01 to 1E35A Lane 1 Truck 1", "New_ID": "374_1", "dist_m": 1122, "time_sec": 187.0, "latitude": 8.370746, "longitude": 76.996185, "bay_no": 0, "direction": "D to U" }, "geometry": { "type": "Point", "coordinates": [ 76.99618523192089, 8.37074615843437 ] } },
{ "type": "Feature", "properties": { "Label": "STS 01 to 1E35A Lane 1 Truck 1", "New_ID": "375_1", "dist_m": 1125, "time_sec": 187.5, "latitude": 8.370764, "longitude": 76.996206, "bay_no": 0, "direction": "D to U" }, "geometry": { "type": "Point", "coordinates": [ 76.996206131362385, 8.370763545273007 ] } },
{ "type": "Feature", "properties": { "Label": "STS 01 to 1E35A Lane 1 Truck 1", "New_ID": "376_1", "dist_m": 1128, "time_sec": 188.0, "latitude": 8.370781, "longitude": 76.996227, "bay_no": 0, "direction": "D to U" }, "geometry": { "type": "Point", "coordinates": [ 76.99622703080567, 8.370780932110089 ] } },
{ "type": "Feature", "properties": { "Label": "STS 01 to 1E35A Lane 1 Truck 1", "New_ID": "377_1", "dist_m": 1131, "time_sec": 188.5, "latitude": 8.370798, "longitude": 76.996248, "bay_no": 0, "direction": "D to U" }, "geometry": { "type": "Point", "coordinates": [ 76.996247930250718, 8.370798318945614 ] } },
{ "type": "Feature", "properties": { "Label": "STS 01 to 1E35A Lane 1 Truck 1", "New_ID": "378_1", "dist_m": 1134, "time_sec": 189.0, "latitude": 8.370816, "longitude": 76.996269, "bay_no": 0, "direction": "D to U" }, "geometry": { "type": "Point", "coordinates": [ 76.996268829697541, 8.370815705779581 ] } },
{ "type": "Feature", "properties": { "Label": "STS 01 to 1E35A Lane 1 Truck 1", "New_ID": "379_1", "dist_m": 1137, "time_sec": 189.5, "latitude": 8.370833, "longitude": 76.99629, "bay_no": 0, "direction": "D to U" }, "geometry": { "type": "Point", "coordinates": [ 76.996289729146156, 8.370833092611992 ] } },
{ "type": "Feature", "properties": { "Label": "STS 01 to 1E35A Lane 1 Truck 1", "New_ID": "380_1", "dist_m": 1140, "time_sec": 190.0, "latitude": 8.37085, "longitude": 76.996311, "bay_no": 0, "direction": "D to U" }, "geometry": { "type": "Point", "coordinates": [ 76.996310628596547, 8.370850479442847 ] } },
{ "type": "Feature", "properties": { "Label": "STS 01 to 1E35A Lane 1 Truck 1", "New_ID": "381_1", "dist_m": 1143, "time_sec": 190.5, "latitude": 8.370868, "longitude": 76.996332, "bay_no": 0, "direction": "D to U" }, "geometry": { "type": "Point", "coordinates": [ 76.996331528048685, 8.370867866272146 ] } },
{ "type": "Feature", "properties": { "Label": "STS 01 to 1E35A Lane 1 Truck 1", "New_ID": "382_1", "dist_m": 1146, "time_sec": 191.0, "latitude": 8.370885, "longitude": 76.996352, "bay_no": 0, "direction": "D to U" }, "geometry": { "type": "Point", "coordinates": [ 76.996352427502643, 8.370885253099887 ] } },
{ "type": "Feature", "properties": { "Label": "STS 01 to 1E35A Lane 1 Truck 1", "New_ID": "383_1", "dist_m": 1149, "time_sec": 191.5, "latitude": 8.370903, "longitude": 76.996373, "bay_no": 0, "direction": "D to U" }, "geometry": { "type": "Point", "coordinates": [ 76.996373326958349, 8.370902639926074 ] } },
{ "type": "Feature", "properties": { "Label": "STS 01 to 1E35A Lane 1 Truck 1", "New_ID": "384_1", "dist_m": 1152, "time_sec": 192.0, "latitude": 8.37092, "longitude": 76.996394, "bay_no": 0, "direction": "D to U" }, "geometry": { "type": "Point", "coordinates": [ 76.996394226415845, 8.370920026750703 ] } },
{ "type": "Feature", "properties": { "Label": "STS 01 to 1E35A Lane 1 Truck 1", "New_ID": "385_1", "dist_m": 1155, "time_sec": 192.5, "latitude": 8.370937, "longitude": 76.996415, "bay_no": 0, "direction": "D to U" }, "geometry": { "type": "Point", "coordinates": [ 76.996415125875117, 8.370937413573774 ] } },
{ "type": "Feature", "properties": { "Label": "STS 01 to 1E35A Lane 1 Truck 1", "New_ID": "386_1", "dist_m": 1158, "time_sec": 193.0, "latitude": 8.370955, "longitude": 76.996436, "bay_no": 0, "direction": "D to U" }, "geometry": { "type": "Point", "coordinates": [ 76.996436025336166, 8.370954800395291 ] } },
{ "type": "Feature", "properties": { "Label": "STS 01 to 1E35A Lane 1 Truck 1", "New_ID": "387_1", "dist_m": 1161, "time_sec": 193.5, "latitude": 8.370972, "longitude": 76.996457, "bay_no": 0, "direction": "D to U" }, "geometry": { "type": "Point", "coordinates": [ 76.996456924798991, 8.37097218721525 ] } },
{ "type": "Feature", "properties": { "Label": "STS 01 to 1E35A Lane 1 Truck 1", "New_ID": "388_1", "dist_m": 1164, "time_sec": 194.0, "latitude": 8.37099, "longitude": 76.996478, "bay_no": 0, "direction": "D to U" }, "geometry": { "type": "Point", "coordinates": [ 76.996477824263593, 8.370989574033652 ] } },
{ "type": "Feature", "properties": { "Label": "STS 01 to 1E35A Lane 1 Truck 1", "New_ID": "389_1", "dist_m": 1167, "time_sec": 194.5, "latitude": 8.371007, "longitude": 76.996499, "bay_no": 0, "direction": "D to U" }, "geometry": { "type": "Point", "coordinates": [ 76.996498723729971, 8.371006960850499 ] } },
{ "type": "Feature", "properties": { "Label": "STS 01 to 1E35A Lane 1 Truck 1", "New_ID": "390_1", "dist_m": 1170, "time_sec": 195.0, "latitude": 8.371024, "longitude": 76.99652, "bay_no": 0, "direction": "D to U" }, "geometry": { "type": "Point", "coordinates": [ 76.996519623198139, 8.371024347665788 ] } },
{ "type": "Feature", "properties": { "Label": "STS 01 to 1E35A Lane 1 Truck 1", "New_ID": "391_1", "dist_m": 1173, "time_sec": 195.5, "latitude": 8.371042, "longitude": 76.996541, "bay_no": 0, "direction": "D to U" }, "geometry": { "type": "Point", "coordinates": [ 76.99654052266807, 8.371041734479522 ] } },
{ "type": "Feature", "properties": { "Label": "STS 01 to 1E35A Lane 1 Truck 1", "New_ID": "392_1", "dist_m": 1176, "time_sec": 196.0, "latitude": 8.371059, "longitude": 76.996561, "bay_no": 0, "direction": "D to U" }, "geometry": { "type": "Point", "coordinates": [ 76.996561422139777, 8.371059121291697 ] } },
{ "type": "Feature", "properties": { "Label": "STS 01 to 1E35A Lane 1 Truck 1", "New_ID": "393_1", "dist_m": 1179, "time_sec": 196.5, "latitude": 8.371077, "longitude": 76.996582, "bay_no": 0, "direction": "D to U" }, "geometry": { "type": "Point", "coordinates": [ 76.996582321613275, 8.371076508102316 ] } },
{ "type": "Feature", "properties": { "Label": "STS 01 to 1E35A Lane 1 Truck 1", "New_ID": "394_1", "dist_m": 1182, "time_sec": 197.0, "latitude": 8.371094, "longitude": 76.996603, "bay_no": 0, "direction": "D to U" }, "geometry": { "type": "Point", "coordinates": [ 76.996603221088549, 8.371093894911379 ] } },
{ "type": "Feature", "properties": { "Label": "STS 01 to 1E35A Lane 1 Truck 1", "New_ID": "395_1", "dist_m": 1185, "time_sec": 197.5, "latitude": 8.371111, "longitude": 76.996624, "bay_no": 0, "direction": "D to U" }, "geometry": { "type": "Point", "coordinates": [ 76.996624120565585, 8.371111281718886 ] } },
{ "type": "Feature", "properties": { "Label": "STS 01 to 1E35A Lane 1 Truck 1", "New_ID": "396_1", "dist_m": 1188, "time_sec": 198.0, "latitude": 8.371129, "longitude": 76.996645, "bay_no": 0, "direction": "D to U" }, "geometry": { "type": "Point", "coordinates": [ 76.996645020044411, 8.371128668524836 ] } },
{ "type": "Feature", "properties": { "Label": "STS 01 to 1E35A Lane 1 Truck 1", "New_ID": "397_1", "dist_m": 1191, "time_sec": 198.5, "latitude": 8.371146, "longitude": 76.996666, "bay_no": 0, "direction": "D to U" }, "geometry": { "type": "Point", "coordinates": [ 76.996665919525014, 8.371146055329231 ] } },
{ "type": "Feature", "properties": { "Label": "STS 01 to 1E35A Lane 1 Truck 1", "New_ID": "398_1", "dist_m": 1194, "time_sec": 199.0, "latitude": 8.371163, "longitude": 76.996687, "bay_no": 0, "direction": "D to U" }, "geometry": { "type": "Point", "coordinates": [ 76.99668681900738, 8.371163442132067 ] } },
{ "type": "Feature", "properties": { "Label": "STS 01 to 1E35A Lane 1 Truck 1", "New_ID": "399_1", "dist_m": 1197, "time_sec": 199.5, "latitude": 8.371181, "longitude": 76.996708, "bay_no": 0, "direction": "D to U" }, "geometry": { "type": "Point", "coordinates": [ 76.996707718491535, 8.371180828933348 ] } },
{ "type": "Feature", "properties": { "Label": "STS 01 to 1E35A Lane 1 Truck 1", "New_ID": "400_1", "dist_m": 1200, "time_sec": 200.0, "latitude": 8.371198, "longitude": 76.996729, "bay_no": 0, "direction": "D to U" }, "geometry": { "type": "Point", "coordinates": [ 76.996728617977467, 8.37119821573307 ] } },
{ "type": "Feature", "properties": { "Label": "STS 01 to 1E35A Lane 1 Truck 1", "New_ID": "401_1", "dist_m": 1203, "time_sec": 200.5, "latitude": 8.371216, "longitude": 76.99675, "bay_no": 0, "direction": "D to U" }, "geometry": { "type": "Point", "coordinates": [ 76.996749517465176, 8.371215602531239 ] } },
{ "type": "Feature", "properties": { "Label": "STS 01 to 1E35A Lane 1 Truck 1", "New_ID": "402_1", "dist_m": 1206, "time_sec": 201.0, "latitude": 8.371233, "longitude": 76.99677, "bay_no": 0, "direction": "D to U" }, "geometry": { "type": "Point", "coordinates": [ 76.996770416954675, 8.371232989327849 ] } },
{ "type": "Feature", "properties": { "Label": "STS 01 to 1E35A Lane 1 Truck 1", "New_ID": "403_1", "dist_m": 1209, "time_sec": 201.5, "latitude": 8.37125, "longitude": 76.996791, "bay_no": 0, "direction": "D to U" }, "geometry": { "type": "Point", "coordinates": [ 76.996791316445936, 8.371250376122902 ] } },
{ "type": "Feature", "properties": { "Label": "STS 01 to 1E35A Lane 1 Truck 1", "New_ID": "404_1", "dist_m": 1212, "time_sec": 202.0, "latitude": 8.371268, "longitude": 76.996812, "bay_no": 0, "direction": "D to U" }, "geometry": { "type": "Point", "coordinates": [ 76.996812215938974, 8.371267762916398 ] } },
{ "type": "Feature", "properties": { "Label": "STS 01 to 1E35A Lane 1 Truck 1", "New_ID": "405_1", "dist_m": 1215, "time_sec": 202.5, "latitude": 8.371285, "longitude": 76.996833, "bay_no": 0, "direction": "D to U" }, "geometry": { "type": "Point", "coordinates": [ 76.996833115433787, 8.37128514970834 ] } },
{ "type": "Feature", "properties": { "Label": "STS 01 to 1E35A Lane 1 Truck 1", "New_ID": "406_1", "dist_m": 1218, "time_sec": 203.0, "latitude": 8.371303, "longitude": 76.996854, "bay_no": 0, "direction": "D to U" }, "geometry": { "type": "Point", "coordinates": [ 76.996854014930378, 8.371302536498723 ] } },
{ "type": "Feature", "properties": { "Label": "STS 01 to 1E35A Lane 1 Truck 1", "New_ID": "407_1", "dist_m": 1221, "time_sec": 203.5, "latitude": 8.37132, "longitude": 76.996875, "bay_no": 0, "direction": "D to U" }, "geometry": { "type": "Point", "coordinates": [ 76.996874914428759, 8.371319923287551 ] } },
{ "type": "Feature", "properties": { "Label": "STS 01 to 1E35A Lane 1 Truck 1", "New_ID": "408_1", "dist_m": 1224, "time_sec": 204.0, "latitude": 8.371337, "longitude": 76.996896, "bay_no": 0, "direction": "D to U" }, "geometry": { "type": "Point", "coordinates": [ 76.996895813928916, 8.37133731007482 ] } },
{ "type": "Feature", "properties": { "Label": "STS 01 to 1E35A Lane 1 Truck 1", "New_ID": "409_1", "dist_m": 1227, "time_sec": 204.5, "latitude": 8.371355, "longitude": 76.996917, "bay_no": 0, "direction": "D to U" }, "geometry": { "type": "Point", "coordinates": [ 76.996916713430849, 8.371354696860534 ] } },
{ "type": "Feature", "properties": { "Label": "STS 01 to 1E35A Lane 1 Truck 1", "New_ID": "410_1", "dist_m": 1230, "time_sec": 205.0, "latitude": 8.371372, "longitude": 76.996938, "bay_no": 0, "direction": "D to U" }, "geometry": { "type": "Point", "coordinates": [ 76.996937612934545, 8.37137208364469 ] } },
{ "type": "Feature", "properties": { "Label": "STS 01 to 1E35A Lane 1 Truck 1", "New_ID": "411_1", "dist_m": 1233, "time_sec": 205.5, "latitude": 8.371389, "longitude": 76.996959, "bay_no": 0, "direction": "D to U" }, "geometry": { "type": "Point", "coordinates": [ 76.996958512440031, 8.371389470427291 ] } },
{ "type": "Feature", "properties": { "Label": "STS 01 to 1E35A Lane 1 Truck 1", "New_ID": "412_1", "dist_m": 1236, "time_sec": 206.0, "latitude": 8.371407, "longitude": 76.996979, "bay_no": 0, "direction": "D to U" }, "geometry": { "type": "Point", "coordinates": [ 76.996979411947294, 8.371406857208335 ] } },
{ "type": "Feature", "properties": { "Label": "STS 01 to 1E35A Lane 1 Truck 1", "New_ID": "413_1", "dist_m": 1239, "time_sec": 206.5, "latitude": 8.371424, "longitude": 76.997, "bay_no": 0, "direction": "D to U" }, "geometry": { "type": "Point", "coordinates": [ 76.997000311456333, 8.371424243987821 ] } },
{ "type": "Feature", "properties": { "Label": "STS 01 to 1E35A Lane 1 Truck 1", "New_ID": "414_1", "dist_m": 1242, "time_sec": 207.0, "latitude": 8.371442, "longitude": 76.997021, "bay_no": 0, "direction": "D to U" }, "geometry": { "type": "Point", "coordinates": [ 76.997021210967148, 8.371441630765752 ] } },
{ "type": "Feature", "properties": { "Label": "STS 01 to 1E35A Lane 1 Truck 1", "New_ID": "415_1", "dist_m": 1245, "time_sec": 207.5, "latitude": 8.371459, "longitude": 76.997042, "bay_no": 0, "direction": "D to U" }, "geometry": { "type": "Point", "coordinates": [ 76.997042110479754, 8.371459017542124 ] } },
{ "type": "Feature", "properties": { "Label": "STS 01 to 1E35A Lane 1 Truck 1", "New_ID": "416_1", "dist_m": 1248, "time_sec": 208.0, "latitude": 8.371476, "longitude": 76.997063, "bay_no": 0, "direction": "D to U" }, "geometry": { "type": "Point", "coordinates": [ 76.997063009994108, 8.371476404316944 ] } },
{ "type": "Feature", "properties": { "Label": "STS 01 to 1E35A Lane 1 Truck 1", "New_ID": "417_1", "dist_m": 1251, "time_sec": 208.5, "latitude": 8.371494, "longitude": 76.997084, "bay_no": 0, "direction": "D to U" }, "geometry": { "type": "Point", "coordinates": [ 76.997083909510252, 8.371493791090201 ] } },
{ "type": "Feature", "properties": { "Label": "STS 01 to 1E35A Lane 1 Truck 1", "New_ID": "418_1", "dist_m": 1254, "time_sec": 209.0, "latitude": 8.371511, "longitude": 76.997105, "bay_no": 0, "direction": "D to U" }, "geometry": { "type": "Point", "coordinates": [ 76.997104809028187, 8.371511177861905 ] } },
{ "type": "Feature", "properties": { "Label": "STS 01 to 1E35A Lane 1 Truck 1", "New_ID": "419_1", "dist_m": 1257, "time_sec": 209.5, "latitude": 8.371529, "longitude": 76.997126, "bay_no": 0, "direction": "D to U" }, "geometry": { "type": "Point", "coordinates": [ 76.997125708547884, 8.371528564632049 ] } },
{ "type": "Feature", "properties": { "Label": "STS 01 to 1E35A Lane 1 Truck 1", "New_ID": "420_1", "dist_m": 1260, "time_sec": 210.0, "latitude": 8.371546, "longitude": 76.997147, "bay_no": 0, "direction": "D to U" }, "geometry": { "type": "Point", "coordinates": [ 76.997146608069372, 8.371545951400639 ] } },
{ "type": "Feature", "properties": { "Label": "STS 01 to 1E35A Lane 1 Truck 1", "New_ID": "421_1", "dist_m": 1263, "time_sec": 210.5, "latitude": 8.371563, "longitude": 76.997168, "bay_no": 0, "direction": "D to U" }, "geometry": { "type": "Point", "coordinates": [ 76.997167507592636, 8.371563338167672 ] } },
{ "type": "Feature", "properties": { "Label": "STS 01 to 1E35A Lane 1 Truck 1", "New_ID": "422_1", "dist_m": 1266, "time_sec": 211.0, "latitude": 8.371581, "longitude": 76.997188, "bay_no": 0, "direction": "D to U" }, "geometry": { "type": "Point", "coordinates": [ 76.997188407117676, 8.371580724933148 ] } },
{ "type": "Feature", "properties": { "Label": "STS 01 to 1E35A Lane 1 Truck 1", "New_ID": "423_1", "dist_m": 1269, "time_sec": 211.5, "latitude": 8.371598, "longitude": 76.997209, "bay_no": 0, "direction": "D to U" }, "geometry": { "type": "Point", "coordinates": [ 76.997209306644478, 8.37159811169707 ] } },
{ "type": "Feature", "properties": { "Label": "STS 01 to 1E35A Lane 1 Truck 1", "New_ID": "424_1", "dist_m": 1272, "time_sec": 212.0, "latitude": 8.371615, "longitude": 76.99723, "bay_no": 0, "direction": "D to U" }, "geometry": { "type": "Point", "coordinates": [ 76.997230206173072, 8.37161549845943 ] } },
{ "type": "Feature", "properties": { "Label": "STS 01 to 1E35A Lane 1 Truck 1", "New_ID": "425_1", "dist_m": 1275, "time_sec": 212.5, "latitude": 8.371633, "longitude": 76.997251, "bay_no": 0, "direction": "D to U" }, "geometry": { "type": "Point", "coordinates": [ 76.997251105703441, 8.371632885220237 ] } },
{ "type": "Feature", "properties": { "Label": "STS 01 to 1E35A Lane 1 Truck 1", "New_ID": "426_1", "dist_m": 1278, "time_sec": 213.0, "latitude": 8.37165, "longitude": 76.997272, "bay_no": 0, "direction": "D to U" }, "geometry": { "type": "Point", "coordinates": [ 76.997272005235587, 8.371650271979485 ] } },
{ "type": "Feature", "properties": { "Label": "STS 01 to 1E35A Lane 1 Truck 1", "New_ID": "427_1", "dist_m": 1281, "time_sec": 213.5, "latitude": 8.371668, "longitude": 76.997293, "bay_no": 0, "direction": "D to U" }, "geometry": { "type": "Point", "coordinates": [ 76.997292904769509, 8.371667658737175 ] } },
{ "type": "Feature", "properties": { "Label": "STS 01 to 1E35A Lane 1 Truck 1", "New_ID": "428_1", "dist_m": 1284, "time_sec": 214.0, "latitude": 8.371685, "longitude": 76.997314, "bay_no": 0, "direction": "D to U" }, "geometry": { "type": "Point", "coordinates": [ 76.997313804305207, 8.37168504549331 ] } },
{ "type": "Feature", "properties": { "Label": "STS 01 to 1E35A Lane 1 Truck 1", "New_ID": "429_1", "dist_m": 1287, "time_sec": 214.5, "latitude": 8.371702, "longitude": 76.997335, "bay_no": 0, "direction": "D to U" }, "geometry": { "type": "Point", "coordinates": [ 76.997334703842697, 8.37170243224789 ] } },
{ "type": "Feature", "properties": { "Label": "STS 01 to 1E35A Lane 1 Truck 1", "New_ID": "430_1", "dist_m": 1290, "time_sec": 215.0, "latitude": 8.37172, "longitude": 76.997356, "bay_no": 0, "direction": "D to U" }, "geometry": { "type": "Point", "coordinates": [ 76.997355603381934, 8.37171981900091 ] } },
{ "type": "Feature", "properties": { "Label": "STS 01 to 1E35A Lane 1 Truck 1", "New_ID": "431_1", "dist_m": 1293, "time_sec": 215.5, "latitude": 8.371737, "longitude": 76.997377, "bay_no": 0, "direction": "D to U" }, "geometry": { "type": "Point", "coordinates": [ 76.997376502922975, 8.371737205752376 ] } },
{ "type": "Feature", "properties": { "Label": "STS 01 to 1E35A Lane 1 Truck 1", "New_ID": "432_1", "dist_m": 1296, "time_sec": 216.0, "latitude": 8.371755, "longitude": 76.997397, "bay_no": 0, "direction": "D to U" }, "geometry": { "type": "Point", "coordinates": [ 76.997397402465793, 8.371754592502283 ] } },
{ "type": "Feature", "properties": { "Label": "STS 01 to 1E35A Lane 1 Truck 1", "New_ID": "433_1", "dist_m": 1299, "time_sec": 216.5, "latitude": 8.371772, "longitude": 76.997418, "bay_no": 0, "direction": "D to U" }, "geometry": { "type": "Point", "coordinates": [ 76.997418302010388, 8.371771979250635 ] } },
{ "type": "Feature", "properties": { "Label": "STS 01 to 1E35A Lane 1 Truck 1", "New_ID": "434_1", "dist_m": 1302, "time_sec": 217.0, "latitude": 8.371789, "longitude": 76.997439, "bay_no": 0, "direction": "D to U" }, "geometry": { "type": "Point", "coordinates": [ 76.997439201556745, 8.371789365997429 ] } },
{ "type": "Feature", "properties": { "Label": "STS 01 to 1E35A Lane 1 Truck 1", "New_ID": "435_1", "dist_m": 1305, "time_sec": 217.5, "latitude": 8.371809, "longitude": 76.997441, "bay_no": 0, "direction": "R to L" }, "geometry": { "type": "Point", "coordinates": [ 76.997441141857763, 8.371808575272766 ] } },
{ "type": "Feature", "properties": { "Label": "STS 01 to 1E35A Lane 1 Truck 1", "New_ID": "436_1", "dist_m": 1308, "time_sec": 218.0, "latitude": 8.37183, "longitude": 76.997424, "bay_no": 0, "direction": "R to L" }, "geometry": { "type": "Point", "coordinates": [ 76.997423967576836, 8.37182962200963 ] } },
{ "type": "Feature", "properties": { "Label": "STS 01 to 1E35A Lane 1 Truck 1", "New_ID": "437_1", "dist_m": 1311, "time_sec": 218.5, "latitude": 8.371851, "longitude": 76.997407, "bay_no": 0, "direction": "R to L" }, "geometry": { "type": "Point", "coordinates": [ 76.997406793294161, 8.371850668746159 ] } },
{ "type": "Feature", "properties": { "Label": "STS 01 to 1E35A Lane 1 Truck 1", "New_ID": "438_1", "dist_m": 1314, "time_sec": 219.0, "latitude": 8.371872, "longitude": 76.99739, "bay_no": 0, "direction": "R to L" }, "geometry": { "type": "Point", "coordinates": [ 76.997389619009738, 8.371871715482351 ] } },
{ "type": "Feature", "properties": { "Label": "STS 01 to 1E35A Lane 1 Truck 1", "New_ID": "439_1", "dist_m": 1317, "time_sec": 219.5, "latitude": 8.371893, "longitude": 76.997372, "bay_no": 0, "direction": "R to L" }, "geometry": { "type": "Point", "coordinates": [ 76.997372444723553, 8.371892762218208 ] } },
{ "type": "Feature", "properties": { "Label": "STS 01 to 1E35A Lane 1 Truck 1", "New_ID": "440_1", "dist_m": 1320, "time_sec": 220.0, "latitude": 8.371914, "longitude": 76.997355, "bay_no": 0, "direction": "R to L" }, "geometry": { "type": "Point", "coordinates": [ 76.997355270435591, 8.37191380895373 ] } },
{ "type": "Feature", "properties": { "Label": "STS 01 to 1E35A Lane 1 Truck 1", "New_ID": "441_1", "dist_m": 1323, "time_sec": 220.5, "latitude": 8.371935, "longitude": 76.997338, "bay_no": 0, "direction": "R to L" }, "geometry": { "type": "Point", "coordinates": [ 76.997338096145896, 8.371934855688915 ] } },
{ "type": "Feature", "properties": { "Label": "STS 01 to 1E35A Lane 1 Truck 1", "New_ID": "442_1", "dist_m": 1326, "time_sec": 221.0, "latitude": 8.371956, "longitude": 76.997321, "bay_no": 0, "direction": "R to L" }, "geometry": { "type": "Point", "coordinates": [ 76.997320921854438, 8.371955902423764 ] } },
{ "type": "Feature", "properties": { "Label": "STS 01 to 1E35A Lane 1 Truck 1", "New_ID": "443_1", "dist_m": 1329, "time_sec": 221.5, "latitude": 8.371977, "longitude": 76.997304, "bay_no": 0, "direction": "R to L" }, "geometry": { "type": "Point", "coordinates": [ 76.997303747561233, 8.371976949158281 ] } },
{ "type": "Feature", "properties": { "Label": "STS 01 to 1E35A Lane 1 Truck 1", "New_ID": "444_1", "dist_m": 1332, "time_sec": 222.0, "latitude": 8.371998, "longitude": 76.997287, "bay_no": 0, "direction": "R to L" }, "geometry": { "type": "Point", "coordinates": [ 76.997286573266251, 8.37199799589246 ] } },
{ "type": "Feature", "properties": { "Label": "STS 01 to 1E35A Lane 1 Truck 1", "New_ID": "445_1", "dist_m": 1335, "time_sec": 222.5, "latitude": 8.372019, "longitude": 76.997269, "bay_no": 0, "direction": "R to L" }, "geometry": { "type": "Point", "coordinates": [ 76.997269398969522, 8.372019042626308 ] } },
{ "type": "Feature", "properties": { "Label": "STS 01 to 1E35A Lane 1 Truck 1", "New_ID": "446_1", "dist_m": 1338, "time_sec": 223.0, "latitude": 8.37204, "longitude": 76.997252, "bay_no": 0, "direction": "R to L" }, "geometry": { "type": "Point", "coordinates": [ 76.997252224671044, 8.372040089359817 ] } },
{ "type": "Feature", "properties": { "Label": "STS 01 to 1E35A Lane 1 Truck 1", "New_ID": "447_1", "dist_m": 1341, "time_sec": 223.5, "latitude": 8.372061, "longitude": 76.997235, "bay_no": 0, "direction": "R to L" }, "geometry": { "type": "Point", "coordinates": [ 76.997235050370804, 8.372061136092995 ] } },
{ "type": "Feature", "properties": { "Label": "STS 01 to 1E35A Lane 1 Truck 1", "New_ID": "448_1", "dist_m": 1344, "time_sec": 224.0, "latitude": 8.372082, "longitude": 76.997218, "bay_no": 0, "direction": "R to L" }, "geometry": { "type": "Point", "coordinates": [ 76.997217876068802, 8.372082182825837 ] } },
{ "type": "Feature", "properties": { "Label": "STS 01 to 1E35A Lane 1 Truck 1", "New_ID": "449_1", "dist_m": 1347, "time_sec": 224.5, "latitude": 8.372103, "longitude": 76.997201, "bay_no": 0, "direction": "R to L" }, "geometry": { "type": "Point", "coordinates": [ 76.997200701765053, 8.372103229558345 ] } },
{ "type": "Feature", "properties": { "Label": "STS 01 to 1E35A Lane 1 Truck 1", "New_ID": "450_1", "dist_m": 1350, "time_sec": 225.0, "latitude": 8.372124, "longitude": 76.997184, "bay_no": 0, "direction": "R to L" }, "geometry": { "type": "Point", "coordinates": [ 76.997183527459555, 8.372124276290513 ] } },
{ "type": "Feature", "properties": { "Label": "STS 01 to 1E35A Lane 1 Truck 1", "New_ID": "451_1", "dist_m": 1353, "time_sec": 225.5, "latitude": 8.372145, "longitude": 76.997166, "bay_no": 0, "direction": "R to L" }, "geometry": { "type": "Point", "coordinates": [ 76.997166353152281, 8.372145323022352 ] } },
{ "type": "Feature", "properties": { "Label": "STS 01 to 1E35A Lane 1 Truck 1", "New_ID": "452_1", "dist_m": 1356, "time_sec": 226.0, "latitude": 8.372166, "longitude": 76.997149, "bay_no": 0, "direction": "R to L" }, "geometry": { "type": "Point", "coordinates": [ 76.997149178843273, 8.372166369753852 ] } },
{ "type": "Feature", "properties": { "Label": "STS 01 to 1E35A Lane 1 Truck 1", "New_ID": "453_1", "dist_m": 1359, "time_sec": 226.5, "latitude": 8.372187, "longitude": 76.997132, "bay_no": 0, "direction": "R to L" }, "geometry": { "type": "Point", "coordinates": [ 76.997132004532489, 8.372187416485021 ] } },
{ "type": "Feature", "properties": { "Label": "STS 01 to 1E35A Lane 1 Truck 1", "New_ID": "454_1", "dist_m": 1362, "time_sec": 227.0, "latitude": 8.372208, "longitude": 76.997115, "bay_no": 0, "direction": "R to L" }, "geometry": { "type": "Point", "coordinates": [ 76.997114830219957, 8.372208463215852 ] } },
{ "type": "Feature", "properties": { "Label": "STS 01 to 1E35A Lane 1 Truck 1", "New_ID": "455_1", "dist_m": 1365, "time_sec": 227.5, "latitude": 8.37223, "longitude": 76.997098, "bay_no": 0, "direction": "R to L" }, "geometry": { "type": "Point", "coordinates": [ 76.997097655905662, 8.372229509946349 ] } },
{ "type": "Feature", "properties": { "Label": "STS 01 to 1E35A Lane 1 Truck 1", "New_ID": "456_1", "dist_m": 1368, "time_sec": 228.0, "latitude": 8.372251, "longitude": 76.99708, "bay_no": 0, "direction": "R to L" }, "geometry": { "type": "Point", "coordinates": [ 76.99708048158962, 8.372250556676514 ] } },
{ "type": "Feature", "properties": { "Label": "STS 01 to 1E35A Lane 1 Truck 1", "New_ID": "457_1", "dist_m": 1371, "time_sec": 228.5, "latitude": 8.372272, "longitude": 76.997063, "bay_no": 0, "direction": "R to L" }, "geometry": { "type": "Point", "coordinates": [ 76.99706330727183, 8.372271603406341 ] } },
{ "type": "Feature", "properties": { "Label": "STS 01 to 1E35A Lane 1 Truck 1", "New_ID": "458_1", "dist_m": 1374, "time_sec": 229.0, "latitude": 8.372293, "longitude": 76.997046, "bay_no": 0, "direction": "R to L" }, "geometry": { "type": "Point", "coordinates": [ 76.997046132952264, 8.372292650135833 ] } },
{ "type": "Feature", "properties": { "Label": "STS 01 to 1E35A Lane 1 Truck 1", "New_ID": "459_1", "dist_m": 1377, "time_sec": 229.5, "latitude": 8.372314, "longitude": 76.997029, "bay_no": 0, "direction": "R to L" }, "geometry": { "type": "Point", "coordinates": [ 76.997028958630963, 8.372313696864991 ] } },
{ "type": "Feature", "properties": { "Label": "STS 01 to 1E35A Lane 1 Truck 1", "New_ID": "460_1", "dist_m": 1380, "time_sec": 230.0, "latitude": 8.372335, "longitude": 76.997012, "bay_no": 0, "direction": "R to L" }, "geometry": { "type": "Point", "coordinates": [ 76.997011784307901, 8.372334743593813 ] } },
{ "type": "Feature", "properties": { "Label": "STS 01 to 1E35A Lane 1 Truck 1", "New_ID": "461_1", "dist_m": 1383, "time_sec": 230.5, "latitude": 8.372356, "longitude": 76.996995, "bay_no": 0, "direction": "R to L" }, "geometry": { "type": "Point", "coordinates": [ 76.996994609983062, 8.372355790322301 ] } },
{ "type": "Feature", "properties": { "Label": "STS 01 to 1E35A Lane 1 Truck 1", "New_ID": "462_1", "dist_m": 1386, "time_sec": 231.0, "latitude": 8.372377, "longitude": 76.996977, "bay_no": 0, "direction": "R to L" }, "geometry": { "type": "Point", "coordinates": [ 76.99697743565649, 8.372376837050455 ] } },
{ "type": "Feature", "properties": { "Label": "STS 01 to 1E35A Lane 1 Truck 1", "New_ID": "463_1", "dist_m": 1389, "time_sec": 231.5, "latitude": 8.372398, "longitude": 76.99696, "bay_no": 0, "direction": "R to L" }, "geometry": { "type": "Point", "coordinates": [ 76.996960261328141, 8.372397883778275 ] } },
{ "type": "Feature", "properties": { "Label": "STS 01 to 1E35A Lane 1 Truck 1", "New_ID": "464_1", "dist_m": 1392, "time_sec": 232.0, "latitude": 8.372419, "longitude": 76.996943, "bay_no": 0, "direction": "R to L" }, "geometry": { "type": "Point", "coordinates": [ 76.996943086998058, 8.372418930505756 ] } },
{ "type": "Feature", "properties": { "Label": "STS 01 to 1E35A Lane 1 Truck 1", "New_ID": "465_1", "dist_m": 1395, "time_sec": 232.5, "latitude": 8.37244, "longitude": 76.996926, "bay_no": 0, "direction": "R to L" }, "geometry": { "type": "Point", "coordinates": [ 76.996925912666214, 8.372439977232904 ] } },
{ "type": "Feature", "properties": { "Label": "STS 01 to 1E35A Lane 1 Truck 1", "New_ID": "466_1", "dist_m": 1398, "time_sec": 233.0, "latitude": 8.372461, "longitude": 76.996909, "bay_no": 17, "direction": "R to L" }, "geometry": { "type": "Point", "coordinates": [ 76.996908738332607, 8.372461023959717 ] } },
{ "type": "Feature", "properties": { "Label": "STS 01 to 1E35A Lane 1 Truck 1", "New_ID": "467_1", "dist_m": 1401, "time_sec": 233.5, "latitude": 8.372482, "longitude": 76.996892, "bay_no": 0, "direction": "R to L" }, "geometry": { "type": "Point", "coordinates": [ 76.996891563997238, 8.372482070686194 ] } },
{ "type": "Feature", "properties": { "Label": "STS 01 to 1E35A Lane 1 Truck 1", "New_ID": "468_1", "dist_m": 1404, "time_sec": 234.0, "latitude": 8.372503, "longitude": 76.996874, "bay_no": 19, "direction": "R to L" }, "geometry": { "type": "Point", "coordinates": [ 76.996874389660135, 8.372503117412339 ] } },
{ "type": "Feature", "properties": { "Label": "STS 01 to 1E35A Lane 1 Truck 1", "New_ID": "469_1", "dist_m": 1407, "time_sec": 234.5, "latitude": 8.372524, "longitude": 76.996857, "bay_no": 0, "direction": "R to L" }, "geometry": { "type": "Point", "coordinates": [ 76.996857215321256, 8.372524164138149 ] } },
{ "type": "Feature", "properties": { "Label": "STS 01 to 1E35A Lane 1 Truck 1", "New_ID": "470_1", "dist_m": 1410, "time_sec": 235.0, "latitude": 8.372545, "longitude": 76.99684, "bay_no": 21, "direction": "R to L" }, "geometry": { "type": "Point", "coordinates": [ 76.996840040980629, 8.37254521086362 ] } },
{ "type": "Feature", "properties": { "Label": "STS 01 to 1E35A Lane 1 Truck 1", "New_ID": "471_1", "dist_m": 1413, "time_sec": 235.5, "latitude": 8.372566, "longitude": 76.996823, "bay_no": 0, "direction": "R to L" }, "geometry": { "type": "Point", "coordinates": [ 76.996822866638254, 8.37256625758876 ] } },
{ "type": "Feature", "properties": { "Label": "STS 01 to 1E35A Lane 1 Truck 1", "New_ID": "472_1", "dist_m": 1416, "time_sec": 236.0, "latitude": 8.372587, "longitude": 76.996806, "bay_no": 0, "direction": "R to L" }, "geometry": { "type": "Point", "coordinates": [ 76.996805692294103, 8.372587304313562 ] } },
{ "type": "Feature", "properties": { "Label": "STS 01 to 1E35A Lane 1 Truck 1", "New_ID": "473_1", "dist_m": 1419, "time_sec": 236.5, "latitude": 8.372608, "longitude": 76.996789, "bay_no": 23, "direction": "R to L" }, "geometry": { "type": "Point", "coordinates": [ 76.996788517948204, 8.372608351038032 ] } },
{ "type": "Feature", "properties": { "Label": "STS 01 to 1E35A Lane 1 Truck 1", "New_ID": "474_1", "dist_m": 1422, "time_sec": 237.0, "latitude": 8.372629, "longitude": 76.996771, "bay_no": 0, "direction": "R to L" }, "geometry": { "type": "Point", "coordinates": [ 76.996771343600543, 8.372629397762164 ] } },
{ "type": "Feature", "properties": { "Label": "STS 01 to 1E35A Lane 1 Truck 1", "New_ID": "475_1", "dist_m": 1425, "time_sec": 237.5, "latitude": 8.37265, "longitude": 76.996754, "bay_no": 25, "direction": "R to L" }, "geometry": { "type": "Point", "coordinates": [ 76.996754169251133, 8.372650444485963 ] } },
{ "type": "Feature", "properties": { "Label": "STS 01 to 1E35A Lane 1 Truck 1", "New_ID": "476_1", "dist_m": 1428, "time_sec": 238.0, "latitude": 8.372671, "longitude": 76.996737, "bay_no": 0, "direction": "R to L" }, "geometry": { "type": "Point", "coordinates": [ 76.99673699489999, 8.372671491209427 ] } },
{ "type": "Feature", "properties": { "Label": "STS 01 to 1E35A Lane 1 Truck 1", "New_ID": "477_1", "dist_m": 1431, "time_sec": 238.5, "latitude": 8.372693, "longitude": 76.99672, "bay_no": 27, "direction": "R to L" }, "geometry": { "type": "Point", "coordinates": [ 76.996719820547042, 8.372692537932556 ] } },
{ "type": "Feature", "properties": { "Label": "STS 01 to 1E35A Lane 1 Truck 1", "New_ID": "478_1", "dist_m": 1434, "time_sec": 239.0, "latitude": 8.372714, "longitude": 76.996703, "bay_no": 0, "direction": "R to L" }, "geometry": { "type": "Point", "coordinates": [ 76.996702646192389, 8.372713584655349 ] } },
{ "type": "Feature", "properties": { "Label": "STS 01 to 1E35A Lane 1 Truck 1", "New_ID": "479_1", "dist_m": 1437, "time_sec": 239.5, "latitude": 8.372735, "longitude": 76.996685, "bay_no": 29, "direction": "R to L" }, "geometry": { "type": "Point", "coordinates": [ 76.996685471835931, 8.372734631377806 ] } },
{ "type": "Feature", "properties": { "Label": "STS 01 to 1E35A Lane 1 Truck 1", "New_ID": "480_1", "dist_m": 1440, "time_sec": 240.0, "latitude": 8.372756, "longitude": 76.996668, "bay_no": 0, "direction": "R to L" }, "geometry": { "type": "Point", "coordinates": [ 76.996668297477754, 8.372755678099931 ] } },
{ "type": "Feature", "properties": { "Label": "STS 01 to 1E35A Lane 1 Truck 1", "New_ID": "481_1", "dist_m": 1443, "time_sec": 240.5, "latitude": 8.372777, "longitude": 76.996651, "bay_no": 0, "direction": "R to L" }, "geometry": { "type": "Point", "coordinates": [ 76.9966511231178, 8.372776724821717 ] } },
{ "type": "Feature", "properties": { "Label": "STS 01 to 1E35A Lane 1 Truck 1", "New_ID": "482_1", "dist_m": 1446, "time_sec": 241.0, "latitude": 8.372798, "longitude": 76.996634, "bay_no": 31, "direction": "R to L" }, "geometry": { "type": "Point", "coordinates": [ 76.996633948756099, 8.372797771543171 ] } },
{ "type": "Feature", "properties": { "Label": "STS 01 to 1E35A Lane 1 Truck 1", "New_ID": "483_1", "dist_m": 1449, "time_sec": 241.5, "latitude": 8.372819, "longitude": 76.996617, "bay_no": 0, "direction": "R to L" }, "geometry": { "type": "Point", "coordinates": [ 76.996616774392649, 8.372818818264289 ] } },
{ "type": "Feature", "properties": { "Label": "STS 01 to 1E35A Lane 1 Truck 1", "New_ID": "484_1", "dist_m": 1452, "time_sec": 242.0, "latitude": 8.37284, "longitude": 76.9966, "bay_no": 33, "direction": "R to L" }, "geometry": { "type": "Point", "coordinates": [ 76.996599600027437, 8.372839864985073 ] } },
{ "type": "Feature", "properties": { "Label": "STS 01 to 1E35A Lane 1 Truck 1", "New_ID": "485_1", "dist_m": 1455, "time_sec": 242.5, "latitude": 8.372861, "longitude": 76.996582, "bay_no": 0, "direction": "R to L" }, "geometry": { "type": "Point", "coordinates": [ 76.996582425660449, 8.372860911705521 ] } },
{ "type": "Feature", "properties": { "Label": "STS 01 to 1E35A Lane 1 Truck 1", "New_ID": "486_1", "dist_m": 1458, "time_sec": 243.0, "latitude": 8.372882, "longitude": 76.996565, "bay_no": 35, "direction": "R to L" }, "geometry": { "type": "Point", "coordinates": [ 76.996565251291727, 8.372881958425634 ] } },
{ "type": "Feature", "properties": { "Label": "STS 01 to 1E35A Lane 1 Truck 1", "New_ID": "299_1_1", "dist_m": 898, "time_sec": 149.7, "latitude": 8.369236, "longitude": 76.996827, "bay_no": 0, "direction": "D to U" }, "geometry": { "type": "Point", "coordinates": [ 76.996827069821819, 8.369235817725116 ] } },
{ "type": "Feature", "properties": { "Label": "STS 01 to 1E35A Lane 1 Truck 1", "New_ID": "434_1_1", "dist_m": 1303, "time_sec": 217.3, "latitude": 8.371798, "longitude": 76.99745, "bay_no": 0, "direction": "D to U" }, "geometry": { "type": "Point", "coordinates": [ 76.997449693963745, 8.371798094837516 ] } }
]
}
