{
  "assetId": 165,
  "emissions": {
    "active": [
      {
        "date": "2025-03-10",
        "totalActiveHours": 1.05,
        "engineLoadPercent": 35,
        "CO2_percent": 3.8,
        "CO_percent": 0.02298,
        "HC_ppm": 2.88,
        "NO_ppm": 309.6,
        "NO2_ppm": 36.3,
        "NOx_ppm": 346,
        "PM_ug_per_m3": 6856,
        "PN_num_per_cm3": 1.65e7,
        "CO2_kg_per_hr": 7.77,
        "CO_g_per_hr": 34.04,
        "HC_g_per_hr": 0.65,
        "NO_g_per_hr": 61.8,
        "NO2_g_per_hr": 7.7,
        "NOx_g_per_hr": 69,
        "PM_g_per_hr": 0.838,
        "PN_num_per_hr": 1.98e15,
        "CO2_kg_per_gal_fuel": 8.2,
        "CO_g_per_gal_fuel": 35.89,
        "HC_g_per_gal_fuel": 0.68,
        "NO_g_per_gal_fuel": 65.2,
        "NO2_g_per_gal_fuel": 8.1,
        "NOx_g_per_gal_fuel": 73,
        "PM_g_per_gal_fuel": 0.88,
        "PN_num_per_gal_fuel": 2.08e15
      },
      {
        "date": "2025-03-11",
        "totalActiveHours": 1.21,
        "engineLoadPercent": 36,
        "CO2_percent": 3.95,
        "CO_percent": 0.01835,
        "HC_ppm": 2.13,
        "NO_ppm": 301.9,
        "NO2_ppm": 33.8,
        "NOx_ppm": 336,
        "PM_ug_per_m3": 7917,
        "PN_num_per_cm3": 1.71e7,
        "CO2_kg_per_hr": 8.19,
        "CO_g_per_hr": 24.61,
        "HC_g_per_hr": 0.42,
        "NO_g_per_hr": 54.4,
        "NO2_g_per_hr": 6.7,
        "NOx_g_per_hr": 61,
        "PM_g_per_hr": 1.104,
        "PN_num_per_hr": 1.89e15,
        "CO2_kg_per_gal_fuel": 8.1,
        "CO_g_per_gal_fuel": 24.48,
        "HC_g_per_gal_fuel": 0.41,
        "NO_g_per_gal_fuel": 54.1,
        "NO2_g_per_gal_fuel": 6.6,
        "NOx_g_per_gal_fuel": 61,
        "PM_g_per_gal_fuel": 1.1,
        "PN_num_per_gal_fuel": 1.88e15
      },
      {
        "date": "2025-03-12",
        "totalActiveHours": 0.48,
        "engineLoadPercent": 35,
        "CO2_percent": 4.13,
        "CO_percent": 0.02594,
        "HC_ppm": 4.7,
        "NO_ppm": 338.6,
        "NO2_ppm": 39.2,
        "NOx_ppm": 378,
        "PM_ug_per_m3": 8515,
        "PN_num_per_cm3": 1.62e7,
        "CO2_kg_per_hr": 6.73,
        "CO_g_per_hr": 26.6,
        "HC_g_per_hr": 0.71,
        "NO_g_per_hr": 52.7,
        "NO2_g_per_hr": 6.3,
        "NOx_g_per_hr": 59,
        "PM_g_per_hr": 0.873,
        "PN_num_per_hr": 1.37e15,
        "CO2_kg_per_gal_fuel": 8.4,
        "CO_g_per_gal_fuel": 33.15,
        "HC_g_per_gal_fuel": 0.89,
        "NO_g_per_gal_fuel": 65.6,
        "NO2_g_per_gal_fuel": 7.9,
        "NOx_g_per_gal_fuel": 74,
        "PM_g_per_gal_fuel": 1.09,
        "PN_num_per_gal_fuel": 1.71e15
      }
    ],
    "idle": [
      {
        "date": "2025-03-10",
        "totalIdleHours": 2.02,
        "engineLoadPercent": 25,
        "CO2_percent": 2.68,
        "CO_percent": 0.01649,
        "HC_ppm": 3.55,
        "NO_ppm": 302.4,
        "NO2_ppm": 38.6,
        "NOx_ppm": 341,
        "PM_ug_per_m3": 4606,
        "PN_num_per_cm3": 1.33e7,
        "CO2_kg_per_hr": 2.24,
        "CO_g_per_hr": 9.07,
        "HC_g_per_hr": 0.31,
        "NO_g_per_hr": 26.7,
        "NO2_g_per_hr": 3.5,
        "NOx_g_per_hr": 30,
        "PM_g_per_hr": 0.208,
        "PN_num_per_hr": 6.3e14,
        "CO2_kg_per_gal_fuel": 8.5,
        "CO_g_per_gal_fuel": 34.5,
        "HC_g_per_gal_fuel": 1.17,
        "NO_g_per_gal_fuel": 101.4,
        "NO2_g_per_gal_fuel": 13.2,
        "NOx_g_per_gal_fuel": 115,
        "PM_g_per_gal_fuel": 0.79,
        "PN_num_per_gal_fuel": 2.39e15
      },
      {
        "date": "2025-03-11",
        "totalIdleHours": 2.71,
        "engineLoadPercent": 21,
        "CO2_percent": 2.3,
        "CO_percent": 0.01045,
        "HC_ppm": 1.99,
        "NO_ppm": 267.3,
        "NO2_ppm": 32.8,
        "NOx_ppm": 300,
        "PM_ug_per_m3": 3912,
        "PN_num_per_cm3": 1.31e7,
        "CO2_kg_per_hr": 1.91,
        "CO_g_per_hr": 5.57,
        "HC_g_per_hr": 0.17,
        "NO_g_per_hr": 23.0,
        "NO2_g_per_hr": 2.8,
        "NOx_g_per_hr": 26,
        "PM_g_per_hr": 0.188,
        "PN_num_per_hr": 6.02e14,
        "CO2_kg_per_gal_fuel": 9.0,
        "CO_g_per_gal_fuel": 26.24,
        "HC_g_per_gal_fuel": 0.78,
        "NO_g_per_gal_fuel": 108.5,
        "NO2_g_per_gal_fuel": 13.3,
        "NOx_g_per_gal_fuel": 122,
        "PM_g_per_gal_fuel": 0.88,
        "PN_num_per_gal_fuel": 2.84e15
      },
      {
        "date": "2025-03-12",
        "totalIdleHours": 1.73,
        "engineLoadPercent": 22,
        "CO2_percent": 2.39,
        "CO_percent": 0.01461,
        "HC_ppm": 1.81,
        "NO_ppm": 267.1,
        "NO2_ppm": 36.4,
        "NOx_ppm": 304,
        "PM_ug_per_m3": 3733,
        "PN_num_per_cm3": 1.34e7,
        "CO2_kg_per_hr": 1.96,
        "CO_g_per_hr": 7.59,
        "HC_g_per_hr": 0.15,
        "NO_g_per_hr": 22.8,
        "NO2_g_per_hr": 3.1,
        "NOx_g_per_hr": 26,
        "PM_g_per_hr": 0.173,
        "PN_num_per_hr": 6.04e14,
        "CO2_kg_per_gal_fuel": 9.1,
        "CO_g_per_gal_fuel": 35.03,
        "HC_g_per_gal_fuel": 0.7,
        "NO_g_per_gal_fuel": 105.3,
        "NO2_g_per_gal_fuel": 14.3,
        "NOx_g_per_gal_fuel": 120,
        "PM_g_per_gal_fuel": 0.8,
        "PN_num_per_gal_fuel": 2.79e15
      }
    ]
  }
}
