{
  "assetId": 223,
  "emissions": {
    "active": [
      {
        "date": "2025-03-04",
        "totalActiveHours": 0.35,
        "engineLoadPercent": 52,
        "CO2_percent": 6.01,
        "CO_percent": 0.0014,
        "HC_ppm": 0.94,
        "NO_ppm": 63,
        "NO2_ppm": 20.6,
        "NOx_ppm": 84,
        "PM_ug_per_m3": 2079,
        "PN_num_per_cm3": 6.98e6,
        "CO2_kg_per_hr": 38.71,
        "CO_g_per_hr": 5.74,
        "HC_g_per_hr": 0.73,
        "NO_g_per_hr": 40.6,
        "NO2_g_per_hr": 14.8,
        "NOx_g_per_hr": 55,
        "PM_g_per_hr": 0.813,
        "PN_num_per_hr": 2.48e15,
        "CO2_kg_per_gal_fuel": 11.8,
        "CO_g_per_gal_fuel": 1.75,
        "HC_g_per_gal_fuel": 0.22,
        "NO_g_per_gal_fuel": 12.4,
        "NO2_g_per_gal_fuel": 4.5,
        "NOx_g_per_gal_fuel": 17,
        "PM_g_per_gal_fuel": 0.25,
        "PN_num_per_gal_fuel": 7.56e14
      },
      {
        "date": "2025-03-05",
        "totalActiveHours": 1.35,
        "engineLoadPercent": 41,
        "CO2_percent": 5.17,
        "CO_percent": 0.0033,
        "HC_ppm": 2.02,
        "NO_ppm": 84,
        "NO2_ppm": 11.5,
        "NOx_ppm": 96,
        "PM_ug_per_m3": 1200,
        "PN_num_per_cm3": 5.52e6,
        "CO2_kg_per_hr": 24.09,
        "CO_g_per_hr": 9.17,
        "HC_g_per_hr": 0.85,
        "NO_g_per_hr": 37.0,
        "NO2_g_per_hr": 4.9,
        "NOx_g_per_hr": 42,
        "PM_g_per_hr": 0.324,
        "PN_num_per_hr": 1.41e15,
        "CO2_kg_per_gal_fuel": 10.8,
        "CO_g_per_gal_fuel": 4.12,
        "HC_g_per_gal_fuel": 0.38,
        "NO_g_per_gal_fuel": 16.6,
        "NO2_g_per_gal_fuel": 2.2,
        "NOx_g_per_gal_fuel": 19,
        "PM_g_per_gal_fuel": 0.15,
        "PN_num_per_gal_fuel": 6.34e14
      },
      {
        "date": "2025-03-06",
        "totalActiveHours": 0.55,
        "engineLoadPercent": 35,
        "CO2_percent": 4.51,
        "CO_percent": 0.0024,
        "HC_ppm": 0.15,
        "NO_ppm": 272,
        "NO2_ppm": 9.8,
        "NOx_ppm": 282,
        "PM_ug_per_m3": 1787,
        "PN_num_per_cm3": 4.55e6,
        "CO2_kg_per_hr": 15.04,
        "CO_g_per_hr": 3.69,
        "HC_g_per_hr": 0.06,
        "NO_g_per_hr": 86.1,
        "NO2_g_per_hr": 3.4,
        "NOx_g_per_hr": 89,
        "PM_g_per_hr": 0.332,
        "PN_num_per_hr": 8.29e14,
        "CO2_kg_per_gal_fuel": 10.3,
        "CO_g_per_gal_fuel": 2.53,
        "HC_g_per_gal_fuel": 0.04,
        "NO_g_per_gal_fuel": 59.1,
        "NO2_g_per_gal_fuel": 2.3,
        "NOx_g_per_gal_fuel": 61,
        "PM_g_per_gal_fuel": 0.23,
        "PN_num_per_gal_fuel": 5.69e14
      },
      {
        "date": "2025-03-07",
        "totalActiveHours": 0.51,
        "engineLoadPercent": 33,
        "CO2_percent": 4.38,
        "CO_percent": -0.0005,
        "HC_ppm": 1.72,
        "NO_ppm": 321,
        "NO2_ppm": 13.8,
        "NOx_ppm": 335,
        "PM_ug_per_m3": 1693,
        "PN_num_per_cm3": 5.52e6,
        "CO2_kg_per_hr": 14.0,
        "CO_g_per_hr": -0.84,
        "HC_g_per_hr": 0.52,
        "NO_g_per_hr": 99.4,
        "NO2_g_per_hr": 4.3,
        "NOx_g_per_hr": 104,
        "PM_g_per_hr": 0.302,
        "PN_num_per_hr": 1.0e15,
        "CO2_kg_per_gal_fuel": 10.6,
        "CO_g_per_gal_fuel": -0.64,
        "HC_g_per_gal_fuel": 0.39,
        "NO_g_per_gal_fuel": 75.1,
        "NO2_g_per_gal_fuel": 3.3,
        "NOx_g_per_gal_fuel": 78,
        "PM_g_per_gal_fuel": 0.23,
        "PN_num_per_gal_fuel": 7.58e14
      }
    ],
    "idle": [
      {
        "date": "2025-03-04",
        "totalIdleHours": 0.13,
        "engineLoadPercent": 33,
        "CO2_percent": 4.02,
        "CO_percent": 0.0023,
        "HC_ppm": -0.15,
        "NO_ppm": 107,
        "NO2_ppm": 15.6,
        "NOx_ppm": 123,
        "PM_ug_per_m3": 990,
        "PN_num_per_cm3": 4.62e6,
        "CO2_kg_per_hr": 8.92,
        "CO_g_per_hr": 3.38,
        "HC_g_per_hr": -0.04,
        "NO_g_per_hr": 25.5,
        "NO2_g_per_hr": 3.6,
        "NOx_g_per_hr": 29,
        "PM_g_per_hr": 0.122,
        "PN_num_per_hr": 5.7e14,
        "CO2_kg_per_gal_fuel": 11.1,
        "CO_g_per_gal_fuel": 4.22,
        "HC_g_per_gal_fuel": -0.05,
        "NO_g_per_gal_fuel": 31.8,
        "NO2_g_per_gal_fuel": 4.5,
        "NOx_g_per_gal_fuel": 36,
        "PM_g_per_gal_fuel": 0.15,
        "PN_num_per_gal_fuel": 7.1e14
      },
      {
        "date": "2025-03-05",
        "totalIdleHours": 2.53,
        "engineLoadPercent": 26,
        "CO2_percent": 3.12,
        "CO_percent": 0.0019,
        "HC_ppm": 1.82,
        "NO_ppm": 108,
        "NO2_ppm": 15.6,
        "NOx_ppm": 124,
        "PM_ug_per_m3": 810,
        "PN_num_per_cm3": 3.92e6,
        "CO2_kg_per_hr": 6.69,
        "CO_g_per_hr": 2.69,
        "HC_g_per_hr": 0.4,
        "NO_g_per_hr": 24.2,
        "NO2_g_per_hr": 3.5,
        "NOx_g_per_hr": 28,
        "PM_g_per_hr": 0.095,
        "PN_num_per_hr": 4.66e14,
        "CO2_kg_per_gal_fuel": 11.1,
        "CO_g_per_gal_fuel": 4.46,
        "HC_g_per_gal_fuel": 0.66,
        "NO_g_per_gal_fuel": 40.1,
        "NO2_g_per_gal_fuel": 5.8,
        "NOx_g_per_gal_fuel": 46,
        "PM_g_per_gal_fuel": 0.16,
        "PN_num_per_gal_fuel": 7.74e14
      },
      {
        "date": "2025-03-06",
        "totalIdleHours": 4.28,
        "engineLoadPercent": 25,
        "CO2_percent": 2.89,
        "CO_percent": 0.0051,
        "HC_ppm": 0.04,
        "NO_ppm": 278,
        "NO2_ppm": 7.4,
        "NOx_ppm": 285,
        "PM_ug_per_m3": 1265,
        "PN_num_per_cm3": 3.79e6,
        "CO2_kg_per_hr": 6.23,
        "CO_g_per_hr": 6.9,
        "HC_g_per_hr": 0.01,
        "NO_g_per_hr": 62.0,
        "NO2_g_per_hr": 1.7,
        "NOx_g_per_hr": 64,
        "PM_g_per_hr": 0.151,
        "PN_num_per_hr": 4.54e14,
        "CO2_kg_per_gal_fuel": 11.1,
        "CO_g_per_gal_fuel": 12.27,
        "HC_g_per_gal_fuel": 0.02,
        "NO_g_per_gal_fuel": 110.3,
        "NO2_g_per_gal_fuel": 3.1,
        "NOx_g_per_gal_fuel": 113,
        "PM_g_per_gal_fuel": 0.27,
        "PN_num_per_gal_fuel": 8.09e14
      },
      {
        "date": "2025-03-07",
        "totalIdleHours": 2.38,
        "engineLoadPercent": 26,
        "CO2_percent": 3.06,
        "CO_percent": -0.0004,
        "HC_ppm": 2.11,
        "NO_ppm": 311,
        "NO2_ppm": 14.2,
        "NOx_ppm": 325,
        "PM_ug_per_m3": 1267,
        "PN_num_per_cm3": 4.22e6,
        "CO2_kg_per_hr": 6.6,
        "CO_g_per_hr": -0.54,
        "HC_g_per_hr": 0.45,
        "NO_g_per_hr": 69.9,
        "NO2_g_per_hr": 3.2,
        "NOx_g_per_hr": 73,
        "PM_g_per_hr": 0.152,
        "PN_num_per_hr": 5.05e14,
        "CO2_kg_per_gal_fuel": 10.8,
        "CO_g_per_gal_fuel": -0.89,
        "HC_g_per_gal_fuel": 0.75,
        "NO_g_per_gal_fuel": 114.6,
        "NO2_g_per_gal_fuel": 5.2,
        "NOx_g_per_gal_fuel": 120,
        "PM_g_per_gal_fuel": 0.25,
        "PN_num_per_gal_fuel": 8.27e14
      }
    ]
  }
}
