{
  "assetId": 154,
  "emissions": {
    "active": [
      {
        "date": "2025-03-10",
        "totalActiveHours": 0.93,
        "engineLoadPercent": 57,
        "CO2_percent": 6.37,
        "CO_percent": 0.00305,
        "HC_ppm": 0.39,
        "NO_ppm": 104.2,
        "NO2_ppm": 3.6,
        "NOx_ppm": 108,
        "PM_ug_per_m3": 1800,
        "PN_num_per_cm3": 7.01e6,
        "CO2_kg_per_hr": 82.13,
        "CO_g_per_hr": 24.06,
        "HC_g_per_hr": 0.51,
        "NO_g_per_hr": 138.5,
        "NO2_g_per_hr": 4.9,
        "NOx_g_per_hr": 143,
        "PM_g_per_hr": 1.201,
        "PN_num_per_hr": 4.67e15,
        "CO2_kg_per_gal_fuel": 10.1,
        "CO_g_per_gal_fuel": 2.96,
        "HC_g_per_gal_fuel": 0.06,
        "NO_g_per_gal_fuel": 17.1,
        "NO2_g_per_gal_fuel": 0.6,
        "NOx_g_per_gal_fuel": 18,
        "PM_g_per_gal_fuel": 0.15,
        "PN_num_per_gal_fuel": 5.75e14
      },
      {
        "date": "2025-03-11",
        "totalActiveHours": 1.99,
        "engineLoadPercent": 53,
        "CO2_percent": 6.03,
        "CO_percent": -0.00011,
        "HC_ppm": 0.45,
        "NO_ppm": 26.2,
        "NO2_ppm": 1.1,
        "NOx_ppm": 27,
        "PM_ug_per_m3": 1424,
        "PN_num_per_cm3": 7.06e6,
        "CO2_kg_per_hr": 74.97,
        "CO_g_per_hr": -0.83,
        "HC_g_per_hr": 0.53,
        "NO_g_per_hr": 31.6,
        "NO2_g_per_hr": 1.3,
        "NOx_g_per_hr": 33,
        "PM_g_per_hr": 0.949,
        "PN_num_per_hr": 4.7e15,
        "CO2_kg_per_gal_fuel": 9.7,
        "CO_g_per_gal_fuel": -0.11,
        "HC_g_per_gal_fuel": 0.07,
        "NO_g_per_gal_fuel": 4.1,
        "NO2_g_per_gal_fuel": 0.2,
        "NOx_g_per_gal_fuel": 4,
        "PM_g_per_gal_fuel": 0.12,
        "PN_num_per_gal_fuel": 6.05e14
      },
      {
        "date": "2025-03-12",
        "totalActiveHours": 2.21,
        "engineLoadPercent": 55,
        "CO2_percent": 6.42,
        "CO_percent": 0.00013,
        "HC_ppm": 0.22,
        "NO_ppm": 18.7,
        "NO2_ppm": 0.4,
        "NOx_ppm": 19,
        "PM_ug_per_m3": 1644,
        "PN_num_per_cm3": 7.69e6,
        "CO2_kg_per_hr": 83.91,
        "CO_g_per_hr": 0.63,
        "HC_g_per_hr": 0.28,
        "NO_g_per_hr": 25.7,
        "NO2_g_per_hr": 0.6,
        "NOx_g_per_hr": 26,
        "PM_g_per_hr": 1.088,
        "PN_num_per_hr": 5.13e15,
        "CO2_kg_per_gal_fuel": 10.3,
        "CO_g_per_gal_fuel": 0.08,
        "HC_g_per_gal_fuel": 0.03,
        "NO_g_per_gal_fuel": 3.2,
        "NO2_g_per_gal_fuel": 0.1,
        "NOx_g_per_gal_fuel": 3,
        "PM_g_per_gal_fuel": 0.13,
        "PN_num_per_gal_fuel": 6.32e14
      }
    ],
    "idle": [
      {
        "date": "2025-03-10",
        "totalIdleHours": 4.48,
        "engineLoadPercent": 26,
        "CO2_percent": 3.2,
        "CO_percent": 0.00134,
        "HC_ppm": 0.31,
        "NO_ppm": 162.8,
        "NO2_ppm": 5.2,
        "NOx_ppm": 168,
        "PM_ug_per_m3": 1339,
        "PN_num_per_cm3": 6.12e6,
        "CO2_kg_per_hr": 11.6,
        "CO_g_per_hr": 3.37,
        "HC_g_per_hr": 0.12,
        "NO_g_per_hr": 57.2,
        "NO2_g_per_hr": 2.0,
        "NOx_g_per_hr": 59,
        "PM_g_per_hr": 0.269,
        "PN_num_per_hr": 1.23e15,
        "CO2_kg_per_gal_fuel": 10.2,
        "CO_g_per_gal_fuel": 2.95,
        "HC_g_per_gal_fuel": 0.11,
        "NO_g_per_gal_fuel": 50.1,
        "NO2_g_per_gal_fuel": 1.7,
        "NOx_g_per_gal_fuel": 52,
        "PM_g_per_gal_fuel": 0.24,
        "PN_num_per_gal_fuel": 1.08e15
      },
      {
        "date": "2025-03-11",
        "totalIdleHours": 3.15,
        "engineLoadPercent": 26,
        "CO2_percent": 3.44,
        "CO_percent": -0.00013,
        "HC_ppm": 0.34,
        "NO_ppm": 134.3,
        "NO2_ppm": 3.8,
        "NOx_ppm": 138,
        "PM_ug_per_m3": 1288,
        "PN_num_per_cm3": 6.86e6,
        "CO2_kg_per_hr": 12.73,
        "CO_g_per_hr": -0.38,
        "HC_g_per_hr": 0.12,
        "NO_g_per_hr": 48.7,
        "NO2_g_per_hr": 1.4,
        "NOx_g_per_hr": 50,
        "PM_g_per_hr": 0.267,
        "PN_num_per_hr": 1.4e15,
        "CO2_kg_per_gal_fuel": 10.6,
        "CO_g_per_gal_fuel": -0.32,
        "HC_g_per_gal_fuel": 0.1,
        "NO_g_per_gal_fuel": 40.7,
        "NO2_g_per_gal_fuel": 1.2,
        "NOx_g_per_gal_fuel": 42,
        "PM_g_per_gal_fuel": 0.22,
        "PN_num_per_gal_fuel": 1.17e15
      },
      {
        "date": "2025-03-12",
        "totalIdleHours": 1.51,
        "engineLoadPercent": 30,
        "CO2_percent": 3.81,
        "CO_percent": -0.0002,
        "HC_ppm": 0.33,
        "NO_ppm": 104.2,
        "NO2_ppm": 6.6,
        "NOx_ppm": 111,
        "PM_ug_per_m3": 1709,
        "PN_num_per_cm3": 7.74e6,
        "CO2_kg_per_hr": 15.37,
        "CO_g_per_hr": -0.52,
        "HC_g_per_hr": 0.13,
        "NO_g_per_hr": 43.5,
        "NO2_g_per_hr": 2.8,
        "NOx_g_per_hr": 46,
        "PM_g_per_hr": 0.379,
        "PN_num_per_hr": 1.73e15,
        "CO2_kg_per_gal_fuel": 9.9,
        "CO_g_per_gal_fuel": -0.34,
        "HC_g_per_gal_fuel": 0.09,
        "NO_g_per_gal_fuel": 28.2,
        "NO2_g_per_gal_fuel": 1.8,
        "NOx_g_per_gal_fuel": 30,
        "PM_g_per_gal_fuel": 0.25,
        "PN_num_per_gal_fuel": 1.12e15
      }
    ]
  }
}
