{
"type": "FeatureCollection",
"name": "container_yards_point",
"crs": { "type": "name", "properties": { "name": "urn:ogc:def:crs:OGC:1.3:CRS84" } },
"features": [
{ "type": "Feature", "properties": { "ID": "3A" }, "geometry": { "type": "Point", "coordinates": [ 76.998700014997553, 8.367457559451168 ] } },
{ "type": "Feature", "properties": { "ID": "3B" }, "geometry": { "type": "Point", "coordinates": [ 76.999088615452649, 8.367780764984332 ] } },
{ "type": "Feature", "properties": { "ID": "3D" }, "geometry": { "type": "Point", "coordinates": [ 76.999827867523663, 8.368395841859524 ] } },
{ "type": "Feature", "properties": { "ID": "3E" }, "geometry": { "type": "Point", "coordinates": [ 77.000225759497255, 8.368726860468882 ] } },
{ "type": "Feature", "properties": { "ID": null }, "geometry": { "type": "Point", "coordinates": [ 77.000587518913619, 8.36902806528542 ] } },
{ "type": "Feature", "properties": { "ID": "2A" }, "geometry": { "type": "Point", "coordinates": [ 76.99696668778023, 8.369581704743098 ] } },
{ "type": "Feature", "properties": { "ID": "2B" }, "geometry": { "type": "Point", "coordinates": [ 76.997355241680566, 8.369904951666456 ] } },
{ "type": "Feature", "properties": { "ID": "2D" }, "geometry": { "type": "Point", "coordinates": [ 76.998094538661292, 8.370519989152911 ] } },
{ "type": "Feature", "properties": { "ID": "2E" }, "geometry": { "type": "Point", "coordinates": [ 76.998492432272315, 8.37085100575581 ] } },
{ "type": "Feature", "properties": { "ID": null }, "geometry": { "type": "Point", "coordinates": [ 76.998854282540549, 8.371152281910497 ] } },
{ "type": "Feature", "properties": { "ID": "1A" }, "geometry": { "type": "Point", "coordinates": [ 76.995214557663076, 8.37172889249922 ] } },
{ "type": "Feature", "properties": { "ID": "1B" }, "geometry": { "type": "Point", "coordinates": [ 76.995603095278284, 8.372052150772618 ] } },
{ "type": "Feature", "properties": { "ID": "1D" }, "geometry": { "type": "Point", "coordinates": [ 76.996342406891756, 8.372667178897302 ] } },
{ "type": "Feature", "properties": { "ID": "1E" }, "geometry": { "type": "Point", "coordinates": [ 76.99674030050295, 8.372998195500145 ] } },
{ "type": "Feature", "properties": { "ID": null }, "geometry": { "type": "Point", "coordinates": [ 76.997102229615052, 8.373299548337684 ] } },
{ "type": "Feature", "properties": { "ID": "1C" }, "geometry": { "type": "Point", "coordinates": [ 76.995953981878984, 8.37234383713826 ] } },
{ "type": "Feature", "properties": { "ID": "2C" }, "geometry": { "type": "Point", "coordinates": [ 76.997705996238665, 8.370196751969559 ] } },
{ "type": "Feature", "properties": { "ID": "3C" }, "geometry": { "type": "Point", "coordinates": [ 76.99943931965413, 8.368072601617484 ] } }
]
}
