{
    "version": 8,
    "name": "Custom Map Style",
    "center": [76.9968, 8.3722],
    "zoom": 14,
    "sources": {
      "simple-tiles": {
        "type": "raster",
        "tiles": ["https://a.tile.openstreetmap.org/{z}/{x}/{y}.png"],
        "tileSize": 256
      },
      "RoadPolygon": {
        "type": "geojson",
        "data": "/geojson/road_polygon.json"
      },
      "RFIDReader": {
        "type": "geojson",
        "data": "/geojson/RFID_Readers.json"
      },
      "points": {
        "type": "geojson",
        "data": "/geojson/point_features.json"
      },
      "Contaners": {
        "type": "geojson",
        "data": "/geojson/container_polygon.json"
      },
      "ContainerLocation": {
        "type": "geojson",
        "data": "/geojson/container_location_polygon.json"
      },
      "RoadCenterLine": {
        "type": "geojson",
        "data": "/geojson/road_centerline.json"
      },
      "RoadPolyLine": {
        "type": "geojson",
        "data": "/geojson/road_polyline.json"
      }
    },
    "layers": [
      {
        "id": "base-map",
        "type": "raster",
        "source": "simple-tiles"
      },
      {
        "id": "Contaners-layer",
        "type": "fill",
        "source": "Contaners",
        "paint": {
          "fill-color": "#e5ff00",
          "fill-opacity": 0.5
        },
        "layout": {
          "visibility": "visible"
        },
        
        "maxzoom": 17
      },
      {
        "id": "ContainerLocation-layer",
        "type": "line",
        "source": "ContainerLocation",
        "paint": {
          "line-color": "#a600ff",
          "line-width": 2
        },
        "layout": {
          "visibility": "visible"
        },
        "maxzoom": 20
      },
      {
        "id": "RoadPolygon-layer",
        "type": "fill",
        "source": "RoadPolygon",
        "paint": {
          "fill-color": "#ff9d00",
          "fill-opacity": 0.7
        },
        "layout": {
          "visibility": "visible"
        },
        "maxzoom": 17
      },
      {
        "id": "RoadPolyLine-layer",
        "type": "line",
        "source": "RoadPolyLine",
        "paint": {
          "line-color": "#ff7b00",
          "line-width": 2
        },
        "layout": {
          "visibility": "visible"
        },
        "minzoom": 17
      },
      {
        "id": "RoadCenterLine-layer",
        "type": "line",
        "source": "RoadCenterLine",
        "paint": {
          "line-color": "#ff5733",
          "line-width": 2
        },
        "layout": {
          "visibility": "none"
        },
        "minzoom": 18,
        "maxzoom": 22
      },
      {
        "id": "RFIDReader-layer",
        "type": "circle",
        "source": "RFIDReader",
        "paint": {
          "circle-color": "#2e86c1",
          "circle-radius": 6
        },
        "layout": {
          "visibility": "visible"
        }
      },
      {
        "id": "points-layer",
        "type": "circle",
        "source": "points",
        "paint": {
          "circle-color": "#ff0000",
          "circle-radius": 6
        },
        "layout": {
          "visibility": "none"
        },
        "minzoom": 20
      }
    ],
    "glyphs": "https://demotiles.maplibre.org/font/{fontstack}/{range}.pbf"
  }
  